time_h,avg_ns
0.000009313,335.271
0.000018640,335.758
0.000027993,336.728
0.000037316,335.603
0.000046633,335.424
0.000055931,334.749
0.000065229,334.714
0.000074524,334.633
0.000083878,336.714
0.000093173,334.637
0.000102494,335.560
0.000111794,334.791
0.000121116,335.598
0.000130413,334.704
0.000139712,334.741
0.000149010,334.729
0.000158320,335.184
0.000167649,335.810
0.000177007,336.890
0.000186333,335.766
0.000195657,335.656
0.000204953,334.647
0.000214280,335.758
0.000223575,334.646
0.000232909,336.011
0.000242260,336.638
0.000251558,334.720
0.000260883,335.700
0.000270210,335.798
0.000279508,334.706
0.000288833,335.693
0.000298140,335.061
0.000307435,334.633
0.000316736,334.813
0.000326031,334.628
0.000335328,334.706
0.000344654,335.743
0.000353950,334.656
0.000363296,336.434
0.000372620,335.689
0.000381944,335.659
0.000391278,336.018
0.000400578,334.806
0.000409874,334.644
0.000419171,334.706
0.000428505,336.020
0.000437855,336.576
0.000447183,335.803
0.000456478,334.642
0.000465777,334.753
0.000475101,335.680
0.000484399,334.717
0.000493694,334.639
0.000502995,334.813
0.000512315,335.524
0.000521613,334.718
0.000530940,335.783
0.000540236,334.644
0.000549533,334.716
0.000558858,335.686
0.000568155,334.710
0.000577451,334.634
0.000586751,334.807
0.000596048,334.693
0.000605373,335.686
0.000614670,334.709
0.000623985,335.323
0.000633292,335.071
0.000642590,334.713
0.000651909,335.480
0.000661209,334.800
0.000670504,334.644
0.000679801,334.697
0.000689126,335.691
0.000698424,334.714
0.000707746,335.609
0.000717059,335.253
0.000726370,335.213
0.000735668,334.731
0.000744995,335.750
0.000754291,334.652
0.000763591,334.815
0.000772913,335.588
0.000782213,334.816
0.000791538,335.695
0.000800860,335.595
0.000810156,334.633
0.000819456,334.822
0.000828766,335.156
0.000838084,335.451
0.000847411,335.764
0.000856733,335.589
0.000866057,335.663
0.000875362,334.986
0.000884686,335.668
0.000893982,334.631
0.000903282,334.814
0.000912579,334.698
0.000921904,335.691
0.000931202,334.716
0.000940497,334.640
0.000949797,334.810
0.000959117,335.505
0.000968436,335.467
0.000977769,336.010
0.000987065,334.668
0.000996389,335.657
0.001005719,335.863
0.001015017,334.740
0.001024324,335.061
0.001033654,335.856
0.001042966,335.252
0.001052264,334.722
0.001061564,334.792
0.001070878,335.300
0.001080179,334.853
0.001089501,335.585
0.001098799,334.719
0.001108123,335.683
0.001117421,334.710
0.001126716,334.631
0.001136022,334.999
0.001145359,336.142
0.001154681,335.596
0.001163985,334.926
0.001173316,335.931
0.001182640,335.663
0.001191938,334.732
0.001201248,335.140
0.001210543,334.656
0.001219898,336.779
0.001229197,334.738
0.001238524,335.784
0.001247833,335.129
0.001257129,334.642
0.001266483,336.745
0.001275781,334.741
0.001285081,334.789
0.001294408,335.793
0.001303752,336.360
0.001313074,335.584
0.001322372,334.745
0.001331689,335.392
0.001341010,335.589
0.001350337,335.761
0.001359668,335.927
0.001368969,334.815
0.001378266,334.702
0.001387562,334.646
0.001396862,334.808
0.001406193,335.928
0.001415491,334.716
0.001424816,335.689
0.001434113,334.716
0.001443409,334.637
0.001452709,334.811
0.001462006,334.692
0.001471302,334.643
0.001480630,335.825
0.001489928,334.710
0.001499252,335.662
0.001508576,335.688
0.001517912,336.070
0.001527220,335.107
0.001536577,336.832
0.001545876,334.767
0.001555210,336.021
0.001564549,336.200
0.001573845,334.671
0.001583164,335.497
0.001592460,334.655
0.001601822,337.009
0.001611149,335.777
0.001620444,334.645
0.001629745,334.816
0.001639040,334.637
0.001648364,335.666
0.001657697,335.957
0.001667005,335.119
0.001676327,335.587
0.001685654,335.767
0.001694951,334.696
0.001704247,334.641
0.001713551,334.961
0.001722847,334.633
0.001732144,334.707
0.001741472,335.789
0.001750816,336.383
0.001760111,334.636
0.001769414,334.924
0.001778712,334.705
0.001788037,335.695
0.001797334,334.713
0.001806630,334.636
0.001815957,335.783
0.001825264,335.052
0.001834562,334.738
0.001843862,334.807
0.001853171,335.103
0.001862495,335.653
0.001871819,335.691
0.001881117,334.720
0.001890439,335.594
0.001899740,334.819
0.001909051,335.210
0.001918375,335.665
0.001927675,334.794
0.001936988,335.286
0.001946315,335.760
0.001955647,335.958
0.001964945,334.714
0.001974243,334.732
0.001983541,334.714
0.001992863,335.589
0.002002189,335.768
0.002011489,334.789
0.002020811,335.603
0.002030138,335.768
0.002039449,335.192
0.002048758,335.118
0.002058083,335.683
0.002067397,335.324
0.002076693,334.633
0.002086044,336.637
0.002095344,334.799
0.002104642,334.753
0.002113952,335.154
0.002123248,334.644
0.002132575,335.799
0.002141883,335.087
0.002151181,334.719
0.002160481,334.799
0.002169777,334.647
0.002179074,334.701
0.002188425,336.641
0.002197738,335.273
0.002207060,335.592
0.002216361,334.816
0.002225656,334.632
0.002234954,334.712
0.002244253,334.790
0.002253552,334.731
0.002262853,334.847
0.002272175,335.586
0.002281508,336.014
0.002290807,334.730
0.002300131,335.667
0.002309428,334.712
0.002318729,334.830
0.002328026,334.703
0.002337348,335.593
0.002346681,335.994
0.002356019,336.163
0.002365317,334.713
0.002374622,334.994
0.002383940,335.431
0.002393241,334.836
0.002402563,335.594
0.002411860,334.704
0.002421158,334.734
0.002430456,334.719
0.002439751,334.632
0.002449052,334.813
0.002458347,334.634
0.002467645,334.719
0.002476945,334.792
0.002486254,335.132
0.002495551,334.701
0.002504878,335.766
0.002514197,335.470
0.002523530,335.988
0.002532857,335.771
0.002542169,335.263
0.002551470,334.810
0.002560793,335.646
0.002570108,335.324
0.002579410,334.871
0.002588741,335.929
0.002598054,335.251
0.002607378,335.689
0.002616676,334.712
0.002625998,335.587
0.002635325,335.764
0.002644646,335.585
0.002653943,334.674
0.002663247,334.944
0.002672545,334.728
0.002681843,334.749
0.002691142,334.741
0.002700458,335.378
0.002709784,335.752
0.002719090,335.006
0.002728387,334.694
0.002737686,334.743
0.002746986,334.814
0.002756308,335.594
0.002765609,334.823
0.002774917,335.106
0.002784215,334.723
0.002793515,334.796
0.002802811,334.646
0.002812120,335.135
0.002821418,334.739
0.002830742,335.667
0.002840063,335.551
0.002849390,335.771
0.002858685,334.631
0.002867986,334.814
0.002877336,336.599
0.002886677,336.300
0.002895978,334.803
0.002905273,334.637
0.002914618,336.435
0.002923917,334.737
0.002933215,334.743
0.002942537,335.593
0.002951838,334.818
0.002961156,335.448
0.002970478,335.604
0.002979778,334.808
0.002989083,334.960
0.002998408,335.706
0.003007730,335.589
0.003017028,334.754
0.003026329,334.826
0.003035662,335.999
0.003044960,334.730
0.003054286,335.721
0.003063620,336.017
0.003072942,335.612
0.003082243,334.837
0.003091580,336.116
0.003100904,335.664
0.003110257,336.694
0.003119596,336.217
0.003128905,335.137
0.003138201,334.645
0.003147499,334.720
0.003156800,334.842
0.003166134,336.023
0.003175429,334.631
0.003184730,334.818
0.003194054,335.657
0.003203373,335.484
0.003212700,335.798
0.003222011,335.177
0.003231312,334.835
0.003240611,334.771
0.003249909,334.725
0.003259204,334.638
0.003268531,335.769
0.003277828,334.701
0.003287153,335.694
0.003296461,335.059
0.003305783,335.592
0.003315117,336.040
0.003324413,334.640
0.003333710,334.723
0.003343010,334.794
0.003352306,334.640
0.003361625,335.486
0.003370923,334.739
0.003380221,334.721
0.003389566,336.435
0.003398867,334.818
0.003408162,334.632
0.003417496,336.016
0.003426822,335.744
0.003436144,335.598
0.003445506,337.017
0.003454801,334.638
0.003464099,334.715
0.003473423,335.679
0.003482724,334.821
0.003492029,334.977
0.003501335,335.028
0.003510659,335.656
0.003519955,334.640
0.003529255,334.810
0.003538550,334.637
0.003547860,335.139
0.003557165,334.981
0.003566489,335.671
0.003575784,334.632
0.003585085,334.821
0.003594382,334.698
0.003603707,335.691
0.003613005,334.721
0.003622300,334.643
0.003631608,335.075
0.003640915,335.036
0.003650239,335.669
0.003659565,335.756
0.003668887,335.591
0.003678184,334.697
0.003687509,335.696
0.003696807,334.715
0.003706127,335.509
0.003715456,335.848
0.003724753,334.717
0.003734078,335.694
0.003743431,336.707
0.003752745,335.314
0.003762075,335.849
0.003771408,336.004
0.003780707,334.753
0.003790058,336.657
0.003799379,335.542
0.003808687,335.099
0.003818014,335.761
0.003827337,335.641
0.003836644,335.047
0.003845979,336.042
0.003855291,335.255
0.003864589,334.713
0.003873940,336.640
0.003883256,335.394
0.003892564,335.063
0.003901886,335.597
0.003911198,335.236
0.003920523,335.696
0.003929847,335.666
0.003939142,334.640
0.003948443,334.819
0.003957760,335.398
0.003967086,335.758
0.003976413,335.757
0.003985725,335.241
0.003995049,335.644
0.004004400,336.645
0.004013698,334.720
0.004022996,334.758
0.004032332,336.091
0.004041628,334.632
0.004050929,334.854
0.004060227,334.711
0.004069523,334.668
0.004078823,334.814
0.004088119,334.641
0.004097416,334.713
0.004106718,334.862
0.004116037,335.474
0.004125332,334.633
0.004134659,335.764
0.004143956,334.699
0.004153262,335.007
0.004162572,335.144
0.004171885,335.278
0.004181238,336.714
0.004190560,335.590
0.004199858,334.718
0.004209160,334.894
0.004218506,336.458
0.004227852,336.457
0.004237177,335.696
0.004246475,334.715
0.004255770,334.633
0.004265073,334.910
0.004274421,336.534
0.004283719,334.718
0.004293046,335.751
0.004302341,334.640
0.004311661,335.513
0.004320957,334.657
0.004330261,334.958
0.004339562,334.808
0.004348887,335.709
0.004358203,335.391
0.004367530,335.771
0.004376880,336.608
0.004386199,335.480
0.004395500,334.805
0.004404810,335.188
0.004414133,335.608
0.004423431,334.731
0.004432729,334.721
0.004442024,334.633
0.004451324,334.813
0.004460655,335.902
0.004469981,335.742
0.004479306,335.682
0.004488628,335.616
0.004497933,334.955
0.004507228,334.644
0.004516527,334.738
0.004525854,335.778
0.004535150,334.652
0.004544457,335.075
0.004553782,335.692
0.004563080,334.714
0.004572404,335.683
0.004581702,334.721
0.004591040,336.166
0.004600352,335.249
0.004609650,334.721
0.004618973,335.605
0.004628273,334.804
0.004637609,336.108
0.004646907,334.718
0.004656205,334.738
0.004665503,334.722
0.004674798,334.634
0.004684099,334.817
0.004693396,334.701
0.004702749,336.720
0.004712057,335.095
0.004721399,336.281
0.004730699,334.823
0.004739995,334.650
0.004749308,335.266
0.004758634,335.750
0.004767943,335.113
0.004777241,334.726
0.004786593,336.655
0.004795938,336.444
0.004805287,336.560
0.004814588,334.822
0.004823910,335.620
0.004833209,334.738
0.004842535,335.751
0.004851850,335.318
0.004861196,336.487
0.004870494,334.721
0.004879793,334.746
0.004889122,335.839
0.004898446,335.679
0.004907742,334.662
0.004917043,334.821
0.004926340,334.701
0.004935659,335.498
0.004944989,335.864
0.004954311,335.594
0.004963635,335.670
0.004972960,335.687
0.004982258,334.728
0.004991558,334.794
0.005000864,335.013
0.005010203,336.227
0.005019504,334.839
0.005028802,334.710
0.005038124,335.582
0.005047424,334.809
0.005056759,336.082
0.005066057,334.715
0.005075383,335.747
0.005084679,334.641
0.005093976,334.696
0.005103301,335.685
0.005112615,335.321
0.005121966,336.632
0.005131273,335.050
0.005140614,336.267
0.005149940,335.766
0.005159239,334.743
0.005168535,334.650
0.005177841,335.033
0.005187165,335.665
0.005196490,335.687
0.005205815,335.688
0.005215134,335.489
0.005224429,334.632
0.005233729,334.807
0.005243046,335.393
0.005252367,335.571
0.005261677,335.154
0.005271008,335.930
0.005280317,335.111
0.005289612,334.634
0.005298936,335.664
0.005308269,335.981
0.005317565,334.649
0.005326862,334.695
0.005336192,335.871
0.005345511,335.503
0.005354872,336.995
0.005364199,335.775
0.005373541,336.289
0.005382839,334.723
0.005392191,336.700
0.005401505,335.302
0.005410806,334.807
0.005420119,335.300
0.005429419,334.772
0.005438725,335.041
0.005448026,334.818
0.005457370,336.390
0.005466671,334.822
0.005475969,334.732
0.005485301,335.946
0.005494601,334.812
0.005503939,336.154
0.005513236,334.711
0.005522561,335.686
0.005531885,335.663
0.005541184,334.791
0.005550489,334.985
0.005559786,334.690
0.005569085,334.736
0.005578382,334.705
0.005587713,335.922
0.005597014,334.814
0.005606332,335.480
0.005615693,336.966
0.005624992,334.791
0.005634288,334.641
0.005643585,334.701
0.005652886,334.844
0.005662184,334.721
0.005671506,335.590
0.005680835,335.856
0.005690149,335.270
0.005699450,334.836
0.005708758,335.099
0.005718054,334.670
0.005727381,335.762
0.005736688,335.042
0.005745985,334.713
0.005755316,335.894
0.005764640,335.669
0.005773935,334.629
0.005783235,334.811
0.005792532,334.698
0.005801867,336.027
0.005811193,335.761
0.005820489,334.640
0.005829786,334.715
0.005839084,334.728
0.005848382,334.718
0.005857708,335.748
0.005867004,334.639
0.005876327,335.642
0.005885626,334.741
0.005894923,334.715
0.005904255,335.931
0.005913608,336.717
0.005922913,334.964
0.005932212,334.770
0.005941565,336.708
0.005950861,334.673
0.005960159,334.717
0.005969486,335.771
0.005978804,335.459
0.005988127,335.621
0.005997428,334.834
0.006006751,335.616
0.006016079,335.834
0.006025428,336.550
0.006034724,334.651
0.006044054,335.902
0.006053350,334.636
0.006062647,334.714
0.006071999,336.639
0.006081323,335.675
0.006090630,335.051
0.006099930,334.815
0.006109227,334.698
0.006118533,335.008
0.006127843,335.149
0.006137165,335.592
0.006146465,334.816
0.006155771,334.995
0.006165091,335.533
0.006174451,336.950
0.006183747,334.652
0.006193044,334.705
0.006202374,335.869
0.006211671,334.714
0.006221006,336.044
0.006230333,335.769
0.006239655,335.591
0.006248953,334.719
0.006258254,334.854
0.006267577,335.608
0.006276904,335.787
0.006286262,336.893
0.006295606,336.384
0.006304904,334.731
0.006314202,334.714
0.006323518,335.395
0.006332850,335.945
0.006342161,335.197
0.006351519,336.893
0.006360819,334.803
0.006370115,334.632
0.006379412,334.715
0.006388737,335.684
0.006398035,334.716
0.006407330,334.635
0.006416633,334.901
0.006425957,335.657
0.006435283,335.757
0.006444581,334.712
0.006453876,334.638
0.006463203,335.766
0.006472498,334.635
0.006481796,334.719
0.006491096,334.786
0.006500405,335.138
0.006509702,334.695
0.006519001,334.738
0.006528317,335.385
0.006537639,335.602
0.006546948,335.107
0.006556263,335.358
0.006565588,335.689
0.006574889,334.829
0.006584184,334.646
0.006593485,334.811
0.006602817,335.971
0.006612130,335.280
0.006621431,334.834
0.006630729,334.724
0.006640025,334.633
0.006649357,335.951
0.006658683,335.737
0.006667991,335.104
0.006677301,335.150
0.006686623,335.598
0.006695921,334.719
0.006705272,336.634
0.006714588,335.378
0.006723941,336.702
0.006733236,334.653
0.006742534,334.700
0.006751858,335.692
0.006761156,334.715
0.006770466,335.167
0.006779767,334.818
0.006789062,334.630
0.006798386,335.671
0.006807686,334.805
0.006816982,334.642
0.006826281,334.749
0.006835579,334.742
0.006844877,334.719
0.006854172,334.631
0.006863474,334.862
0.006872786,335.257
0.006882114,335.794
0.006891438,335.663
0.006900735,334.707
0.006910036,334.835
0.006919343,335.035
0.006928641,334.718
0.006937965,335.680
0.006947289,335.668
0.006956611,335.586
0.006965912,334.817
0.006975209,334.701
0.006984555,336.460
0.006993881,335.753
0.007003203,335.589
0.007012501,334.711
0.007021852,336.634
0.007031150,334.718
0.007040476,335.743
0.007049782,335.027
0.007059079,334.697
0.007068377,334.734
0.007077675,334.713
0.007087015,336.240
0.007096343,335.817
0.007105638,334.625
0.007114960,335.567
0.007124260,334.809
0.007133556,334.680
0.007142881,335.695
0.007152207,335.706
0.007161504,334.719
0.007170838,336.014
0.007180136,334.718
0.007189457,335.584
0.007198758,334.814
0.007208055,334.698
0.007217351,334.647
0.007226651,334.805
0.007235946,334.638
0.007245270,335.660
0.007254568,334.730
0.007263888,335.511
0.007273184,334.638
0.007282510,335.759
0.007291828,335.430
0.007301134,335.034
0.007310461,335.755
0.007319756,334.636
0.007329054,334.713
0.007338378,335.686
0.007347676,334.721
0.007356976,334.792
0.007366283,335.037
0.007375588,334.993
0.007384887,334.775
0.007394192,334.967
0.007403515,335.621
0.007412842,335.781
0.007422138,334.665
0.007431463,335.698
0.007440790,335.755
0.007450086,334.670
0.007459395,335.119
0.007468701,335.023
0.007478046,336.420
0.007487344,334.737
0.007496642,334.723
0.007505938,334.633
0.007515238,334.812
0.007524588,336.598
0.007533884,334.644
0.007543184,334.808
0.007552506,335.583
0.007561830,335.665
0.007571128,334.734
0.007580452,335.672
0.007589787,336.070
0.007599110,335.603
0.007608433,335.652
0.007617784,336.644
0.007627132,336.521
0.007636456,335.670
0.007645780,335.637
0.007655090,335.167
0.007664441,336.647
0.007673741,334.809
0.007683038,334.675
0.007692387,336.578
0.007701686,334.745
0.007710983,334.717
0.007720308,335.682
0.007729606,334.718
0.007738901,334.634
0.007748228,335.762
0.007757525,334.692
0.007766821,334.647
0.007776121,334.805
0.007785416,334.634
0.007794713,334.694
0.007804039,335.725
0.007813364,335.694
0.007822659,334.635
0.007831986,335.786
0.007841284,334.719
0.007850580,334.649
0.007859881,334.835
0.007869221,336.253
0.007878524,334.904
0.007887846,335.594
0.007897160,335.305
0.007906460,334.790
0.007915756,334.643
0.007925053,334.709
0.007934364,335.181
0.007943685,335.568
0.007953007,335.594
0.007962308,334.819
0.007971603,334.635
0.007980951,336.539
0.007990253,334.875
0.007999565,335.233
0.008008863,334.707
0.008018188,335.691
0.008027485,334.714
0.008036783,334.734
0.008046091,335.068
0.008055406,335.333
0.008064706,334.813
0.008074029,335.644
0.008083346,335.398
0.008092646,334.814
0.008101942,334.635
0.008111253,335.195
0.008120553,334.815
0.008129852,334.751
0.008139174,335.592
0.008148474,334.817
0.008157772,334.703
0.008167119,336.523
0.008176428,335.113
0.008185741,335.276
0.008195059,335.447
0.008204382,335.612
0.008213680,334.734
0.008223015,336.072
0.008232312,334.673
0.008241610,334.717
0.008250917,335.068
0.008260214,334.701
0.008269511,334.680
0.008278839,335.796
0.008288149,335.170
0.008297458,335.129
0.008306760,334.884
0.008316082,335.592
0.008325380,334.699
0.008334704,335.693
0.008344020,335.349
0.008353318,334.726
0.008362615,334.716
0.008371913,334.712
0.008381214,334.843
0.008390562,336.524
0.008399879,335.418
0.008409179,334.806
0.008418488,335.132
0.008427836,336.504
0.008437160,335.684
0.008446484,335.662
0.008455805,335.543
0.008465133,335.800
0.008474430,334.712
0.008483766,336.069
0.008493074,335.100
0.008502389,335.333
0.008511716,335.769
0.008521011,334.627
0.008530309,334.720
0.008539667,336.894
0.008548989,335.603
0.008558286,334.695
0.008567611,335.692
0.008576909,334.716
0.008586204,334.636
0.008595504,334.809
0.008604800,334.639
0.008614126,335.758
0.008623453,335.756
0.008632749,334.651
0.008642049,334.806
0.008651344,334.637
0.008660662,335.416
0.008669960,334.733
0.008679257,334.719
0.008688553,334.625
0.008697859,335.017
0.008707156,334.700
0.008716487,335.936
0.008725788,334.813
0.008735104,335.395
0.008744402,334.710
0.008753721,335.496
0.008763020,334.760
0.008772316,334.640
0.008781617,334.861
0.008790915,334.731
0.008800240,335.697
0.008809564,335.664
0.008818913,336.546
0.008828239,335.760
0.008837547,335.065
0.008846871,335.670
0.008856207,336.086
0.008865503,334.679
0.008874827,335.662
0.008884153,335.732
0.008893451,334.735
0.008902747,334.644
0.008912074,335.784
0.008921388,335.276
0.008930689,334.834
0.008940039,336.624
0.008949335,334.643
0.008958635,334.812
0.008967957,335.589
0.008977275,335.460
0.008986577,334.861
0.008995914,336.141
0.009005210,334.633
0.009014510,334.813
0.009023807,334.698
0.009033130,335.607
0.009042458,335.814
0.009051753,334.643
0.009061051,334.726
0.009070376,335.691
0.009079700,335.674
0.009089000,334.794
0.009098298,334.724
0.009107596,334.728
0.009116895,334.745
0.009126219,335.669
0.009135514,334.634
0.009144814,334.809
0.009154110,334.629
0.009163434,335.665
0.009172760,335.751
0.009182070,335.170
0.009191368,334.699
0.009200695,335.771
0.009210012,335.410
0.009219333,335.590
0.009228634,334.833
0.009237948,335.278
0.009247248,334.817
0.009256545,334.699
0.009265841,334.643
0.009275141,334.804
0.009284436,334.630
0.009293755,335.457
0.009303070,335.348
0.009312397,335.764
0.009321710,335.272
0.009331009,334.792
0.009340305,334.651
0.009349606,334.827
0.009358901,334.634
0.009368199,334.716
0.009377499,334.795
0.009386807,335.088
0.009396118,335.195
0.009405443,335.691
0.009414767,335.659
0.009424062,334.631
0.009433389,335.760
0.009442684,334.628
0.009451981,334.712
0.009461281,334.795
0.009470577,334.646
0.009479874,334.698
0.009489199,335.710
0.009498526,335.746
0.009507827,334.835
0.009517125,334.733
0.009526436,335.199
0.009535736,334.808
0.009545060,335.654
0.009554377,335.428
0.009563687,335.142
0.009572986,334.783
0.009582322,336.078
0.009591650,335.811
0.009600948,334.729
0.009610270,335.614
0.009619598,335.783
0.009628896,334.728
0.009638222,335.731
0.009647556,336.028
0.009656851,334.639
0.009666212,336.993
0.009675508,334.657
0.009684869,336.975
0.009694168,334.788
0.009703491,335.598
0.009712800,335.138
0.009722098,334.747
0.009731396,334.717
0.009740692,334.641
0.009750018,335.760
0.009759314,334.635
0.009768652,336.179
0.009777950,334.738
0.009787246,334.648
0.009796550,334.927
0.009805857,335.047
0.009815154,334.723
0.009824479,335.687
0.009833806,335.785
0.009843102,334.638
0.009852429,335.770
0.009861753,335.662
0.009871111,336.898
0.009880445,336.024
0.009889784,336.199
0.009899108,335.668
0.009908432,335.684
0.009917730,334.716
0.009927030,334.794
0.009936326,334.644
0.009945623,334.693
0.009954954,335.928
0.009964302,336.511
0.009973597,334.635
0.009982924,335.764
0.009992233,335.145
0.010001543,335.151
0.010010869,335.747
0.010020192,335.598
0.010029541,336.574
0.010038865,335.687
0.010048182,335.382
0.010057492,335.173
0.010066791,334.750
0.010076086,334.635
0.010085413,335.766
0.010094712,334.782
0.010104071,336.905
0.010113371,334.813
0.010122693,335.585
0.010132041,336.524
0.010141366,335.691
0.010150690,335.665
0.010160011,335.567
0.010169338,335.773
0.010178635,334.701
0.010187960,335.696
0.010197268,335.084
0.010206563,334.636
0.010215864,334.809
0.010225171,335.048
0.010234495,335.671
0.010243795,334.793
0.010253090,334.646
0.010262387,334.696
0.010271691,334.925
0.010281003,335.239
0.010290299,334.640
0.010299599,334.815
0.010308921,335.588
0.010318245,335.672
0.010327575,335.859
0.010336871,334.663
0.010346192,335.582
0.010355488,334.653
0.010364788,334.781
0.010374087,334.774
0.010383397,335.142
0.010392693,334.672
0.010401994,334.842
0.010411314,335.520
0.010420611,334.677
0.010429938,335.786
0.010439248,335.172
0.010448571,335.610
0.010457896,335.683
0.010467219,335.663
0.010476541,335.575
0.010485895,336.731
0.010495192,334.699
0.010504517,335.692
0.010513814,334.711
0.010523151,336.140
0.010532452,334.811
0.010541747,334.618
0.010551045,334.757
0.010560373,335.777
0.010569668,334.649
0.010578979,335.174
0.010588281,334.866
0.010597579,334.746
0.010606887,335.069
0.010616199,335.255
0.010625495,334.642
0.010634802,335.061
0.010644109,335.033
0.010653404,334.649
0.010662731,335.763
0.010672064,335.990
0.010681388,335.665
0.010690739,336.629
0.010700037,334.715
0.010709332,334.632
0.010718632,334.818
0.010727930,334.696
0.010737249,335.499
0.010746552,334.900
0.010755883,335.925
0.010765207,335.668
0.010774505,334.732
0.010783847,336.314
0.010793147,334.795
0.010802453,335.011
0.010811793,336.240
0.010821144,336.641
0.010830444,334.801
0.010839740,334.644
0.010849067,335.773
0.010858362,334.634
0.010867686,335.668
0.010877068,337.721
0.010886364,334.673
0.010895688,335.659
0.010905014,335.742
0.010914330,335.391
0.010923655,335.691
0.010932953,334.722
0.010942295,336.302
0.010951595,334.817
0.010960892,334.694
0.010970259,337.211
0.010979561,334.851
0.010988883,335.589
0.010998208,335.699
0.011007533,335.706
0.011016831,334.724
0.011026126,334.650
0.011035428,334.857
0.011044770,336.319
0.011054078,335.090
0.011063413,336.035
0.011072735,335.589
0.011082065,335.898
0.011091373,335.070
0.011100697,335.665
0.011110023,335.737
0.011119318,334.646
0.011128615,334.692
0.011137940,335.686
0.011147253,335.273
0.011156575,335.596
0.011165876,334.836
0.011175172,334.647
0.011184525,336.727
0.011193823,334.695
0.011203118,334.648
0.011212419,334.809
0.011221725,335.022
0.011231038,335.286
0.011240339,334.828
0.011249687,336.509
0.011258982,334.629
0.011268309,335.764
0.011277632,335.648
0.011286928,334.642
0.011296254,335.754
0.011305550,334.635
0.011314874,335.662
0.011324200,335.756
0.011333499,334.744
0.011342825,335.748
0.011352157,335.961
0.011361454,334.697
0.011370753,334.738
0.011380050,334.717
0.011389346,334.635
0.011398673,335.769
0.011407968,334.634
0.011417266,334.713
0.011426565,334.796
0.011435902,336.131
0.011445201,334.734
0.011454500,334.778
0.011463798,334.739
0.011473121,335.618
0.011482423,334.875
0.011491718,334.632
0.011501019,334.820
0.011510316,334.705
0.011519631,335.325
0.011528933,334.862
0.011538228,334.643
0.011547526,334.718
0.011556827,334.832
0.011566154,335.770
0.011575450,334.650
0.011584777,335.770
0.011594074,334.693
0.011603393,335.488
0.011612696,334.931
0.011622034,336.156
0.011631368,336.005
0.011640692,335.686
0.011649990,334.718
0.011659316,335.745
0.011668612,334.647
0.011677909,334.690
0.011687207,334.737
0.011696505,334.720
0.011705800,334.641
0.011715101,334.826
0.011724429,335.819
0.011733728,334.745
0.011743081,336.699
0.011752391,335.164
0.011761700,335.126
0.011771034,336.028
0.011780348,335.300
0.011789669,335.566
0.011798969,334.814
0.011808283,335.282
0.011817593,335.160
0.011826892,334.751
0.011836188,334.661
0.011845515,335.798
0.011854812,334.669
0.011864110,334.725
0.011873409,334.765
0.011882707,334.750
0.011892025,335.445
0.011901379,336.736
0.011910677,334.729
0.011919973,334.651
0.011929280,335.067
0.011938576,334.638
0.011947873,334.716
0.011957225,336.639
0.011966522,334.720
0.011975822,334.794
0.011985140,335.457
0.011994440,334.796
0.012003739,334.755
0.012013038,334.760
0.012022355,335.401
0.012031656,334.854
0.012040978,335.594
0.012050299,335.536
0.012059631,335.974
0.012068927,334.651
0.012078224,334.699
0.012087549,335.690
0.012096847,334.717
0.012106195,336.542
0.012115496,334.815
0.012124791,334.637
0.012134118,335.767
0.012143415,334.697
0.012152711,334.655
0.012162018,335.043
0.012171340,335.590
0.012180637,334.712
0.012189962,335.686
0.012199286,335.669
0.012208608,335.583
0.012217908,334.819
0.012227232,335.652
0.012236554,335.600
0.012245889,336.056
0.012255247,336.888
0.012264548,334.827
0.012273880,335.948
0.012283178,334.758
0.012292531,336.710
0.012301855,335.658
0.012311153,334.722
0.012320456,334.918
0.012329768,335.216
0.012339087,335.476
0.012348390,334.926
0.012357712,335.586
0.012367010,334.739
0.012376312,334.864
0.012385608,334.641
0.012394905,334.700
0.012404230,335.694
0.012413527,334.715
0.012422878,336.637
0.012432176,334.719
0.012441472,334.633
0.012450772,334.810
0.012460069,334.705
0.012469365,334.649
0.012478665,334.810
0.012487961,334.632
0.012497281,335.520
0.012506605,335.682
0.012515918,335.259
0.012525213,334.634
0.012534566,336.712
0.012543913,336.466
0.012553238,335.714
0.012562543,334.967
0.012571860,335.405
0.012581188,335.810
0.012590483,334.637
0.012599802,335.474
0.012609128,335.754
0.012618424,334.642
0.012627721,334.699
0.012637072,336.636
0.012646417,336.412
0.012655737,335.530
0.012665038,334.823
0.012674333,334.635
0.012683657,335.667
0.012692983,335.740
0.012702315,335.941
0.012711615,334.810
0.012720911,334.635
0.012730244,335.997
0.012739542,334.732
0.012748840,334.717
0.012758162,335.584
0.012767462,334.806
0.012776759,334.699
0.012786055,334.646
0.012795364,335.124
0.012804686,335.593
0.012814010,335.674
0.012823308,334.745
0.012832617,335.105
0.012841944,335.791
0.012851267,335.626
0.012860592,335.693
0.012869891,334.746
0.012879189,334.747
0.012888512,335.616
0.012897866,336.731
0.012907188,335.613
0.012916509,335.562
0.012925810,334.810
0.012935120,335.187
0.012944417,334.694
0.012953723,334.995
0.012963021,334.717
0.012972342,335.560
0.012981695,336.710
0.012991034,336.216
0.013000334,334.812
0.013009632,334.702
0.013018954,335.596
0.013028280,335.759
0.013037578,334.710
0.013046898,335.529
0.013056223,335.684
0.013065535,335.231
0.013074856,335.580
0.013084157,334.822
0.013093454,334.697
0.013102794,336.243
0.013112104,335.148
0.013121418,335.297
0.013130753,336.090
0.013140050,334.667
0.013149367,335.426
0.013158667,334.800
0.013168001,336.027
0.013177298,334.698
0.013186650,336.643
0.013195961,335.201
0.013205256,334.635
0.013214557,334.814
0.013223878,335.586
0.013233227,336.565
0.013242527,334.796
0.013251840,335.258
0.013261147,335.037
0.013270471,335.691
0.013279776,334.960
0.013289075,334.772
0.013298373,334.725
0.013307696,335.613
0.013316997,334.843
0.013326294,334.708
0.013335617,335.624
0.013344945,335.787
0.013354240,334.636
0.013363594,336.754
0.013372942,336.532
0.013382240,334.732
0.013391550,335.135
0.013400846,334.664
0.013410158,335.249
0.013419457,334.739
0.013428755,334.721
0.013438072,335.430
0.013447373,334.821
0.013456682,335.149
0.013466004,335.566
0.013475306,334.900
0.013484638,335.939
0.013493987,336.570
0.013503312,335.698
0.013512610,334.713
0.013521910,334.819
0.013531209,334.745
0.013540504,334.641
0.013549805,334.822
0.013559102,334.699
0.013568398,334.642
0.013577698,334.810
0.013587020,335.594
0.013596340,335.521
0.013605665,335.692
0.013614989,335.672
0.013624309,335.509
0.013633643,336.034
0.013642940,334.701
0.013652256,335.358
0.013661559,334.918
0.013670873,335.303
0.013680201,335.812
0.013689497,334.652
0.013698822,335.680
0.013708122,334.803
0.013717444,335.603
0.013726741,334.698
0.013736071,335.867
0.013745395,335.670
0.013754740,336.437
0.013764068,335.777
0.013773382,335.306
0.013782680,334.745
0.013792033,336.707
0.013801329,334.648
0.013810656,335.769
0.013819951,334.636
0.013829249,334.710
0.013838547,334.727
0.013847880,336.008
0.013857197,335.392
0.013866523,335.756
0.013875820,334.692
0.013885139,335.470
0.013894439,334.813
0.013903735,334.637
0.013913032,334.711
0.013922356,335.676
0.013931681,335.674
0.013941011,335.901
0.013950313,334.871
0.013959637,335.665
0.013968937,334.783
0.013978245,335.104
0.013987541,334.640
0.013996874,336.008
0.014006206,335.930
0.014015506,334.797
0.014024832,335.750
0.014034149,335.418
0.014043459,335.139
0.014052783,335.693
0.014062081,334.718
0.014071414,335.964
0.014080714,334.817
0.014090009,334.635
0.014099310,334.812
0.014108633,335.637
0.014117948,335.331
0.014127275,335.770
0.014136608,336.011
0.014145932,335.665
0.014155230,334.732
0.014164528,334.719
0.014173824,334.631
0.014183124,334.813
0.014192447,335.650
0.014201743,334.644
0.014211063,335.517
0.014220359,334.650
0.014229693,336.035
0.014238992,334.755
0.014248352,336.980
0.014257682,335.866
0.014267005,335.611
0.014276344,336.212
0.014285642,334.746
0.014294940,334.714
0.014304258,335.432
0.014313585,335.771
0.014322880,334.630
0.014332204,335.669
0.014341533,335.852
0.014350829,334.649
0.014360126,334.699
0.014369451,335.688
0.014378748,334.714
0.014388073,335.687
0.014397371,334.715
0.014406683,335.237
0.014415983,334.811
0.014425280,334.695
0.014434602,335.593
0.014443903,334.811
0.014453211,335.099
0.014462508,334.708
0.014471833,335.680
0.014481130,334.716
0.014490426,334.643
0.014499738,335.222
0.014509036,334.733
0.014518333,334.685
0.014527633,334.819
0.014536955,335.588
0.014546253,334.720
0.014555577,335.680
0.014564892,335.329
0.014574193,334.847
0.014583515,335.595
0.014592812,334.691
0.014602137,335.689
0.014611435,334.710
0.014620730,334.633
0.014630035,334.990
0.014639357,335.581
0.014648655,334.716
0.014657954,334.793
0.014667250,334.647
0.014676547,334.691
0.014685872,335.688
0.014695169,334.713
0.014704465,334.641
0.014713765,334.818
0.014723078,335.267
0.014732405,335.768
0.014741702,334.691
0.014751033,335.886
0.014760379,336.479
0.014769677,334.717
0.014778998,335.566
0.014788328,335.873
0.014797653,335.705
0.014806976,335.622
0.014816304,335.808
0.014825602,334.722
0.014834924,335.583
0.014844251,335.792
0.014853546,334.633
0.014862847,334.814
0.014872142,334.637
0.014881466,335.667
0.014890793,335.751
0.014900115,335.598
0.014909453,336.163
0.014918756,334.904
0.014928053,334.715
0.014937388,336.042
0.014946694,335.036
0.014956005,335.193
0.014965314,335.105
0.014974614,334.796
0.014983936,335.602
0.014993266,335.873
0.015002561,334.644
0.015011859,334.711
0.015021157,334.734
0.015030455,334.716
0.015039750,334.630
0.015049050,334.814
0.015058349,334.752
0.015067645,334.655
0.015076976,335.920
0.015086272,334.634
0.015095569,334.709
0.015104897,335.811
0.015114195,334.710
0.015123490,334.635
0.015132790,334.811
0.015142114,335.649
0.015151410,334.645
0.015160736,335.749
0.015170050,335.315
0.015179378,335.799
0.015188700,335.585
0.015198051,336.642
0.015207378,335.776
0.015216697,335.469
0.015225995,334.725
0.015235295,334.805
0.015244607,335.249
0.015253929,335.589
0.015263230,334.823
0.015272525,334.638
0.015281875,336.589
0.015291228,336.699
0.015300523,334.648
0.015309832,335.111
0.015319146,335.316
0.015328445,334.765
0.015337744,334.735
0.015347043,334.774
0.015356339,334.658
0.015365640,334.824
0.015374937,334.698
0.015384255,335.443
0.015393559,334.965
0.015402855,334.634
0.015412191,336.107
0.015421516,335.688
0.015430830,335.310
0.015440125,334.631
0.015449453,335.791
0.015458750,334.696
0.015468074,335.686
0.015477428,336.721
0.015486724,334.650
0.015496024,334.829
0.015505320,334.634
0.015514653,336.012
0.015523953,334.799
0.015533275,335.595
0.015542573,334.699
0.015551897,335.691
0.015561222,335.666
0.015570570,336.538
0.015579897,335.767
0.015589210,335.269
0.015598537,335.782
0.015607869,335.968
0.015617166,334.670
0.015626496,335.898
0.015635818,335.593
0.015645142,335.670
0.015654472,335.865
0.015663770,334.718
0.015673065,334.636
0.015682366,334.813
0.015691663,334.699
0.015701022,336.930
0.015710349,335.790
0.015719645,334.651
0.015728975,335.855
0.015738307,335.953
0.015747621,335.313
0.015756947,335.749
0.015766255,335.070
0.015775552,334.695
0.015784877,335.692
0.015794201,335.663
0.015803523,335.592
0.015812823,334.815
0.015822118,334.633
0.015831443,335.675
0.015840742,334.793
0.015850038,334.645
0.015859335,334.699
0.015868634,334.734
0.015877969,336.088
0.015887321,336.647
0.015896655,336.044
0.015905971,335.373
0.015915282,335.179
0.015924579,334.712
0.015933923,336.379
0.015943276,336.717
0.015952586,335.160
0.015961884,334.716
0.015971237,336.706
0.015980554,335.423
0.015989859,334.985
0.015999186,335.771
0.016008484,334.702
0.016017808,335.689
0.016027132,335.670
0.016036428,334.633
0.016045728,334.812
0.016055062,336.029
0.016064400,336.170
0.016073727,335.746
0.016083022,334.644
0.016092319,334.698
0.016101618,334.736
0.016110915,334.710
0.016120211,334.639
0.016129564,336.718
0.016138912,336.543
0.016148213,334.815
0.016157510,334.714
0.016166833,335.626
0.016176160,335.771
0.016185456,334.642
0.016194753,334.713
0.016204084,335.894
0.016213390,335.010
0.016222713,335.623
0.016232041,335.816
0.016241339,334.730
0.016250660,335.545
0.016259960,334.816
0.016269256,334.658
0.016278580,335.674
0.016287879,334.743
0.016297230,336.643
0.016306556,335.740
0.016315889,335.994
0.016325249,336.953
0.016334574,335.693
0.016343871,334.709
0.016353167,334.640
0.016362471,334.957
0.016371767,334.636
0.016381091,335.665
0.016390397,335.028
0.016399693,334.645
0.016409016,335.641
0.016418314,334.733
0.016427629,335.330
0.016436956,335.760
0.016446281,335.704
0.016455588,335.076
0.016464897,335.113
0.016474219,335.569
0.016483529,335.170
0.016492834,334.996
0.016502170,336.081
0.016511468,334.720
0.016520766,334.739
0.016530064,334.723
0.016539359,334.635
0.016548712,336.717
0.016558010,334.700
0.016567306,334.674
0.016576633,335.774
0.016585929,334.641
0.016595229,334.822
0.016604535,335.005
0.016613833,334.728
0.016623133,334.789
0.016632453,335.514
0.016641750,334.696
0.016651074,335.692
0.016660372,334.718
0.016669694,335.589
0.016678994,334.812
0.016688290,334.636
0.016697624,336.017
0.016706926,334.894
0.016716257,335.913
0.016725566,335.135
0.016734892,335.709
0.016744233,336.290
0.016753531,334.735
0.016762855,335.663
0.016772166,335.187
0.016781519,336.721
0.016790839,335.512
0.016800135,334.647
0.016809462,335.758
0.016818757,334.637
0.016828067,335.141
0.016837365,334.733
0.016846662,334.716
0.016855958,334.635
0.016865258,334.811
0.016874555,334.694
0.016883851,334.650
0.016893161,335.146
0.016902475,335.303
0.016911783,335.100
0.016921103,335.536
0.016930401,334.717
0.016939727,335.752
0.016949025,334.708
0.016958371,336.471
0.016967670,334.746
0.016976989,335.487
0.016986302,335.281
0.016995630,335.813
0.017004968,336.165
0.017014294,335.716
0.017023621,335.795
0.017032962,336.268
0.017042264,334.868
0.017051559,334.634
0.017060877,335.434
0.017070228,336.634
0.017079565,336.140
0.017088861,334.635
0.017098161,334.816
0.017107459,334.706
0.017116757,334.737
0.017126064,335.059
0.017135386,335.596
0.017144684,334.709
0.017154008,335.687
0.017163306,334.721
0.017172632,335.741
0.017181964,335.943
0.017191264,334.788
0.017200562,334.750
0.017209871,335.128
0.017219193,335.593
0.017228494,334.818
0.017237802,335.101
0.017247100,334.719
0.017256401,334.835
0.017265697,334.662
0.017275034,336.116
0.017284332,334.741
0.017293630,334.717
0.017302925,334.636
0.017312226,334.817
0.017321521,334.632
0.017330819,334.712
0.017340171,336.699
0.017349486,335.323
0.017358813,335.764
0.017368134,335.583
0.017377458,335.659
0.017386783,335.682
0.017396080,334.720
0.017405398,335.443
0.017414731,335.962
0.017424043,335.235
0.017433365,335.598
0.017442666,334.837
0.017451978,335.247
0.017461302,335.667
0.017470610,335.061
0.017479907,334.713
0.017489233,335.745
0.017498556,335.594
0.017507868,335.254
0.017517167,334.743
0.017526464,334.713
0.017535786,335.593
0.017545105,335.483
0.017554427,335.603
0.017563760,335.976
0.017573087,335.775
0.017582410,335.626
0.017591734,335.649
0.017601032,334.750
0.017610330,334.714
0.017619654,335.682
0.017628952,334.718
0.017638248,334.637
0.017647574,335.764
0.017656883,335.112
0.017666200,335.402
0.017675500,334.807
0.017684820,335.525
0.017694122,334.866
0.017703444,335.594
0.017712769,335.697
0.017722077,335.074
0.017731372,334.651
0.017740670,334.727
0.017749969,334.764
0.017759290,335.549
0.017768586,334.661
0.017777913,335.777
0.017787250,336.118
0.017796548,334.717
0.017805850,334.886
0.017815146,334.647
0.017824444,334.716
0.017833755,335.211
0.017843053,334.738
0.017852378,335.691
0.017861676,334.726
0.017870971,334.626
0.017880271,334.810
0.017889595,335.649
0.017898891,334.648
0.017908191,334.818
0.017917499,335.083
0.017926821,335.602
0.017936120,334.741
0.017945418,334.725
0.017954713,334.631
0.017964069,336.827
0.017973388,335.488
0.017982695,335.032
0.017992032,336.139
0.018001381,336.555
0.018010708,335.779
0.018020014,335.033
0.018029340,335.705
0.018038666,335.761
0.018047989,335.619
0.018057287,334.716
0.018066585,334.746
0.018075884,334.741
0.018085180,334.660
0.018094506,335.733
0.018103803,334.700
0.018113102,334.764
0.018122429,335.764
0.018131725,334.682
0.018141050,335.681
0.018150375,335.705
0.018159673,334.718
0.018168973,334.829
0.018178299,335.707
0.018187594,334.645
0.018196895,334.821
0.018206192,334.700
0.018215524,335.943
0.018224829,334.978
0.018234124,334.635
0.018243458,336.002
0.018252782,335.685
0.018262080,334.721
0.018271375,334.633
0.018280702,335.767
0.018290000,334.702
0.018299351,336.640
0.018308648,334.718
0.018317970,335.590
0.018327270,334.806
0.018336592,335.585
0.018345916,335.671
0.018355216,334.793
0.018364539,335.603
0.018373862,335.657
0.018383173,335.180
0.018392498,335.711
0.018401818,335.523
0.018411122,334.916
0.018420460,336.203
0.018429758,334.719
0.018439058,334.796
0.018448380,335.598
0.018457682,334.863
0.018467015,335.982
0.018476339,335.666
0.018485637,334.737
0.018494958,335.556
0.018504276,335.431
0.018513603,335.771
0.018522900,334.699
0.018532196,334.651
0.018541499,334.909
0.018550857,336.892
0.018560165,335.077
0.018569463,334.732
0.018578761,334.724
0.018588122,337.016
0.018597428,335.004
0.018606751,335.650
0.018616083,335.937
0.018625407,335.667
0.018634745,336.162
0.018644043,334.746
0.018653339,334.653
0.018662666,335.774
0.018671962,334.640
0.018681275,335.277
0.018690573,334.724
0.018699871,334.718
0.018709166,334.632
0.018718498,335.947
0.018727795,334.695
0.018737091,334.650
0.018746444,336.706
0.018755766,335.585
0.018765101,336.056
0.018774399,334.732
0.018783714,335.336
0.018793040,335.738
0.018802362,335.600
0.018811659,334.700
0.018820957,334.740
0.018830280,335.599
0.018839596,335.400
0.018848910,335.312
0.018858207,334.670
0.018867505,334.729
0.018876805,334.803
0.018886103,334.743
0.018895401,334.725
0.018904700,334.754
0.018913998,334.718
0.018923293,334.640
0.018932595,334.872
0.018941917,335.587
0.018951215,334.720
0.018960568,336.698
0.018969883,335.332
0.018979183,334.808
0.018988478,334.632
0.018997796,335.441
0.019007120,335.682
0.019016445,335.671
0.019025762,335.440
0.019035063,334.813
0.019044360,334.703
0.019053706,336.459
0.019063006,334.810
0.019072321,335.340
0.019081629,335.080
0.019090954,335.688
0.019100251,334.714
0.019109581,335.867
0.019118877,334.671
0.019128175,334.712
0.019137527,336.684
0.019146838,335.196
0.019156161,335.617
0.019165489,335.811
0.019174785,334.664
0.019184107,335.579
0.019193434,335.778
0.019202730,334.663
0.019212054,335.661
0.019221363,335.106
0.019230678,335.365
0.019239977,334.739
0.019249275,334.734
0.019258570,334.635
0.019267897,335.758
0.019277194,334.698
0.019286510,335.385
0.019295814,334.932
0.019305122,335.091
0.019314446,335.671
0.019323797,336.628
0.019333121,335.672
0.019342443,335.589
0.019351746,334.890
0.019361070,335.655
0.019370401,335.943
0.019379711,335.136
0.019389050,336.231
0.019398370,335.516
0.019407706,336.086
0.019417031,335.700
0.019426336,334.997
0.019435632,334.645
0.019444929,334.697
0.019454232,334.917
0.019463534,334.871
0.019472855,335.551
0.019482156,334.825
0.019491498,336.309
0.019500822,335.667
0.019510148,335.751
0.019519471,335.596
0.019528771,334.811
0.019538066,334.636
0.019547364,334.716
0.019556662,334.727
0.019565984,335.591
0.019575306,335.585
0.019584659,336.721
0.019593956,334.696
0.019603275,335.467
0.019612602,335.762
0.019621912,335.191
0.019631210,334.713
0.019640535,335.685
0.019649832,334.715
0.019659130,334.713
0.019668463,336.010
0.019677788,335.687
0.019687087,334.776
0.019696386,334.742
0.019705682,334.667
0.019714983,334.820
0.019724328,336.436
0.019733626,334.717
0.019742926,334.794
0.019752235,335.146
0.019761556,335.536
0.019770854,334.738
0.019780172,335.450
0.019789494,335.588
0.019798794,334.820
0.019808090,334.632
0.019817414,335.668
0.019826737,335.639
0.019836059,335.598
0.019845360,334.811
0.019854681,335.584
0.019863979,334.709
0.019873310,335.903
0.019882630,335.544
0.019891939,335.120
0.019901242,334.919
0.019910555,335.240
0.019919875,335.517
0.019929177,334.892
0.019938473,334.634
0.019947771,334.731
0.019957078,335.073
0.019966395,335.397
0.019975748,336.705
0.019985054,335.016
0.019994377,335.650
0.020003676,334.738
0.020013000,335.670
0.020022322,335.597
0.020031623,334.823
0.020040944,335.585
0.020050269,335.673
0.020059569,334.799
0.020068864,334.648
0.020078188,335.649
0.020087487,334.751
0.020096811,335.677
0.020106106,334.634
0.020115433,335.771
0.020124755,335.590
0.020134082,335.763
0.020143382,334.784
0.020152678,334.660
0.020162005,335.779
0.020171336,335.935
0.020180634,334.718
0.020189933,334.770
0.020199245,335.234
0.020208541,334.638
0.020217891,336.617
0.020227234,336.328
0.020236556,335.617
0.020245920,337.083
0.020255259,336.210
0.020264560,334.851
0.020273907,336.483
0.020283220,335.267
0.020292520,334.791
0.020301816,334.646
0.020311139,335.651
0.020320464,335.696
0.020329776,335.242
0.020339098,335.592
0.020348399,334.814
0.020357694,334.640
0.020366992,334.719
0.020376319,335.751
0.020385614,334.645
0.020394918,334.922
0.020404223,334.993
0.020413540,335.422
0.020422841,334.812
0.020432189,336.545
0.020441485,334.637
0.020450815,335.905
0.020460112,334.698
0.020469431,335.462
0.020478731,334.806
0.020488047,335.394
0.020497345,334.718
0.020506670,335.681
0.020515969,334.762
0.020525264,334.638
0.020534591,335.769
0.020543888,334.690
0.020553213,335.697
0.020562510,334.713
0.020571806,334.640
0.020581106,334.814
0.020590402,334.635
0.020599741,336.208
0.020609041,334.787
0.020618336,334.645
0.020627633,334.702
0.020636967,336.014
0.020646266,334.764
0.020655586,335.521
0.020664888,334.853
0.020674184,334.657
0.020683482,334.732
0.020692809,335.783
0.020702105,334.668
0.020711459,336.713
0.020720755,334.663
0.020730053,334.739
0.020739351,334.734
0.020748649,334.718
0.020757971,335.584
0.020767298,335.766
0.020776621,335.647
0.020785918,334.673
0.020795225,335.059
0.020804523,334.723
0.020813822,334.761
0.020823147,335.699
0.020832464,335.422
0.020841759,334.636
0.020851086,335.772
0.020860401,335.341
0.020869735,336.023
0.020879036,334.834
0.020888352,335.377
0.020897653,334.816
0.020906948,334.631
0.020916246,334.712
0.020925545,334.786
0.020934843,334.719
0.020944167,335.666
0.020953493,335.723
0.020962818,335.703
0.020972138,335.533
0.020981441,334.906
0.020990737,334.663
0.021000044,335.061
0.021009397,336.696
0.021018711,335.314
0.021028011,334.805
0.021037333,335.588
0.021046646,335.266
0.021055948,334.857
0.021065270,335.607
0.021074589,335.456
0.021083889,334.830
0.021093213,335.651
0.021102559,336.465
0.021111886,335.762
0.021121182,334.641
0.021130482,334.810
0.021139807,335.687
0.021149104,334.721
0.021158431,335.744
0.021167778,336.509
0.021177075,334.699
0.021186400,335.692
0.021195724,335.676
0.021205042,335.425
0.021214347,334.987
0.021223642,334.635
0.021232966,335.669
0.021242266,334.786
0.021251604,336.162
0.021260927,335.649
0.021270252,335.688
0.021279576,335.663
0.021288901,335.685
0.021298235,336.034
0.021307593,336.885
0.021316920,335.762
0.021326217,334.698
0.021335535,335.453
0.021344836,334.854
0.021354147,335.178
0.021363458,335.188
0.021372765,335.066
0.021382064,334.749
0.021391412,336.539
0.021400739,335.771
0.021410036,334.700
0.021419361,335.690
0.021428659,334.721
0.021437954,334.635
0.021447254,334.806
0.021456576,335.580
0.021465900,335.664
0.021475200,334.788
0.021484495,334.644
0.021493792,334.698
0.021503144,336.642
0.021512489,336.428
0.021521811,335.584
0.021531111,334.818
0.021540406,334.633
0.021549704,334.716
0.021559057,336.694
0.021568370,335.270
0.021577679,335.148
0.021587002,335.595
0.021596341,336.229
0.021605639,334.729
0.021614952,335.262
0.021624248,334.669
0.021633576,335.794
0.021642873,334.707
0.021652196,335.599
0.021661496,334.809
0.021670791,334.639
0.021680115,335.664
0.021689440,335.692
0.021698738,334.720
0.021708033,334.629
0.021717365,335.939
0.021726679,335.298
0.021736004,335.699
0.021745301,334.715
0.021754597,334.642
0.021763897,334.809
0.021773228,335.924
0.021782548,335.518
0.021791875,335.747
0.021801197,335.595
0.021810494,334.696
0.021819825,335.936
0.021829123,334.714
0.021838418,334.633
0.021847772,336.747
0.021857123,336.613
0.021866424,334.833
0.021875748,335.658
0.021885107,336.937
0.021894414,335.038
0.021903758,336.418
0.021913092,335.990
0.021922391,334.767
0.021931710,335.481
0.021941032,335.598
0.021950359,335.769
0.021959656,334.702
0.021968952,334.646
0.021978305,336.723
0.021987601,334.637
0.021996901,334.818
0.022006223,335.588
0.022015547,335.669
0.022024873,335.744
0.022034169,334.650
0.022043466,334.702
0.022052818,336.648
0.022062115,334.718
0.022071435,335.490
0.022080738,334.914
0.022090033,334.635
0.022099331,334.718
0.022108633,334.868
0.022117931,334.736
0.022127256,335.702
0.022136555,334.756
0.022145851,334.663
0.022155152,334.830
0.022164449,334.677
0.022173783,336.044
0.022183085,334.873
0.022192418,335.982
0.022201742,335.679
0.022211041,334.749
0.022220339,334.721
0.022229634,334.636
0.022238935,334.815
0.022248230,334.632
0.022257530,334.821
0.022266828,334.728
0.022276124,334.654
0.022285427,334.887
0.022294722,334.637
0.022304020,334.715
0.022313318,334.737
0.022322642,335.668
0.022331938,334.633
0.022341238,334.812
0.022350538,334.791
0.022359846,335.098
0.022369173,335.771
0.022378495,335.591
0.022387818,335.633
0.022397143,335.682
0.022406440,334.718
0.022415775,336.062
0.022425071,334.645
0.022434404,335.994
0.022443725,335.556
0.022453024,334.747
0.022462319,334.621
0.022471651,335.963
0.022480947,334.666
0.022490258,335.189
0.022499588,335.880
0.022508910,335.601
0.022518219,335.096
0.022527519,334.809
0.022536817,334.719
0.022546112,334.637
0.022555439,335.764
0.022564734,334.631
0.022574061,335.762
0.022583358,334.701
0.022592656,334.718
0.022601984,335.795
0.022611303,335.492
0.022620615,335.231
0.022629939,335.685
0.022639285,336.456
0.022648643,336.888
0.022657970,335.766
0.022667267,334.699
0.022676600,335.964
0.022685900,334.810
0.022695214,335.286
0.022704514,334.818
0.022713809,334.636
0.022723107,334.726
0.022732435,335.783
0.022741731,334.655
0.022751043,335.234
0.022760368,335.692
0.022769692,335.666
0.022778987,334.638
0.022788288,334.816
0.022797604,335.390
0.022806913,335.140
0.022816240,335.743
0.022825535,334.648
0.022834861,335.740
0.022844160,334.756
0.022853458,334.721
0.022862783,335.688
0.022872116,336.008
0.022881412,334.631
0.022890712,334.809
0.022900045,335.991
0.022909362,335.423
0.022918667,334.982
0.022927989,335.588
0.022937310,335.559
0.022946608,334.730
0.022955921,335.275
0.022965268,336.486
0.022974577,335.101
0.022983891,335.322
0.022993232,336.262
0.023002569,336.130
0.023011900,335.934
0.023021262,337.038
0.023030558,334.642
0.023039857,334.764
0.023049161,334.955
0.023058479,335.437
0.023067776,334.701
0.023077104,335.810
0.023086405,334.818
0.023095763,336.900
0.023105090,335.778
0.023114386,334.631
0.023123713,335.768
0.023133036,335.645
0.023142332,334.643
0.023151658,335.762
0.023160954,334.643
0.023170278,335.662
0.023179576,334.727
0.023188874,334.722
0.023198196,335.582
0.023207496,334.812
0.023216820,335.654
0.023226139,335.515
0.023235440,334.810
0.023244778,336.191
0.023254086,335.071
0.023263437,336.630
0.023272761,335.669
0.023282070,335.128
0.023291394,335.680
0.023300718,335.665
0.023310017,334.744
0.023319338,335.550
0.023328635,334.700
0.023337936,334.833
0.023347231,334.636
0.023356529,334.719
0.023365855,335.745
0.023375151,334.655
0.023384448,334.701
0.023393773,335.686
0.023403071,334.714
0.023412366,334.640
0.023421667,334.815
0.023430981,335.304
0.023440308,335.770
0.023449629,335.582
0.023458946,335.383
0.023468278,335.972
0.023477636,336.897
0.023486974,336.141
0.023496298,335.695
0.023505623,335.673
0.023514954,335.922
0.023524281,335.763
0.023533604,335.651
0.023542903,334.743
0.023552218,335.367
0.023561541,335.607
0.023570874,335.979
0.023580184,335.186
0.023589483,334.757
0.023598837,336.720
0.023608149,335.241
0.023617499,336.624
0.023626825,335.708
0.023636139,335.333
0.023645467,335.786
0.023654776,335.135
0.023664119,336.340
0.023673420,334.851
0.023682718,334.701
0.023692062,336.403
0.023701389,335.762
0.023710732,336.342
0.023720041,335.120
0.023729338,334.722
0.023738636,334.711
0.023747931,334.635
0.023757258,335.756
0.023766555,334.700
0.023775880,335.695
0.023785204,335.667
0.023794520,335.355
0.023803820,334.812
0.023813144,335.670
0.023822469,335.699
0.023831770,334.823
0.023841088,335.469
0.023850386,334.733
0.023859711,335.700
0.023869035,335.670
0.023878358,335.595
0.023887685,335.770
0.023897006,335.584
0.023906315,335.124
0.023915639,335.652
0.023924954,335.347
0.023934261,335.060
0.023943595,336.022
0.023952920,335.680
0.023962245,335.697
0.023971543,334.749
0.023980866,335.608
0.023990166,334.821
0.023999485,335.480
0.024008806,335.565
0.024018141,336.062
0.024027437,334.633
0.024036764,335.761
0.024046068,334.974
0.024055366,334.721
0.024064695,335.832
0.024073991,334.660
0.024083309,335.438
0.024092634,335.694
0.024101958,335.665
0.024111274,335.386
0.024120602,335.807
0.024129898,334.661
0.024139222,335.682
0.024148523,334.836
0.024157819,334.643
0.024167116,334.698
0.024176441,335.690
0.024185739,334.714
0.024195063,335.688
0.024204387,335.666
0.024213702,335.342
0.024223029,335.765
0.024232326,334.698
0.024241663,336.128
0.024250968,334.965
0.024260290,335.589
0.024269587,334.717
0.024278886,334.737
0.024288183,334.719
0.024297530,336.472
0.024306833,334.906
0.024316130,334.706
0.024325426,334.647
0.024334726,334.808
0.024344022,334.634
0.024353322,334.824
0.024362618,334.635
0.024371915,334.721
0.024381268,336.701
0.024390564,334.655
0.024399863,334.738
0.024409188,335.709
0.024418486,334.722
0.024427817,335.932
0.024437144,335.774
0.024446466,335.598
0.024455764,334.716
0.024465064,334.798
0.024474403,336.202
0.024483700,334.702
0.024492998,334.737
0.024502296,334.713
0.024511594,334.732
0.024520892,334.720
0.024530233,336.300
0.024539567,336.000
0.024548905,336.184
0.024558201,334.657
0.024567528,335.771
0.024576850,335.596
0.024586148,334.714
0.024595473,335.688
0.024604771,334.751
0.024614067,334.648
0.024623395,335.815
0.024632719,335.651
0.024642017,334.744
0.024651325,335.066
0.024660690,337.137
0.024670020,335.876
0.024679342,335.599
0.024688640,334.744
0.024697946,334.998
0.024707242,334.652
0.024716539,334.700
0.024725864,335.695
0.024735182,335.465
0.024744504,335.591
0.024753831,335.767
0.024763143,335.245
0.024772441,334.715
0.024781741,334.797
0.024791057,335.390
0.024800385,335.797
0.024809681,334.647
0.024819005,335.677
0.024828330,335.684
0.024837627,334.713
0.024846936,335.130
0.024856268,335.927
0.024865565,334.703
0.024874861,334.649
0.024884161,334.816
0.024893477,335.360
0.024902811,336.047
0.024912109,334.731
0.024921407,334.721
0.024930760,336.696
0.024940092,335.948
0.024949422,335.903
0.024958723,334.814
0.024968021,334.735
0.024977331,335.163
0.024986641,335.158
0.024995972,335.930
0.025005293,335.542
0.025014619,335.745
0.025023935,335.383
0.025033270,336.050
0.025042577,335.058
0.025051876,334.760
0.025061201,335.689
0.025070500,334.760
0.025079822,335.611
0.025089178,336.812
0.025098503,335.685
0.025107847,336.395
0.025117148,334.820
0.025126470,335.619
0.025135792,335.578
0.025145090,334.738
0.025154388,334.721
0.025163710,335.591
0.025173011,334.816
0.025182334,335.656
0.025191630,334.642
0.025200930,334.807
0.025210252,335.590
0.025219573,335.564
0.025228869,334.651
0.025238187,335.446
0.025247488,334.839
0.025256785,334.673
0.025266108,335.656
0.025275433,335.695
0.025284734,334.830
0.025294030,334.650
0.025303331,334.829
0.025312626,334.642
0.025321960,336.015
0.025331313,336.701
0.025340626,335.277
0.025349953,335.760
0.025359259,335.005
0.025368573,335.310
0.025377872,334.776
0.025387221,336.550
0.025396516,334.630
0.025405842,335.755
0.025415166,335.644
0.025424498,335.938
0.025433801,334.932
0.025443123,335.590
0.025452421,334.709
0.025461721,334.805
0.025471035,335.315
0.025480331,334.638
0.025489631,334.807
0.025498928,334.704
0.025508254,335.721
0.025517552,334.725
0.025526849,334.700
0.025536176,335.788
0.025545498,335.589
0.025554810,335.238
0.025564137,335.746
0.025573432,334.643
0.025582753,335.530
0.025592104,336.638
0.025601421,335.439
0.025610753,335.935
0.025620080,335.765
0.025629420,336.236
0.025638746,335.759
0.025648043,334.698
0.025657385,336.308
0.025666686,334.813
0.025675981,334.635
0.025685327,336.444
0.025694629,334.889
0.025703975,336.452
0.025713294,335.488
0.025722621,335.757
0.025731971,336.601
0.025741276,335.001
0.025750577,334.808
0.025759899,335.592
0.025769245,336.454
0.025778542,334.716
0.025787861,335.466
0.025797180,335.475
0.025806476,334.665
0.025815774,334.737
0.025825078,334.927
0.025834402,335.669
0.025843724,335.595
0.025853024,334.816
0.025862320,334.637
0.025871617,334.717
0.025880917,334.803
0.025890213,334.652
0.025899547,336.007
0.025908845,334.743
0.025918143,334.714
0.025927494,336.632
0.025936818,335.668
0.025946113,334.629
0.025955414,334.816
0.025964711,334.708
0.025974033,335.594
0.025983334,334.814
0.025992655,335.586
0.026001953,334.719
0.026011251,334.730
0.026020551,334.804
0.026029873,335.594
0.026039200,335.776
0.026048498,334.705
0.026057804,335.012
0.026067116,335.255
0.026076430,335.310
0.026085731,334.820
0.026095026,334.634
0.026104371,336.389
0.026113670,334.789
0.026123005,336.045
0.026132365,336.959
0.026141690,335.693
0.026150987,334.708
0.026160282,334.633
0.026169583,334.816
0.026178878,334.636
0.026188213,336.053
0.026197513,334.803
0.026206835,335.599
0.026216162,335.751
0.026225457,334.638
0.026234755,334.715
0.026244087,335.949
0.026253423,336.085
0.026262720,334.706
0.026272026,335.032
0.026281324,334.708
0.026290642,335.457
0.026299943,334.822
0.026309259,335.391
0.026318557,334.715
0.026327900,336.352
0.026337199,334.766
0.026346547,336.543
0.026355849,334.851
0.026365147,334.726
0.026374445,334.750
0.026383795,336.577
0.026393143,336.544
0.026402443,334.812
0.026411739,334.635
0.026421063,335.670
0.026430389,335.751
0.026439707,335.421
0.026449040,335.993
0.026458345,334.970
0.026467648,334.923
0.026476949,334.849
0.026486250,334.841
0.026495547,334.676
0.026504878,335.912
0.026514176,334.723
0.026523499,335.618
0.026532807,335.096
0.026542114,335.054
0.026551439,335.695
0.026560743,334.949
0.026570041,334.721
0.026579337,334.663
0.026588664,335.768
0.026597987,335.652
0.026607308,335.525
0.026616616,335.115
0.026625912,334.644
0.026635210,334.715
0.026644508,334.735
0.026653858,336.617
0.026663185,335.747
0.026672480,334.647
0.026681777,334.697
0.026691105,335.779
0.026700402,334.717
0.026709734,335.931
0.026719061,335.768
0.026728396,336.083
0.026737720,335.665
0.026747023,334.894
0.026756345,335.612
0.026765668,335.613
0.026774966,334.738
0.026784290,335.654
0.026793624,336.026
0.026802932,335.094
0.026812228,334.661
0.026821556,335.791
0.026830904,336.522
0.026840200,334.671
0.026849528,335.792
0.026858824,334.654
0.026868134,335.185
0.026877436,334.854
0.026886754,335.468
0.026896075,335.539
0.026905386,335.206
0.026914730,336.365
0.026924027,334.686
0.026933354,335.781
0.026942666,335.252
0.026951967,334.817
0.026961262,334.636
0.026970587,335.677
0.026979913,335.744
0.026989232,335.476
0.026998531,334.797
0.027007830,334.750
0.027017128,334.720
0.027026447,335.488
0.027035747,334.811
0.027045105,336.886
0.027054429,335.642
0.027063728,334.787
0.027073024,334.647
0.027082324,334.808
0.027091646,335.582
0.027100944,334.717
0.027110242,334.727
0.027119539,334.717
0.027128835,334.632
0.027138135,334.809
0.027147459,335.651
0.027156754,334.641
0.027166064,335.155
0.027175371,335.043
0.027184669,334.749
0.027193971,334.855
0.027203289,335.445
0.027212611,335.585
0.027221911,334.824
0.027231235,335.653
0.027240535,334.797
0.027249842,335.071
0.027259164,335.589
0.027268499,336.048
0.027277795,334.639
0.027287140,336.420
0.027296439,334.787
0.027305761,335.594
0.027315085,335.653
0.027324436,336.644
0.027333734,334.709
0.027343029,334.636
0.027352330,334.817
0.027361625,334.636
0.027370922,334.711
0.027380249,335.746
0.027389562,335.288
0.027398863,334.843
0.027408169,334.999
0.027417467,334.716
0.027426765,334.736
0.027436079,335.313
0.027445377,334.707
0.027454678,334.836
0.027464002,335.694
0.027473298,334.658
0.027482629,335.893
0.027491925,334.649
0.027501223,334.723
0.027510521,334.741
0.027519819,334.724
0.027529114,334.638
0.027538449,336.068
0.027547747,334.702
0.027557045,334.737
0.027566343,334.719
0.027575655,335.248
0.027584956,334.818
0.027594276,335.524
0.027603600,335.657
0.027612932,335.957
0.027622227,334.643
0.027631525,334.696
0.027640827,334.905
0.027650139,335.219
0.027659435,334.633
0.027668764,335.874
0.027678096,335.930
0.027687393,334.717
0.027696693,334.795
0.027705989,334.643
0.027715316,335.768
0.027724620,334.950
0.027733947,335.764
0.027743272,335.693
0.027752594,335.595
0.027761910,335.397
0.027771237,335.765
0.027780534,334.695
0.027789856,335.596
0.027799160,334.945
0.027808482,335.588
0.027817804,335.596
0.027827131,335.746
0.027836447,335.397
0.027845752,334.977
0.027855052,334.811
0.027864373,335.556
0.027873699,335.739
0.027883024,335.676
0.027892347,335.626
0.027901680,336.015
0.027910989,335.102
0.027920300,335.216
0.027929654,336.730
0.027938965,335.188
0.027948285,335.529
0.027957585,334.786
0.027966881,334.668
0.027976183,334.858
0.027985480,334.699
0.027994776,334.646
0.028004084,335.111
0.028013397,335.261
0.028022697,334.811
0.028032019,335.584
0.028041336,335.398
0.028050689,336.705
0.028059996,335.069
0.028069293,334.693
0.028078592,334.746
0.028087889,334.707
0.028097185,334.639
0.028106485,334.808
0.028115802,335.406
0.028125123,335.569
0.028134425,334.885
0.028143721,334.641
0.028153054,335.991
0.028162353,334.780
0.028171669,335.371
0.028180994,335.695
0.028190341,336.489
0.028199640,334.749
0.028208967,335.804
0.028218277,335.145
0.028227573,334.654
0.028236878,334.992
0.028246196,335.439
0.028255494,334.719
0.028264792,334.735
0.028274090,334.719
0.028283385,334.629
0.028292685,334.813
0.028301983,334.698
0.028311314,335.941
0.028320614,334.806
0.028329928,335.274
0.028339228,334.810
0.028348524,334.642
0.028357848,335.664
0.028367174,335.749
0.028376496,335.600
0.028385834,336.168
0.028395159,335.693
0.028404470,335.216
0.028413805,336.045
0.028423106,334.818
0.028432401,334.635
0.028441698,334.708
0.028451025,335.745
0.028460323,334.741
0.028469651,335.798
0.028478974,335.633
0.028488272,334.737
0.028497571,334.764
0.028506869,334.730
0.028516165,334.634
0.028525465,334.824
0.028534762,334.693
0.028544085,335.602
0.028553385,334.814
0.028562694,335.128
0.028571992,334.715
0.028581316,335.689
0.028590661,336.410
0.028599957,334.641
0.028609284,335.769
0.028618581,334.703
0.028627906,335.688
0.028637203,334.712
0.028646516,335.251
0.028655816,334.815
0.028665163,336.487
0.028674460,334.709
0.028683819,336.917
0.028693115,334.641
0.028702412,334.703
0.028711763,336.639
0.028721064,334.811
0.028730359,334.639
0.028739696,336.120
0.028749037,336.280
0.028758361,335.673
0.028767661,334.800
0.028776983,335.596
0.028786285,334.852
0.028795580,334.640
0.028804894,335.287
0.028814192,334.736
0.028823516,335.667
0.028832811,334.635
0.028842112,334.810
0.028851409,334.695
0.028860705,334.644
0.028870010,335.009
0.028879306,334.640
0.028888603,334.709
0.028897904,334.822
0.028907202,334.713
0.028916497,334.640
0.028925797,334.808
0.028935095,334.700
0.028944446,336.640
0.028953743,334.715
0.028963039,334.633
0.028972342,334.911
0.028981662,335.521
0.028990959,334.713
0.029000265,335.008
0.029009601,336.093
0.029018913,335.235
0.029028238,335.696
0.029037537,334.777
0.029046834,334.660
0.029056141,335.064
0.029065436,334.640
0.029074734,334.714
0.029084034,334.787
0.029093392,336.904
0.029102692,334.811
0.029112040,336.522
0.029121338,334.716
0.029130662,335.681
0.029139972,335.138
0.029149267,334.626
0.029158567,334.814
0.029167865,334.706
0.029177183,335.441
0.029186509,335.761
0.029195819,335.168
0.029205117,334.715
0.029214418,334.817
0.029223716,334.742
0.029233011,334.636
0.029242338,335.769
0.029251667,335.816
0.029260993,335.768
0.029270292,334.732
0.029279640,336.540
0.029288941,334.826
0.029298245,334.953
0.029307592,336.492
0.029316918,335.755
0.029326214,334.655
0.029335512,334.702
0.029344836,335.692
0.029354134,334.712
0.029363440,335.008
0.029372743,334.937
0.029382040,334.672
0.029391364,335.669
0.029400691,335.771
0.029410014,335.624
0.029419322,335.102
0.029428618,334.643
0.029437917,334.748
0.029447215,334.755
0.029456542,335.779
0.029465839,334.689
0.029475144,334.983
0.029484442,334.705
0.029493738,334.647
0.029503044,335.031
0.029512339,334.638
0.029521689,336.572
0.029530987,334.733
0.029540284,334.702
0.029549581,334.676
0.029558908,335.802
0.029568255,336.472
0.029577608,336.697
0.029586957,336.562
0.029596252,334.652
0.029605585,335.989
0.029614904,335.462
0.029624202,334.721
0.029633505,334.921
0.029642801,334.642
0.029652098,334.694
0.029661449,336.635
0.029670773,335.665
0.029680095,335.596
0.029689395,334.819
0.029698691,334.629
0.029708020,335.859
0.029717344,335.658
0.029726675,335.937
0.029736008,335.963
0.029745339,335.930
0.029754650,335.192
0.029763948,334.731
0.029773282,336.013
0.029782613,335.932
0.029791942,335.825
0.029801265,335.653
0.029810590,335.692
0.029819888,334.720
0.029829210,335.580
0.029838510,334.806
0.029847806,334.648
0.029857151,336.435
0.029866478,335.755
0.029875773,334.644
0.029885071,334.703
0.029894422,336.644
0.029903719,334.720
0.029913015,334.637
0.029922325,335.150
0.029931673,336.537
0.029940997,335.661
0.029950352,336.779
0.029959674,335.611
0.029969001,335.765
0.029978297,334.638
0.029987621,335.671
0.029996919,334.726
0.030006243,335.671
0.030015561,335.431
0.030024913,336.706
0.030034211,334.693
0.030043506,334.651
0.030052806,334.802
0.030062144,336.169
0.030071442,334.713
0.030080768,335.718
0.030090092,335.670
0.030099418,335.741
0.030108740,335.597
0.030118058,335.460
0.030127359,334.811
0.030136657,334.738
0.030145953,334.666
0.030155255,334.855
0.030164577,335.596
0.030173875,334.721
0.030183174,334.794
0.030192472,334.716
0.030201770,334.716
0.030211068,334.749
0.030220386,335.428
0.030229707,335.565
0.030239060,336.714
0.030248356,334.633
0.030257682,335.762
0.030266980,334.700
0.030276275,334.645
0.030285576,334.810
0.030294871,334.635
0.030304168,334.712
0.030313466,334.727
0.030322764,334.715
0.030332059,334.628
0.030341360,334.815
0.030350657,334.698
0.030359953,334.647
0.030369253,334.805
0.030378548,334.643
0.030387909,336.970
0.030397235,335.734
0.030406566,335.937
0.030415894,335.812
0.030425217,335.602
0.030434533,335.405
0.030443834,334.806
0.030453132,334.739
0.030462427,334.640
0.030471755,335.778
0.030481072,335.433
0.030490393,335.541
0.030499693,334.794
0.030509024,335.937
0.030518322,334.704
0.030527646,335.693
0.030536944,334.722
0.030546239,334.630
0.030555540,334.817
0.030564879,336.224
0.030574206,335.768
0.030583504,334.703
0.030592826,335.594
0.030602126,334.810
0.030611445,335.480
0.030620742,334.710
0.030630040,334.724
0.030639352,335.209
0.030648647,334.629
0.030657948,334.855
0.030667308,336.961
0.030676637,335.827
0.030685941,334.930
0.030695253,335.260
0.030704582,335.819
0.030713878,334.671
0.030723176,334.725
0.030732529,336.698
0.030741824,334.645
0.030751122,334.696
0.030760420,334.744
0.030769741,335.543
0.030779036,334.636
0.030788341,334.981
0.030797651,335.144
0.030806948,334.717
0.030816248,334.792
0.030825560,335.209
0.030834857,334.702
0.030844155,334.740
0.030853453,334.718
0.030862748,334.629
0.030872048,334.810
0.030881380,335.924
0.030890688,335.102
0.030900010,335.603
0.030909306,334.646
0.030918633,335.754
0.030927961,335.839
0.030937285,335.650
0.030946636,336.647
0.030955935,334.757
0.030965244,335.112
0.030974541,334.682
0.030983838,334.716
0.030993138,334.779
0.031002447,335.123
0.031011742,334.636
0.031021043,334.835
0.031030350,335.067
0.031039648,334.717
0.031048974,335.750
0.031058270,334.649
0.031067567,334.696
0.031076866,334.742
0.031086163,334.708
0.031095459,334.642
0.031104759,334.816
0.031114055,334.637
0.031123378,335.640
0.031132678,334.789
0.031141974,334.648
0.031151274,334.808
0.031160569,334.637
0.031169870,334.816
0.031179195,335.694
0.031188517,335.608
0.031197839,335.582
0.031207139,334.818
0.031216436,334.700
0.031225758,335.594
0.031235087,335.823
0.031244383,334.657
0.031253682,334.749
0.031263006,335.696
0.031272305,334.745
0.031281600,334.635
0.031290901,334.818
0.031300198,334.702
0.031309496,334.740
0.031318794,334.720
0.031328090,334.636
0.031337390,334.806
0.031346721,335.924
0.031356034,335.266
0.031365360,335.746
0.031374656,334.648
0.031383975,335.485
0.031393283,335.074
0.031402580,334.717
0.031411929,336.537
0.031421232,334.922
0.031430554,335.604
0.031439852,334.726
0.031449152,334.793
0.031458448,334.642
0.031467748,334.808
0.031477080,335.943
0.031486377,334.708
0.031495675,334.730
0.031505024,336.555
0.031514341,335.399
0.031523652,335.218
0.031532950,334.716
0.031542298,336.551
0.031551599,334.806
0.031560921,335.593
0.031570281,336.960
0.031579605,335.688
0.031588903,334.711
0.031598208,334.971
0.031607508,334.811
0.031616805,334.703
0.031626130,335.696
0.031635428,334.710
0.031644723,334.636
0.031654023,334.817
0.031663333,335.142
0.031672631,334.743
0.031681932,334.805
0.031691227,334.644
0.031700564,336.121
0.031709889,335.694
0.031719186,334.718
0.031728482,334.637
0.031737835,336.721
0.031747148,335.254
0.031756475,335.769
0.031765772,334.699
0.031775113,336.278
0.031784432,335.473
0.031793728,334.668
0.031803027,334.744
0.031812353,335.736
0.031821674,335.581
0.031830992,335.442
0.031840323,335.921
0.031849673,336.605
0.031858995,335.593
0.031868330,336.041
0.031877625,334.639
0.031886923,334.718
0.031896221,334.739
0.031905522,334.805
0.031914848,335.755
0.031924170,335.604
0.031933494,335.644
0.031942819,335.692
0.031952116,334.711
0.031961447,335.924
0.031970748,334.817
0.031980043,334.635
0.031989367,335.664
0.031998723,336.792
0.032008035,335.232
0.032017332,334.701
0.032026657,335.689
0.032035954,334.710
0.032045279,335.681
0.032054603,335.696
0.032063899,334.649
0.032073227,335.791
0.032082575,336.539
0.032091871,334.649
0.032101171,334.813
0.032110489,335.432
0.032119813,335.664
0.032129164,336.638
0.032138477,335.281
0.032147800,335.634
0.032157129,335.819
0.032166452,335.653
0.032175750,334.733
0.032185048,334.707
0.032194360,335.223
0.032203669,335.152
0.032212976,335.043
0.032222300,335.671
0.032231627,335.744
0.032240949,335.588
0.032250259,335.167
0.032259557,334.744
0.032268881,335.669
0.032278177,334.630
0.032287477,334.816
0.032296835,336.889
0.032306133,334.717
0.032315459,335.760
0.032324773,335.304
0.032334074,334.811
0.032343388,335.303
0.032352713,335.701
0.032362019,335.039
0.032371318,334.747
0.032380614,334.662
0.032389928,335.298
0.032399254,335.751
0.032408575,335.543
0.032417903,335.793
0.032427214,335.223
0.032436538,335.657
0.032445863,335.705
0.032455205,336.315
0.032464532,335.778
0.032473855,335.619
0.032483153,334.709
0.032492454,334.832
0.032501763,335.153
0.032511059,334.634
0.032520359,334.818
0.032529655,334.636
0.032538953,334.722
0.032548279,335.747
0.032557589,335.182
0.032566891,334.865
0.032576216,335.692
0.032585514,334.715
0.032594809,334.634
0.032604136,335.763
0.032613467,335.927
0.032622796,335.823
0.032632130,336.037
0.032641428,334.715
0.032650728,334.831
0.032660050,335.592
0.032669374,335.662
0.032678699,335.680
0.032688018,335.489
0.032697313,334.637
0.032706640,335.766
0.032715953,335.275
0.032725275,335.559
0.032734610,336.068
0.032743906,334.665
0.032753216,335.156
0.032762512,334.644
0.032771810,334.746
0.032781197,337.929
0.032790519,335.606
0.032799817,334.724
0.032809116,334.739
0.032818413,334.713
0.032827735,335.587
0.032837062,335.757
0.032846410,336.532
0.032855708,334.720
0.032865062,336.747
0.032874375,335.281
0.032883704,335.850
0.032893044,336.231
0.032902344,334.814
0.032911669,335.693
0.032921018,336.561
0.032930354,336.090
0.032939655,334.840
0.032948952,334.706
0.032958275,335.599
0.032967575,334.809
0.032976870,334.634
0.032986168,334.717
0.032995492,335.681
0.033004790,334.712
0.033014112,335.584
0.033023416,334.971
0.033032714,334.697
0.033042012,334.740
0.033051310,334.715
0.033060621,335.202
0.033069927,335.038
0.033079246,335.486
0.033088544,334.716
0.033097870,335.752
0.033107202,335.937
0.033116512,335.144
0.033125838,335.762
0.033135153,335.318
0.033144448,334.643
0.033153757,335.113
0.033163070,335.261
0.033172397,335.773
0.033181701,334.965
0.033191026,335.670
0.033200326,334.818
0.033209660,336.008
0.033218957,334.713
0.033228255,334.731
0.033237553,334.720
0.033246884,335.929
0.033256185,334.811
0.033265482,334.700
0.033274801,335.500
0.033284108,335.050
0.033293420,335.216
0.033302744,335.666
0.033312068,335.678
0.033321366,334.716
0.033330674,335.100
0.033339996,335.572
0.033349319,335.650
0.033358618,334.746
0.033367942,335.664
0.033377239,334.709
0.033386540,334.836
0.033395836,334.642
0.033405134,334.731
0.033414434,334.797
0.033423756,335.598
0.033433054,334.736
0.033442353,334.733
0.033451670,335.430
0.033460966,334.671
0.033470267,334.836
0.033479564,334.674
0.033488892,335.811
0.033498225,336.003
0.033507537,335.234
0.033516840,334.895
0.033526147,335.053
0.033535445,334.712
0.033544748,334.932
0.033554046,334.716
0.033563382,336.087
0.033572708,335.758
0.033582020,335.230
0.033591354,336.016
0.033600681,335.769
0.033610003,335.590
0.033619303,334.808
0.033628601,334.737
0.033637917,335.355
0.033647243,335.738
0.033656539,334.641
0.033665836,334.693
0.033675160,335.686
0.033684458,334.713
0.033693775,335.410
0.033703075,334.816
0.033712393,335.428
0.033721713,335.549
0.033731017,334.922
0.033740313,334.673
0.033749635,335.592
0.033758934,334.748
0.033768258,335.668
0.033777553,334.640
0.033786854,334.814
0.033796149,334.636
0.033805450,334.817
0.033814773,335.618
0.033824115,336.316
0.033833415,334.807
0.033842737,335.592
0.033852049,335.224
0.033861354,334.985
0.033870653,334.766
0.033879974,335.580
0.033889329,336.753
0.033898627,334.725
0.033907952,335.699
0.033917261,335.137
0.033926583,335.607
0.033935884,334.822
0.033945180,334.669
0.033954479,334.750
0.033963805,335.751
0.033973101,334.643
0.033982398,334.695
0.033991723,335.692
0.034001021,334.718
0.034010336,335.364
0.034019638,334.850
0.034028941,334.935
0.034038267,335.705
0.034047573,335.036
0.034056888,335.322
0.034066188,334.817
0.034075483,334.635
0.034084797,335.277
0.034094095,334.731
0.034103396,334.832
0.034112740,336.385
0.034122067,335.766
0.034131438,337.371
0.034140770,335.939
0.034150070,334.819
0.034159382,335.237
0.034168680,334.714
0.034178031,336.647
0.034187374,336.341
0.034196674,334.795
0.034205969,334.642
0.034215309,336.205
0.034224637,335.822
0.034233934,334.712
0.034243256,335.583
0.034252587,335.915
0.034261909,335.588
0.034271207,334.710
0.034280535,335.833
0.034289858,335.608
0.034299168,335.157
0.034308467,334.783
0.034317765,334.728
0.034327090,335.684
0.034336388,334.722
0.034345683,334.638
0.034355013,335.867
0.034364310,334.712
0.034373620,335.167
0.034382925,334.953
0.034392233,335.109
0.034401531,334.716
0.034410829,334.729
0.034420153,335.667
0.034429448,334.631
0.034438749,334.812
0.034448072,335.645
0.034457368,334.647
0.034466677,335.116
0.034476017,336.234
0.034485343,335.754
0.034494638,334.632
0.034503962,335.665
0.034513289,335.748
0.034522611,335.594
0.034531948,336.156
0.034541273,335.688
0.034550571,334.719
0.034559910,336.221
0.034569214,334.923
0.034578536,335.593
0.034587861,335.694
0.034597190,335.858
0.034606486,334.668
0.034615796,335.154
0.034625092,334.636
0.034634416,335.666
0.034643740,335.684
0.034653038,334.714
0.034662333,334.627
0.034671660,335.771
0.034680957,334.700
0.034690253,334.644
0.034699558,334.997
0.034708880,335.579
0.034718178,334.714
0.034727475,334.725
0.034736789,335.293
0.034746111,335.589
0.034755439,335.799
0.034764736,334.698
0.034774035,334.745
0.034783332,334.712
0.034792627,334.636
0.034801928,334.813
0.034811223,334.638
0.034820536,335.267
0.034829836,334.791
0.034839134,334.713
0.034848431,334.709
0.034857731,334.795
0.034867029,334.742
0.034876351,335.587
0.034885655,334.928
0.034894950,334.628
0.034904247,334.708
0.034913549,334.860
0.034922862,335.248
0.034932185,335.650
0.034941484,334.739
0.034950807,335.661
0.034960132,335.677
0.034969429,334.715
0.034978725,334.637
0.034988025,334.816
0.034997323,334.704
0.035006619,334.653
0.035015919,334.808
0.035025214,334.642
0.035034512,334.720
0.035043837,335.681
0.035053161,335.671
0.035062468,335.042
0.035071794,335.761
0.035081094,334.786
0.035090416,335.593
0.035099743,335.771
0.035109057,335.308
0.035118375,335.458
0.035127698,335.601
0.035137002,334.964
0.035146310,335.102
0.035155634,335.633
0.035164931,334.700
0.035174256,335.692
0.035183575,335.487
0.035192870,334.640
0.035202171,334.815
0.035211466,334.634
0.035220764,334.711
0.035230065,334.856
0.035239361,334.649
0.035248658,334.697
0.035257983,335.697
0.035267281,334.711
0.035276605,335.680
0.035285928,335.624
0.035295243,335.358
0.035304550,335.045
0.035313847,334.699
0.035323179,335.940
0.035332488,335.139
0.035341799,335.184
0.035351097,334.730
0.035360423,335.711
0.035369737,335.309
0.035379057,335.548
0.035388359,334.841
0.035397657,334.731
0.035406966,335.137
0.035416265,334.780
0.035425605,336.222
0.035434906,334.828
0.035444252,336.470
0.035453565,335.256
0.035462870,334.986
0.035472188,335.458
0.035481485,334.695
0.035490810,335.695
0.035500123,335.245
0.035509430,335.052
0.035518730,334.816
0.035528025,334.629
0.035537323,334.716
0.035546624,334.836
0.035555946,335.591
0.035565273,335.764
0.035574570,334.717
0.035583895,335.694
0.035593219,335.676
0.035602529,335.145
0.035611824,334.632
0.035621125,334.814
0.035630422,334.704
0.035639754,335.940
0.035649054,334.808
0.035658349,334.634
0.035667647,334.713
0.035676991,336.380
0.035686316,335.701
0.035695622,335.016
0.035704949,335.783
0.035714274,335.682
0.035723572,334.740
0.035732870,334.720
0.035742185,335.350
0.035751486,334.817
0.035760805,335.513
0.035770118,335.248
0.035779419,334.828
0.035788715,334.667
0.035798052,336.121
0.035807380,335.838
0.035816681,334.837
0.035825977,334.654
0.035835305,335.785
0.035844600,334.637
0.035853898,334.712
0.035863224,335.749
0.035872546,335.600
0.035881873,335.755
0.035891168,334.635
0.035900466,334.715
0.035909764,334.729
0.035919062,334.720
0.035928379,335.412
0.035937705,335.759
0.035947003,334.698
0.035956299,334.655
0.035965629,335.911
0.035974951,335.592
0.035984249,334.712
0.035993582,335.972
0.036002897,335.342
0.036012223,335.744
0.036021519,334.650
0.036030816,334.694
0.036040114,334.741
0.036049412,334.713
0.036058736,335.665
0.036068037,334.859
0.036077359,335.589
0.036086679,335.517
0.036096005,335.747
0.036105342,336.131
0.036114666,335.649
0.036123964,334.740
0.036133288,335.658
0.036142646,336.887
0.036151973,335.759
0.036161268,334.630
0.036170568,334.812
0.036179865,334.692
0.036189197,335.935
0.036198503,335.031
0.036207822,335.480
0.036217146,335.665
0.036226463,335.385
0.036235761,334.763
0.036245081,335.489
0.036254431,336.598
0.036263731,334.811
0.036273027,334.654
0.036282355,335.799
0.036291677,335.624
0.036301005,335.797
0.036310303,334.739
0.036319629,335.726
0.036328956,335.770
0.036338252,334.646
0.036347576,335.678
0.036356901,335.708
0.036366213,335.223
0.036375535,335.587
0.036384836,334.816
0.036394131,334.634
0.036403428,334.710
0.036412755,335.753
0.036422051,334.652
0.036431375,335.652
0.036440673,334.732
0.036449970,334.719
0.036459269,334.738
0.036468566,334.719
0.036477862,334.631
0.036487162,334.811
0.036496459,334.693
0.036505781,335.607
0.036515119,336.145
0.036524415,334.661
0.036533713,334.726
0.036543038,335.691
0.036552338,334.804
0.036561633,334.631
0.036570936,334.890
0.036580278,336.347
0.036589574,334.641
0.036598874,334.809
0.036608188,335.288
0.036617488,334.813
0.036626794,335.001
0.036636118,335.663
0.036645425,335.041
0.036654720,334.646
0.036664017,334.695
0.036673369,336.642
0.036682666,334.716
0.036691962,334.640
0.036701262,334.814
0.036710599,336.126
0.036719923,335.667
0.036729249,335.746
0.036738590,336.267
0.036747917,335.762
0.036757239,335.592
0.036766556,335.402
0.036775909,336.719
0.036785227,335.446
0.036794530,334.907
0.036803840,335.165
0.036813138,334.732
0.036822464,335.734
0.036831763,334.750
0.036841074,335.231
0.036850405,335.894
0.036859701,334.667
0.036868999,334.716
0.036878300,334.824
0.036887623,335.629
0.036896920,334.699
0.036906244,335.689
0.036915542,334.718
0.036924838,334.634
0.036934138,334.815
0.036943433,334.637
0.036952731,334.715
0.036962031,334.797
0.036971344,335.268
0.036980644,334.810
0.036989940,334.630
0.036999237,334.713
0.037008535,334.733
0.037017833,334.722
0.037027129,334.636
0.037036485,336.824
0.037045795,335.160
0.037055113,335.441
0.037064440,335.779
0.037073796,336.821
0.037083094,334.746
0.037092445,336.631
0.037101743,334.722
0.037111039,334.636
0.037120366,335.782
0.037129663,334.692
0.037138988,335.696
0.037148296,335.097
0.037157638,336.310
0.037166938,334.816
0.037176234,334.633
0.037185532,334.722
0.037194858,335.742
0.037204180,335.597
0.037213504,335.651
0.037222855,336.644
0.037232179,335.669
0.037241500,335.550
0.037250827,335.767
0.037260158,335.917
0.037269490,335.964
0.037278786,334.670
0.037288085,334.737
0.037297385,334.802
0.037306718,336.014
0.037316050,335.926
0.037325350,334.814
0.037334665,335.329
0.037343989,335.689
0.037353287,334.716
0.037362583,334.637
0.037371909,335.766
0.037381205,334.638
0.037390503,334.718
0.037399803,334.800
0.037409098,334.647
0.037418395,334.692
0.037427720,335.692
0.037437018,334.723
0.037446313,334.635
0.037455614,334.815
0.037464936,335.595
0.037474234,334.721
0.037483535,334.829
0.037492848,335.280
0.037502157,335.119
0.037511455,334.748
0.037520774,335.468
0.037530086,335.229
0.037539385,334.761
0.037548701,335.403
0.037558017,335.363
0.037567364,336.507
0.037576687,335.605
0.037585988,334.843
0.037595284,334.663
0.037604582,334.728
0.037613881,334.755
0.037623180,334.754
0.037632528,336.543
0.037641856,335.786
0.037651171,335.351
0.037660470,334.770
0.037669830,336.975
0.037679152,335.589
0.037688453,334.821
0.037697748,334.631
0.037707046,334.726
0.037716346,334.805
0.037725668,335.594
0.037734992,335.651
0.037744317,335.693
0.037753615,334.719
0.037762910,334.633
0.037772213,334.928
0.037781536,335.594
0.037790836,334.817
0.037800189,336.719
0.037809512,335.615
0.037818847,336.056
0.037828166,335.499
0.037837465,334.749
0.037846795,335.870
0.037856114,335.505
0.037865410,334.637
0.037874736,335.763
0.037884033,334.695
0.037893329,334.641
0.037902637,335.075
0.037911949,335.237
0.037921256,335.061
0.037930581,335.696
0.037939879,334.725
0.037949205,335.742
0.037958511,335.025
0.037967824,335.256
0.037977156,335.949
0.037986453,334.717
0.037995776,335.612
0.038005077,334.847
0.038014387,335.141
0.038023685,334.750
0.038033016,335.883
0.038042327,335.224
0.038051650,335.615
0.038060975,335.692
0.038070273,334.720
0.038079571,334.743
0.038088896,335.690
0.038098191,334.642
0.038107518,335.766
0.038116815,334.701
0.038126137,335.593
0.038135464,335.762
0.038144773,335.115
0.038154071,334.718
0.038163369,334.734
0.038172693,335.668
0.038181988,334.631
0.038191315,335.763
0.038200612,334.702
0.038209933,335.558
0.038219242,335.116
0.038228537,334.635
0.038237838,334.820
0.038247160,335.589
0.038256458,334.723
0.038265765,335.059
0.038275072,335.049
0.038284382,335.154
0.038293681,334.782
0.038303005,335.677
0.038312302,334.667
0.038321603,334.846
0.038330899,334.636
0.038340197,334.746
0.038349579,337.744
0.038358894,335.335
0.038368192,334.754
0.038377544,336.671
0.038386860,335.366
0.038396211,336.642
0.038405536,335.696
0.038414879,336.339
0.038424206,335.763
0.038433503,334.702
0.038442838,336.068
0.038452165,335.758
0.038461502,336.145
0.038470826,335.660
0.038480151,335.687
0.038489467,335.387
0.038498793,335.742
0.038508090,334.686
0.038517387,334.705
0.038526741,336.736
0.038536051,335.167
0.038545368,335.402
0.038554674,335.003
0.038564018,336.395
0.038573316,334.718
0.038582619,334.925
0.038591930,335.186
0.038601254,335.656
0.038610580,335.754
0.038619878,334.720
0.038629200,335.584
0.038638534,336.026
0.038647858,335.672
0.038657185,335.780
0.038666482,334.701
0.038675778,334.652
0.038685105,335.766
0.038694401,334.634
0.038703698,334.711
0.038712996,334.731
0.038722335,336.182
0.038731630,334.631
0.038740937,335.046
0.038750234,334.695
0.038759529,334.644
0.038768832,334.894
0.038778164,335.941
0.038787491,335.777
0.038796849,336.885
0.038806163,335.303
0.038815489,335.744
0.038824797,335.073
0.038834120,335.643
0.038843445,335.690
0.038852764,335.507
0.038862060,334.635
0.038871387,335.768
0.038880724,336.137
0.038890022,334.718
0.038899348,335.747
0.038908670,335.583
0.038917998,335.815
0.038927303,334.989
0.038936619,335.377
0.038945918,334.760
0.038955227,335.128
0.038964523,334.665
0.038973856,335.986
0.038983166,335.161
0.038992462,334.645
0.039001763,334.822
0.039011058,334.637
0.039020371,335.257
0.039029695,335.689
0.039039009,335.299
0.039048315,335.009
0.039057616,334.815
0.039066913,334.697
0.039076211,334.747
0.039085518,335.054
0.039094840,335.597
0.039104141,334.816
0.039113436,334.634
0.039122734,334.714
0.039132060,335.748
0.039141356,334.644
0.039150653,334.687
0.039159951,334.739
0.039169249,334.721
0.039178544,334.639
0.039187871,335.775
0.039197194,335.608
0.039206518,335.682
0.039215819,334.826
0.039225177,336.899
0.039234478,334.818
0.039243773,334.630
0.039253097,335.668
0.039262397,334.800
0.039271732,336.034
0.039281027,334.638
0.039290354,335.766
0.039299678,335.652
0.039308973,334.640
0.039318279,334.996
0.039327622,336.356
0.039336919,334.713
0.039346244,335.691
0.039355558,335.310
0.039364880,335.565
0.039374207,335.770
0.039383504,334.702
0.039392829,335.690
0.039402126,334.708
0.039411448,335.582
0.039420774,335.755
0.039430096,335.582
0.039439442,336.454
0.039448768,335.742
0.039458063,334.636
0.039467384,335.555
0.039476683,334.762
0.039486025,336.280
0.039495346,335.572
0.039504677,335.909
0.039513972,334.637
0.039523273,334.825
0.039532580,335.059
0.039541876,334.642
0.039551179,334.899
0.039560500,335.591
0.039569798,334.713
0.039579122,335.679
0.039588420,334.719
0.039597716,334.631
0.039607016,334.800
0.039616313,334.701
0.039625635,335.602
0.039634962,335.757
0.039644300,336.179
0.039653598,334.719
0.039662896,334.728
0.039672193,334.714
0.039681493,334.794
0.039690789,334.647
0.039700103,335.297
0.039709427,335.689
0.039718749,335.574
0.039728044,334.633
0.039737345,334.811
0.039746640,334.652
0.039755953,335.250
0.039765254,334.851
0.039774577,335.615
0.039783878,334.842
0.039793174,334.655
0.039802491,335.403
0.039811816,335.716
0.039821126,335.141
0.039830469,336.343
0.039839823,336.740
0.039849143,335.518
0.039858439,334.657
0.039867766,335.774
0.039877082,335.376
0.039886406,335.667
0.039895730,335.688
0.039905055,335.670
0.039914381,335.750
0.039923677,334.646
0.039933000,335.648
0.039942299,334.742
0.039951659,336.973
0.039960975,335.390
0.039970276,334.807
0.039979620,336.407
0.039988918,334.722
0.039998274,336.800
0.040007570,334.657
0.040016915,336.438
0.040026216,334.825
0.040035514,334.738
0.040044820,335.014
0.040054148,335.815
0.040063444,334.638
0.040072744,334.820
0.040082068,335.647
0.040091399,335.942
0.040100700,334.812
0.040110019,335.496
0.040119317,334.724
0.040128642,335.712
0.040137941,334.740
0.040147272,335.932
0.040156580,335.078
0.040165878,334.720
0.040175200,335.598
0.040184554,336.768
0.040193894,336.234
0.040203221,335.766
0.040212568,336.494
0.040221866,334.718
0.040231172,335.019
0.040240470,334.720
0.040249768,334.719
0.040259071,334.907
0.040268368,334.718
0.040277700,335.928
0.040287000,334.820
0.040296296,334.636
0.040305618,335.593
0.040314945,335.799
0.040324258,335.267
0.040333585,335.763
0.040342907,335.593
0.040352224,335.417
0.040361583,336.910
0.040370881,334.722
0.040380176,334.632
0.040389482,335.022
0.040398806,335.647
0.040408101,334.646
0.040417402,334.815
0.040426724,335.592
0.040436021,334.715
0.040445319,334.726
0.040454617,334.715
0.040463913,334.639
0.040473215,334.874
0.040482541,335.755
0.040491840,334.766
0.040501138,334.730
0.040510434,334.637
0.040519742,335.092
0.040529037,334.637
0.040538361,335.670
0.040547661,334.788
0.040556969,335.084
0.040566266,334.701
0.040575611,336.409
0.040584910,334.761
0.040594239,335.833
0.040603542,334.915
0.040612838,334.674
0.040622189,336.628
0.040631542,336.699
0.040640900,336.905
0.040650209,335.100
0.040659531,335.593
0.040668855,335.668
0.040678153,334.733
0.040687451,334.722
0.040696782,335.926
0.040706087,334.982
0.040715384,334.694
0.040724680,334.645
0.040734009,335.864
0.040743331,335.595
0.040752629,334.712
0.040761927,334.733
0.040771243,335.382
0.040780570,335.752
0.040789875,334.989
0.040799215,336.256
0.040808540,335.692
0.040817838,334.714
0.040827160,335.591
0.040836487,335.766
0.040845835,336.542
0.040855159,335.681
0.040864474,335.339
0.040873791,335.401
0.040883089,334.714
0.040892414,335.697
0.040901728,335.324
0.040911053,335.686
0.040920351,334.722
0.040929665,335.308
0.040938991,335.763
0.040948289,334.698
0.040957611,335.596
0.040966911,334.813
0.040976208,334.705
0.040985507,334.731
0.040994836,335.860
0.041004134,334.720
0.041013456,335.587
0.041022756,334.811
0.041032079,335.643
0.041041400,335.556
0.041050709,335.107
0.041060004,334.634
0.041069340,336.091
0.041078662,335.588
0.041087979,335.417
0.041097332,336.691
0.041106654,335.601
0.041115951,334.697
0.041125298,336.476
0.041134598,334.807
0.041143917,335.480
0.041153218,334.861
0.041162514,334.642
0.041171839,335.694
0.041181165,335.749
0.041190461,334.652
0.041199814,336.715
0.041209119,334.983
0.041218425,335.012
0.041227754,335.822
0.041237052,334.748
0.041246348,334.642
0.041255675,335.790
0.041265013,336.151
0.041274332,335.473
0.041283663,335.917
0.041292979,335.397
0.041302304,335.680
0.041311629,335.711
0.041320927,334.721
0.041330222,334.627
0.041339522,334.813
0.041348819,334.697
0.041358170,336.637
0.041367468,334.717
0.041376790,335.591
0.041386117,335.765
0.041395412,334.632
0.041404710,334.717
0.041414036,335.747
0.041423333,334.679
0.041432643,335.146
0.041441941,334.746
0.041451239,334.713
0.041460536,334.718
0.041469838,334.844
0.041479133,334.639
0.041488431,334.717
0.041497731,334.807
0.041507045,335.305
0.041516346,334.847
0.041525642,334.660
0.041534940,334.728
0.041544265,335.684
0.041553563,334.713
0.041562858,334.628
0.041572162,334.945
0.041581482,335.511
0.041590817,336.072
0.041600143,335.755
0.041609439,334.635
0.041618737,334.719
0.041628035,334.732
0.041637359,335.663
0.041646654,334.629
0.041655954,334.810
0.041665251,334.703
0.041674550,334.740
0.041683893,336.338
0.041693205,335.251
0.041702566,336.978
0.041711865,334.765
0.041721190,335.713
0.041730543,336.708
0.041739839,334.651
0.041749162,335.638
0.041758488,335.726
0.041767802,335.298
0.041777124,335.591
0.041786424,334.811
0.041795772,336.534
0.041805099,335.769
0.041814396,334.695
0.041823712,335.359
0.041833039,335.769
0.041842346,335.070
0.041851644,334.718
0.041860942,334.734
0.041870240,334.719
0.041879535,334.637
0.041888836,334.821
0.041898154,335.453
0.041907450,334.644
0.041916757,335.053
0.041926052,334.635
0.041935360,335.085
0.041944686,335.722
0.041954004,335.464
0.041963331,335.768
0.041972637,335.035
0.041981982,336.399
0.041991280,334.743
0.042000578,334.720
0.042009909,335.927
0.042019236,335.766
0.042028572,336.100
0.042037870,334.711
0.042047173,334.899
0.042056504,335.936
0.042065801,334.697
0.042075161,336.941
0.042084458,334.718
0.042093757,334.732
0.042103054,334.717
0.042112369,335.316
0.042121695,335.763
0.042130993,334.699
0.042140288,334.643
0.042149615,335.762
0.042158923,335.098
0.042168221,334.719
0.042177551,335.867
0.042186848,334.719
0.042196170,335.569
0.042205471,334.838
0.042214768,334.703
0.042224127,336.902
0.042233435,335.117
0.042242776,336.265
0.042252078,334.884
0.042261374,334.645
0.042270715,336.278
0.042280069,336.726
0.042289387,335.473
0.042298698,335.191
0.042307996,334.736
0.042317315,335.482
0.042326611,334.635
0.042335941,335.875
0.042345236,334.640
0.042354534,334.714
0.042363886,336.695
0.042373208,335.593
0.042382517,335.119
0.042391813,334.644
0.042401130,335.409
0.042410428,334.735
0.042419726,334.715
0.042429021,334.637
0.042438355,336.000
0.042447678,335.661
0.042457010,335.945
0.042466314,334.937
0.042475624,335.175
0.042484948,335.663
0.042494301,336.701
0.042503618,335.393
0.042512944,335.751
0.042522267,335.610
0.042531573,335.031
0.042540898,335.700
0.042550196,334.718
0.042559518,335.589
0.042568818,334.817
0.042578114,334.640
0.042587460,336.471
0.042596760,334.791
0.042606097,336.127
0.042615406,335.116
0.042624730,335.690
0.042634028,334.716
0.042643350,335.593
0.042652677,335.790
0.042661990,335.263
0.042671317,335.761
0.042680641,335.656
0.042689946,334.978
0.042699247,334.859
0.042708543,334.643
0.042717841,334.744
0.042727171,335.880
0.042736483,335.224
0.042745806,335.604
0.042755133,335.799
0.042764431,334.700
0.042773779,336.545
0.042783080,334.835
0.042792421,336.287
0.042801733,335.216
0.042811055,335.589
0.042820354,334.763
0.042829680,335.762
0.042839029,336.555
0.042848340,335.204
0.042857639,334.738
0.042866936,334.717
0.042876232,334.637
0.042885559,335.764
0.042894854,334.635
0.042904178,335.665
0.042913478,334.795
0.042922790,335.246
0.042932117,335.753
0.042941416,334.755
0.042950714,334.754
0.042960039,335.684
0.042969337,334.717
0.042978658,335.584
0.042987959,334.809
0.042997279,335.541
0.043006589,335.144
0.043015916,335.767
0.043025225,335.143
0.043034523,334.714
0.043043821,334.734
0.043053145,335.666
0.043062465,335.533
0.043071794,335.823
0.043081100,335.028
0.043090427,335.784
0.043099735,335.082
0.043109057,335.588
0.043118358,334.820
0.043127654,334.654
0.043136952,334.727
0.043146284,335.975
0.043155604,335.507
0.043164901,334.704
0.043174234,335.985
0.043183533,334.753
0.043192829,334.644
0.043202182,336.722
0.043211477,334.629
0.043220801,335.649
0.043230101,334.796
0.043239459,336.903
0.043248767,335.103
0.043258063,334.636
0.043267361,334.713
0.043276659,334.737
0.043286007,336.528
0.043295329,335.584
0.043304660,335.934
0.043313957,334.695
0.043323253,334.654
0.043332553,334.807
0.043341849,334.640
0.043351164,335.350
0.043360489,335.706
0.043369831,336.290
0.043379158,335.796
0.043388455,334.677
0.043397752,334.703
0.043407050,334.736
0.043416378,335.785
0.043425715,336.140
0.043435042,335.776
0.043444377,336.071
0.043453675,334.716
0.043462975,334.795
0.043472271,334.643
0.043481568,334.694
0.043490866,334.737
0.043500206,336.254
0.043509528,335.592
0.043518855,335.769
0.043528169,335.290
0.043537469,334.817
0.043546777,335.068
0.043556073,334.649
0.043565373,334.807
0.043574668,334.638
0.043583992,335.661
0.043593290,334.729
0.043602588,334.711
0.043611910,335.590
0.043621219,335.141
0.043630538,335.467
0.043639842,334.961
0.043649143,334.843
0.043658440,334.671
0.043667766,335.740
0.043677073,335.052
0.043686371,334.718
0.043695670,334.793
0.043704966,334.640
0.043714263,334.696
0.043723588,335.693
0.043732912,335.661
0.043742248,336.120
0.043751575,335.757
0.043760919,336.376
0.043770243,335.663
0.043779542,334.789
0.043788858,335.369
0.043798155,334.699
0.043807480,335.686
0.043816778,334.714
0.043826082,334.968
0.043835383,334.818
0.043844697,335.299
0.043853997,334.801
0.043863294,334.688
0.043872616,335.597
0.043881945,335.862
0.043891267,335.591
0.043900591,335.659
0.043909916,335.686
0.043919214,334.753
0.043928511,334.665
0.043937814,334.933
0.043947159,336.401
0.043956481,335.603
0.043965808,335.758
0.043975103,334.634
0.043984404,334.821
0.043993725,335.563
0.044003023,334.715
0.044012349,335.737
0.044021644,334.645
0.044030941,334.695
0.044040240,334.739
0.044049537,334.716
0.044058855,335.437
0.044068160,334.965
0.044077455,334.635
0.044086779,335.672
0.044096079,334.789
0.044105374,334.638
0.044114671,334.693
0.044123971,334.792
0.044133286,335.323
0.044142581,334.630
0.044151883,334.857
0.044161182,334.758
0.044170485,334.914
0.044179809,335.674
0.044189106,334.684
0.044198407,334.849
0.044207739,335.932
0.044217037,334.741
0.044226337,334.819
0.044235650,335.255
0.044244948,334.726
0.044254273,335.693
0.044263571,334.716
0.044272895,335.691
0.044282219,335.667
0.044291515,334.634
0.044300845,335.882
0.044310142,334.700
0.044319438,334.649
0.044328743,334.970
0.044338052,335.130
0.044347349,334.719
0.044356648,334.742
0.044365972,335.664
0.044375292,335.521
0.044384592,334.812
0.044393919,335.758
0.044403215,334.662
0.044412515,334.815
0.044421811,334.638
0.044431111,334.818
0.044440432,335.540
0.044449776,336.389
0.044459122,336.469
0.044468419,334.672
0.044477752,336.007
0.044487059,335.051
0.044496358,334.759
0.044505654,334.647
0.044514984,335.871
0.044524279,334.636
0.044533577,334.723
0.044542903,335.752
0.044552200,334.671
0.044561501,334.828
0.044570823,335.592
0.044580120,334.710
0.044589418,334.726
0.044598716,334.714
0.044608011,334.637
0.044617338,335.766
0.044626635,334.691
0.044635952,335.427
0.044645255,334.910
0.044654551,334.642
0.044663849,334.712
0.044673150,334.860
0.044682495,336.403
0.044691842,336.493
0.044701169,335.770
0.044710466,334.700
0.044719800,336.007
0.044729149,336.595
0.044738465,335.354
0.044747776,335.199
0.044757099,335.616
0.044766397,334.734
0.044775697,334.799
0.044785032,336.087
0.044794353,335.533
0.044803707,336.753
0.044813005,334.711
0.044822353,336.541
0.044831653,334.812
0.044840966,335.269
0.044850293,335.771
0.044859590,334.696
0.044868902,335.235
0.044878229,335.761
0.044887538,335.133
0.044896884,336.455
0.044906182,334.733
0.044915494,335.210
0.044924816,335.581
0.044934142,335.763
0.044943440,334.699
0.044952787,336.498
0.044962087,334.811
0.044971409,335.589
0.044980709,334.809
0.044990005,334.636
0.044999329,335.670
0.045008655,335.747
0.045017996,336.274
0.045027294,334.731
0.045036593,334.769
0.045045914,335.566
0.045055237,335.621
0.045064564,335.779
0.045073901,336.132
0.045083199,334.716
0.045092525,335.738
0.045101821,334.646
0.045111118,334.695
0.045120443,335.692
0.045129743,334.805
0.045139069,335.730
0.045148392,335.630
0.045157687,334.637
0.045167014,335.763
0.045176311,334.701
0.045185633,335.588
0.045194933,334.811
0.045204229,334.634
0.045213526,334.713
0.045222851,335.679
0.045232175,335.666
0.045241470,334.637
0.045250773,334.883
0.045260093,335.536
0.045269415,335.596
0.045278716,334.809
0.045288037,335.586
0.045297347,335.156
0.045306654,335.046
0.045315952,334.730
0.045325285,335.982
0.045334581,334.647
0.045343904,335.646
0.045353203,334.741
0.045362522,335.504
0.045371820,334.710
0.045381121,334.845
0.045390452,335.930
0.045399786,336.015
0.045409112,335.747
0.045418408,334.642
0.045427708,334.816
0.045437004,334.637
0.045446301,334.708
0.045455601,334.781
0.045464898,334.716
0.045474194,334.630
0.045483494,334.814
0.045492830,336.086
0.045502125,334.636
0.045511430,334.965
0.045520725,334.636
0.045530023,334.712
0.045539321,334.729
0.045548619,334.721
0.045557914,334.628
0.045567256,336.326
0.045576556,334.787
0.045585878,335.598
0.045595214,336.092
0.045604510,334.646
0.045613854,336.385
0.045623179,335.724
0.045632531,336.657
0.045641864,335.976
0.045651160,334.677
0.045660458,334.704
0.045669757,334.769
0.045679055,334.737
0.045688374,335.489
0.045697702,335.795
0.045707024,335.614
0.045716349,335.677
0.045725649,334.797
0.045734989,336.255
0.045744290,334.813
0.045753611,335.590
0.045762909,334.721
0.045772207,334.731
0.045781505,334.714
0.045790863,336.884
0.045800194,335.933
0.045809491,334.697
0.045818787,334.652
0.045828114,335.769
0.045837472,336.894
0.045846795,335.629
0.045856129,336.020
0.045865457,335.809
0.045874784,335.760
0.045884106,335.595
0.045893430,335.647
0.045902754,335.694
0.045912052,334.715
0.045921347,334.629
0.045930679,335.935
0.045940001,335.587
0.045949347,336.474
0.045958675,335.799
0.045967997,335.596
0.045977296,334.744
0.045986621,335.709
0.045995919,334.722
0.046005217,334.752
0.046014552,336.038
0.046023874,335.590
0.046033175,334.845
0.046042499,335.663
0.046051795,334.653
0.046061123,335.800
0.046070419,334.655
0.046079717,334.733
0.046089015,334.729
0.046098327,335.247
0.046107651,335.671
0.046116986,336.066
0.046126332,336.450
0.046135631,334.768
0.046144936,334.964
0.046154279,336.357
0.046163607,335.818
0.046172903,334.640
0.046182201,334.725
0.046191501,334.786
0.046200809,335.108
0.046210120,335.189
0.046219471,336.644
0.046228769,334.722
0.046238091,335.586
0.046247391,334.816
0.046256730,336.178
0.046266027,334.720
0.046275353,335.739
0.046284667,335.299
0.046293968,334.813
0.046303289,335.583
0.046312613,335.664
0.046321911,334.725
0.046331221,335.138
0.046340516,334.635
0.046349820,334.924
0.046359166,336.459
0.046368461,334.648
0.046377798,336.107
0.046387093,334.636
0.046396417,335.668
0.046405723,335.017
0.046415033,335.144
0.046424329,334.656
0.046433656,335.769
0.046442953,334.707
0.046452252,334.738
0.046461549,334.716
0.046470845,334.631
0.046480145,334.817
0.046489452,335.060
0.046498750,334.716
0.046508050,334.789
0.046517358,335.114
0.046526655,334.699
0.046535980,335.690
0.046545278,334.717
0.046554624,336.464
0.046563977,336.714
0.046573313,336.077
0.046582671,336.910
0.046591972,334.837
0.046601295,335.605
0.046610623,335.802
0.046619934,335.218
0.046629233,334.754
0.046638533,334.804
0.046647865,335.940
0.046657200,336.083
0.046666496,334.637
0.046675839,336.370
0.046685138,334.732
0.046694459,335.583
0.046703769,335.152
0.046713075,335.000
0.046722372,334.695
0.046731694,335.597
0.046740994,334.809
0.046750304,335.169
0.046759602,334.716
0.046768927,335.681
0.046778250,335.662
0.046787546,334.633
0.046796873,335.762
0.046806196,335.648
0.046815521,335.696
0.046824823,334.858
0.046834145,335.603
0.046843472,335.775
0.046852767,334.637
0.046862114,336.468
0.046871451,336.151
0.046880750,334.735
0.046890048,334.729
0.046899375,335.796
0.046908673,334.723
0.046918021,336.540
0.046927348,335.764
0.046936644,334.636
0.046945944,334.806
0.046955241,334.697
0.046964537,334.650
0.046973844,335.058
0.046983139,334.632
0.046992437,334.706
0.047001761,335.687
0.047011072,335.184
0.047020367,334.632
0.047029694,335.761
0.047039018,335.649
0.047048349,335.937
0.047057702,336.716
0.047066998,334.635
0.047076295,334.712
0.047085600,334.951
0.047094899,334.789
0.047104226,335.764
0.047113523,334.678
0.047122821,334.724
0.047132119,334.743
0.047141452,335.987
0.047150749,334.699
0.047160103,336.735
0.047169399,334.651
0.047178710,335.209
0.047188037,335.774
0.047197333,334.649
0.047206657,335.650
0.047215955,334.749
0.047225270,335.344
0.047234595,335.686
0.047243929,336.025
0.047253251,335.581
0.047262577,335.765
0.047271875,334.699
0.047281218,336.366
0.047290518,334.809
0.047299814,334.630
0.047309111,334.711
0.047318415,334.921
0.047327739,335.670
0.047337061,335.595
0.047346364,334.926
0.047355662,334.714
0.047364958,334.648
0.047374311,336.716
0.047383606,334.634
0.047392933,335.779
0.047402254,335.536
0.047411584,335.892
0.047420885,334.823
0.047430191,335.037
0.047439490,334.741
0.047448815,335.695
0.047458112,334.717
0.047467408,334.635
0.047476708,334.815
0.047486019,335.190
0.047495317,334.715
0.047504616,334.791
0.047513939,335.596
0.047523236,334.699
0.047532587,336.639
0.047541884,334.712
0.047551209,335.682
0.047560507,334.714
0.047569828,335.589
0.047579155,335.754
0.047588452,334.697
0.047597750,334.712
0.047607082,335.952
0.047616377,334.636
0.047625675,334.719
0.047634976,334.841
0.047644300,335.664
0.047653595,334.637
0.047662905,335.146
0.047672246,336.270
0.047681553,335.069
0.047690877,335.657
0.047700198,335.549
0.047709534,336.089
0.047718830,334.667
0.047728143,335.277
0.047737444,334.829
0.047746776,335.940
0.047756112,336.115
0.047765411,334.751
0.047774709,334.719
0.047784004,334.640
0.047793305,334.810
0.047802626,335.582
0.047811924,334.717
0.047821225,334.822
0.047830520,334.648
0.047839877,336.823
0.047849198,335.587
0.047858538,336.237
0.047867863,335.685
0.047877173,335.171
0.047886495,335.588
0.047895796,334.821
0.047905093,334.696
0.047914389,334.645
0.047923695,335.030
0.047933053,336.886
0.047942377,335.659
0.047951675,334.731
0.047960973,334.717
0.047970299,335.741
0.047979631,335.961
0.047988938,335.046
0.047998237,334.763
0.048007535,334.727
0.048016857,335.591
0.048026157,334.817
0.048035489,335.931
0.048044786,334.720
0.048054086,334.796
0.048063382,334.647
0.048072679,334.701
0.048081979,334.800
0.048091324,336.404
0.048100645,335.561
0.048109946,334.824
0.048119241,334.635
0.048128542,334.820
0.048137865,335.653
0.048147178,335.246
0.048156478,334.812
0.048165774,334.636
0.048175071,334.717
0.048184375,334.952
0.048193686,335.177
0.048202981,334.637
0.048212282,334.817
0.048221579,334.697
0.048230925,336.444
0.048240225,334.815
0.048249569,336.378
0.048258869,334.815
0.048268220,336.638
0.048277519,334.752
0.048286820,334.819
0.048296142,335.589
0.048305465,335.644
0.048314763,334.742
0.048324061,334.713
0.048333358,334.711
0.048342659,334.833
0.048351968,335.102
0.048361288,335.529
0.048370641,336.690
0.048379936,334.644
0.048389233,334.698
0.048398532,334.733
0.048407829,334.717
0.048417125,334.633
0.048426451,335.761
0.048435791,336.233
0.048445118,335.762
0.048454415,334.700
0.048463753,336.172
0.048473056,334.910
0.048482352,334.634
0.048491649,334.724
0.048500974,335.693
0.048510285,335.204
0.048519604,335.455
0.048528904,334.820
0.048538235,335.893
0.048547533,334.747
0.048556863,335.871
0.048566176,335.259
0.048575506,335.907
0.048584803,334.669
0.048594118,335.334
0.048603452,336.047
0.048612749,334.680
0.048622109,336.961
0.048631408,334.767
0.048640706,334.735
0.048650015,335.113
0.048659315,334.814
0.048668611,334.633
0.048677908,334.720
0.048687208,334.792
0.048696504,334.644
0.048705826,335.601
0.048715151,335.692
0.048724475,335.665
0.048733782,335.048
0.048743106,335.674
0.048752401,334.636
0.048761735,336.025
0.048771033,334.696
0.048780376,336.352
0.048789702,335.756
0.048799024,335.588
0.048808345,335.548
0.048817646,334.826
0.048827004,336.897
0.048836302,334.719
0.048845630,335.819
0.048854954,335.654
0.048864252,334.739
0.048873576,335.667
0.048882898,335.588
0.048892205,335.061
0.048901502,334.672
0.048910821,335.488
0.048920147,335.757
0.048929484,336.115
0.048938805,335.544
0.048948103,334.748
0.048957402,334.746
0.048966724,335.591
0.048976024,334.825
0.048985320,334.632
0.048994653,336.008
0.049003953,334.794
0.049013249,334.649
0.049022576,335.768
0.049031898,335.592
0.049041195,334.718
0.049050546,336.633
0.049059844,334.719
0.049069168,335.651
0.049078469,334.835
0.049087766,334.721
0.049097073,335.045
0.049106407,336.027
0.049115703,334.640
0.049125012,335.113
0.049134344,335.965
0.049143668,335.667
0.049152968,334.810
0.049162274,334.989
0.049171571,334.701
0.049180869,334.738
0.049190167,334.715
0.049199489,335.587
0.049208789,334.818
0.049218097,335.078
0.049227416,335.501
0.049236747,335.919
0.049246065,335.417
0.049255374,335.134
0.049264699,335.689
0.049273996,334.718
0.049283317,335.554
0.049292618,334.812
0.049301930,335.265
0.049311260,335.847
0.049320557,334.705
0.049329872,335.339
0.049339172,334.811
0.049348494,335.593
0.049357792,334.719
0.049367137,336.426
0.049376449,335.230
0.049385746,334.673
0.049395046,334.835
0.049404366,335.487
0.049413699,336.019
0.049423028,335.837
0.049432324,334.660
0.049441622,334.731
0.049450930,335.070
0.049460228,334.719
0.049469554,335.745
0.049478876,335.592
0.049488173,334.702
0.049497500,335.780
0.049506824,335.661
0.049516168,336.377
0.049525469,334.817
0.049534764,334.634
0.049544062,334.717
0.049553394,335.957
0.049562705,335.212
0.049572040,336.037
0.049581364,335.692
0.049590662,334.716
0.049599996,336.009
0.049609320,335.668
0.049618635,335.332
0.049627937,334.888
0.049637246,335.122
0.049646542,334.650
0.049655843,334.837
0.049665138,334.632
0.049674436,334.719
0.049683734,334.732
0.049693046,335.229
0.049702341,334.638
0.049711648,335.034
0.049720945,334.697
0.049730241,334.647
0.049739543,334.866
0.049748864,335.581
0.049758162,334.718
0.049767487,335.684
0.049776784,334.717
0.049786111,335.748
0.049795461,336.602
0.049804785,335.671
0.049814083,334.743
0.049823381,334.719
0.049832699,335.437
0.049842003,334.959
0.049851299,334.635
0.049860623,335.670
0.049869975,336.689
0.049879297,335.601
0.049888595,334.699
0.049897919,335.689
0.049907217,334.714
0.049916560,336.353
0.049925859,334.759
0.049935174,335.357
0.049944483,335.125
0.049953782,334.730
0.049963078,334.661
0.049972431,336.715
0.049981767,336.102
0.049991065,334.718
0.050000389,335.687
0.050009714,335.670
0.050019009,334.636
0.050028311,334.861
0.050037626,335.365
0.050046934,335.076
0.050056259,335.713
0.050065555,334.652
0.050074857,334.846
0.050084179,335.613
0.050093504,335.679
0.050102804,334.822
0.050112101,334.679
0.050121425,335.656
0.050130750,335.723
0.050140049,334.745
0.050149371,335.589
0.050158671,334.816
0.050167966,334.630
0.050177290,335.671
0.050186590,334.797
0.050195886,334.656
0.050205225,336.193
0.050214521,334.667
0.050223839,335.450
0.050233140,334.814
0.050242438,334.720
0.050251754,335.384
0.050261054,334.817
0.050270351,334.698
0.050279647,334.639
0.050288977,335.864
0.050298272,334.637
0.050307570,334.721
0.050316872,334.872
0.050326170,334.726
0.050335476,335.021
0.050344811,336.052
0.050354108,334.705
0.050363407,334.745
0.050372704,334.713
0.050382017,335.246
0.050391343,335.759
0.050400650,335.030
0.050409994,336.417
0.050419321,335.743
0.050428643,335.595
0.050437963,335.514
0.050447314,336.636
0.050456627,335.271
0.050465947,335.525
0.050475270,335.628
0.050484592,335.598
0.050493920,335.803
0.050503218,334.715
0.050512514,334.683
0.050521841,335.777
0.050531192,336.617
0.050540512,335.510
0.050549810,334.738
0.050559130,335.528
0.050568426,334.642
0.050577726,334.816
0.050587024,334.708
0.050596355,335.940
0.050605656,334.813
0.050614951,334.636
0.050624249,334.710
0.050633573,335.684
0.050642871,334.717
0.050652197,335.752
0.050661493,334.647
0.050670807,335.286
0.050680105,334.743
0.050689427,335.585
0.050698764,336.133
0.050708064,334.810
0.050717386,335.587
0.050726684,334.716
0.050736010,335.752
0.050745342,335.940
0.050754639,334.708
0.050763940,334.843
0.050773267,335.757
0.050782589,335.593
0.050791916,335.769
0.050801211,334.633
0.050810546,336.045
0.050819870,335.650
0.050829186,335.382
0.050838486,334.806
0.050847781,334.639
0.050857079,334.713
0.050866403,335.673
0.050875701,334.716
0.050885023,335.585
0.050894323,334.814
0.050903667,336.367
0.050913014,336.521
0.050922341,335.755
0.050931636,334.637
0.050940963,335.759
0.050950258,334.630
0.050959575,335.417
0.050968875,334.796
0.050978171,334.652
0.050987468,334.693
0.050996766,334.737
0.051006090,335.665
0.051015412,335.588
0.051024758,336.441
0.051034056,334.715
0.051043354,334.745
0.051052663,335.136
0.051062003,336.216
0.051071310,335.077
0.051080609,334.747
0.051089925,335.383
0.051099223,334.735
0.051108547,335.664
0.051117843,334.635
0.051127169,335.763
0.051136467,334.700
0.051145784,335.414
0.051155111,335.765
0.051164406,334.634
0.051173727,335.552
0.051183025,334.732
0.051192343,335.459
0.051201639,334.640
0.051210966,335.763
0.051220263,334.693
0.051229558,334.645
0.051238885,335.766
0.051248224,336.208
0.051257525,334.818
0.051266849,335.659
0.051276167,335.478
0.051285467,334.801
0.051294763,334.653
0.051304101,336.146
0.051313408,335.069
0.051322709,334.823
0.051332005,334.648
0.051341332,335.774
0.051350627,334.630
0.051359936,335.108
0.051369235,334.793
0.051378531,334.650
0.051387828,334.692
0.051397179,336.646
0.051406477,334.716
0.051415802,335.696
0.051425100,334.723
0.051434395,334.636
0.051443696,334.814
0.051452993,334.698
0.051462337,336.390
0.051471638,334.818
0.051480933,334.638
0.051490231,334.723
0.051499529,334.734
0.051508861,335.947
0.051518157,334.663
0.051527466,335.122
0.051536764,334.728
0.051546060,334.662
0.051555397,336.114
0.051564736,336.218
0.051574037,334.846
0.051583377,336.221
0.051592677,334.797
0.051602004,335.775
0.051611300,334.661
0.051620598,334.735
0.051629897,334.768
0.051639195,334.724
0.051648541,336.455
0.051657841,334.808
0.051667137,334.629
0.051676434,334.719
0.051685734,334.793
0.051695030,334.647
0.051704327,334.694
0.051713623,334.637
0.051722939,335.383
0.051732237,334.739
0.051741536,334.754
0.051750834,334.729
0.051760141,335.077
0.051769462,335.556
0.051778758,334.656
0.051788085,335.767
0.051797422,336.109
0.051806720,334.722
0.051816051,335.916
0.051825364,335.288
0.051834686,335.591
0.051843986,334.813
0.051853283,334.694
0.051862608,335.696
0.051871941,335.973
0.051881237,334.663
0.051890572,336.045
0.051899894,335.592
0.051909218,335.667
0.051918545,335.774
0.051927841,334.647
0.051937178,336.143
0.051946503,335.718
0.051955801,334.717
0.051965124,335.619
0.051974425,334.850
0.051983738,335.255
0.051993036,334.721
0.052002360,335.674
0.052011656,334.652
0.052020956,334.823
0.052030252,334.638
0.052039576,335.666
0.052048901,335.685
0.052058199,334.725
0.052067494,334.641
0.052076795,334.816
0.052086140,336.447
0.052095436,334.648
0.052104763,335.761
0.052114074,335.206
0.052123372,334.715
0.052132670,334.733
0.052141987,335.419
0.052151314,335.779
0.052160611,334.669
0.052169927,335.390
0.052179253,335.723
0.052188586,336.013
0.052197882,334.639
0.052207182,334.821
0.052216501,335.463
0.052225839,336.156
0.052235138,334.798
0.052244462,335.664
0.052253760,334.723
0.052263059,334.743
0.052272357,334.722
0.052281678,335.558
0.052290978,334.818
0.052300309,335.929
0.052309610,334.815
0.052318934,335.654
0.052328230,334.654
0.052337530,334.809
0.052346825,334.635
0.052356144,335.465
0.052365468,335.684
0.052374779,335.197
0.052384075,334.631
0.052393375,334.806
0.052402719,336.410
0.052412015,334.641
0.052421323,335.073
0.052430646,335.623
0.052439943,334.721
0.052449268,335.690
0.052458584,335.377
0.052467884,334.794
0.052477180,334.652
0.052486479,334.788
0.052495785,335.005
0.052505107,335.582
0.052514438,335.932
0.052523765,335.756
0.052533060,334.631
0.052542397,336.124
0.052551697,334.800
0.052561019,335.599
0.052570316,334.694
0.052579667,336.645
0.052588965,334.719
0.052598261,334.640
0.052607561,334.812
0.052616856,334.634
0.052626157,334.810
0.052635480,335.652
0.052644776,334.645
0.052654077,334.813
0.052663384,335.062
0.052672681,334.717
0.052681980,334.732
0.052691306,335.756
0.052700603,334.703
0.052709908,334.970
0.052719206,334.731
0.052728504,334.729
0.052737807,334.882
0.052747118,335.230
0.052756443,335.671
0.052765750,335.055
0.052775084,336.015
0.052784418,336.045
0.052793740,335.597
0.052803064,335.641
0.052812362,334.734
0.052821659,334.717
0.052830955,334.635
0.052840282,335.761
0.052849591,335.133
0.052858912,335.559
0.052868212,334.793
0.052877570,336.901
0.052886931,336.980
0.052896256,335.702
0.052905553,334.713
0.052914878,335.685
0.052924202,335.666
0.052933517,335.349
0.052942844,335.765
0.052952141,334.694
0.052961463,335.603
0.052970790,335.773
0.052980100,335.137
0.052989400,334.801
0.052998698,334.749
0.053008023,335.692
0.053017324,334.836
0.053026631,335.035
0.053035929,334.732
0.053045235,335.015
0.053054533,334.722
0.053063829,334.673
0.053073134,334.991
0.053082456,335.592
0.053091754,334.724
0.053101054,334.800
0.053110365,335.179
0.053119662,334.698
0.053128961,334.751
0.053138258,334.717
0.053147554,334.637
0.053156854,334.819
0.053166150,334.642
0.053175477,335.765
0.053184774,334.696
0.053194069,334.647
0.053203371,334.870
0.053212693,335.589
0.053221994,334.812
0.053231318,335.681
0.053240616,334.714
0.053249932,335.401
0.053259239,335.020
0.053268572,335.993
0.053277869,334.691
0.053287196,335.793
0.053296512,335.350
0.053305809,334.718
0.053315162,336.683
0.053324459,334.717
0.053333759,334.797
0.053343081,335.595
0.053352379,334.702
0.053361677,334.749
0.053370975,334.714
0.053380318,336.351
0.053389618,334.810
0.053398953,336.067
0.053408251,334.714
0.053417551,334.796
0.053426873,335.595
0.053436170,334.697
0.053445469,334.751
0.053454766,334.718
0.053464090,335.661
0.053473392,334.842
0.053482687,334.644
0.053492014,335.778
0.053501338,335.652
0.053510680,336.317
0.053519980,334.811
0.053529276,334.652
0.053538575,334.736
0.053547899,335.692
0.053557211,335.202
0.053566532,335.585
0.053575863,335.891
0.053585160,334.702
0.053594456,334.651
0.053603783,335.763
0.053613078,334.645
0.053622376,334.724
0.053631683,335.057
0.053641007,335.667
0.053650307,334.798
0.053659628,335.554
0.053668941,335.265
0.053678266,335.694
0.053687564,334.715
0.053696881,335.418
0.053706215,336.039
0.053715537,335.590
0.053724835,334.727
0.053734135,334.794
0.053743431,334.646
0.053752754,335.654
0.053762079,335.697
0.053771377,334.718
0.053780675,334.732
0.053789999,335.656
0.053799294,334.639
0.053808640,336.422
0.053817937,334.722
0.053827283,336.450
0.053836637,336.753
0.053845934,334.674
0.053855258,335.675
0.053864556,334.737
0.053873854,334.718
0.053883150,334.636
0.053892476,335.765
0.053901800,335.653
0.053911122,335.590
0.053920423,334.817
0.053929718,334.638
0.053939045,335.769
0.053948378,335.979
0.053957678,334.815
0.053967005,335.759
0.053976301,334.647
0.053985651,336.602
0.053995002,336.646
0.054004299,334.715
0.054013660,336.967
0.054022960,334.818
0.054032272,335.236
0.054041570,334.719
0.054050896,335.747
0.054060210,335.303
0.054069538,335.805
0.054078844,335.023
0.054088189,336.412
0.054097525,336.083
0.054106823,334.743
0.054116119,334.638
0.054125446,335.771
0.054134743,334.702
0.054144039,334.653
0.054153366,335.774
0.054162662,334.641
0.054171984,335.616
0.054181309,335.686
0.054190624,335.353
0.054199926,334.879
0.054209259,335.964
0.054218599,336.246
0.054227924,335.693
0.054237233,335.138
0.054246555,335.590
0.054255856,334.818
0.054265151,334.634
0.054274448,334.712
0.054283748,334.797
0.054293044,334.646
0.054302380,336.075
0.054311704,335.698
0.054321002,334.716
0.054330298,334.638
0.054339625,335.769
0.054348947,335.591
0.054358291,336.389
0.054367589,334.744
0.054376932,336.339
0.054386240,335.082
0.054395548,335.110
0.054404854,334.998
0.054414157,334.902
0.054423482,335.718
0.054432778,334.662
0.054442082,334.934
0.054451407,335.692
0.054460740,335.987
0.054470067,335.783
0.054479390,335.610
0.054488691,334.849
0.054497986,334.637
0.054507285,334.736
0.054516585,334.801
0.054525880,334.649
0.054535178,334.702
0.054544503,335.693
0.054553800,334.716
0.054563118,335.432
0.054572418,334.822
0.054581714,334.638
0.054591035,335.564
0.054600335,334.793
0.054609677,336.315
0.054618974,334.701
0.054628274,334.783
0.054637590,335.386
0.054646915,335.705
0.054656223,335.077
0.054665518,334.638
0.054674819,334.818
0.054684130,335.200
0.054693426,334.652
0.054702732,335.036
0.054712091,336.896
0.054721389,334.725
0.054730691,334.874
0.054740003,335.245
0.054749334,335.924
0.054758639,334.963
0.054767936,334.711
0.054777233,334.683
0.054786561,335.789
0.054795901,336.247
0.054805228,335.791
0.054814524,334.662
0.054823842,335.435
0.054833168,335.746
0.054842476,335.081
0.054851800,335.650
0.054861129,335.861
0.054870448,335.491
0.054879794,336.440
0.054889121,335.763
0.054898416,334.637
0.054907714,334.710
0.054917035,335.570
0.054926376,336.264
0.054935766,338.066
0.054945089,335.611
0.054954414,335.701
0.054963712,334.735
0.054973010,334.720
0.054982332,335.588
0.054991659,335.766
0.055001009,336.606
0.055010305,334.652
0.055019614,335.145
0.055028926,335.222
0.055038224,334.715
0.055047522,334.734
0.055056820,334.719
0.055066172,336.696
0.055075520,336.513
0.055084853,335.995
0.055094151,334.744
0.055103449,334.708
0.055112744,334.626
0.055122071,335.759
0.055131380,335.127
0.055140704,335.670
0.055150057,336.693
0.055159352,334.647
0.055168650,334.702
0.055177950,334.797
0.055187248,334.732
0.055196573,335.699
0.055205881,335.113
0.055215177,334.651
0.055224478,334.824
0.055233802,335.653
0.055243124,335.600
0.055252450,335.762
0.055261759,335.100
0.055271056,334.713
0.055280354,334.731
0.055289715,336.970
0.055299037,335.591
0.055308363,335.762
0.055317661,334.700
0.055326966,335.007
0.055336267,334.838
0.055345563,334.642
0.055354864,334.817
0.055364159,334.632
0.055373476,335.403
0.055382775,334.788
0.055392134,336.901
0.055401457,335.646
0.055410756,334.748
0.055420056,334.804
0.055429378,335.589
0.055438678,334.819
0.055447996,335.421
0.055457356,336.974
0.055466726,337.338
0.055476050,335.661
0.055485352,334.850
0.055494648,334.671
0.055503946,334.726
0.055513245,334.764
0.055522568,335.611
0.055531863,334.641
0.055541190,335.762
0.055550487,334.703
0.055559783,334.650
0.055569114,335.919
0.055578410,334.636
0.055587707,334.719
0.055597032,335.686
0.055606356,335.665
0.055615651,334.631
0.055624978,335.763
0.055634293,335.332
0.055643618,335.697
0.055652915,334.716
0.055662213,334.710
0.055671514,334.849
0.055680810,334.638
0.055690108,334.716
0.055699408,334.802
0.055708730,335.599
0.055718049,335.502
0.055727348,334.745
0.055736645,334.715
0.055745941,334.639
0.055755248,335.067
0.055764561,335.268
0.055773870,335.125
0.055783197,335.751
0.055792511,335.308
0.055801882,337.371
0.055811216,336.023
0.055820515,334.758
0.055829821,335.011
0.055839145,335.681
0.055848442,334.664
0.055857769,335.775
0.055867066,334.715
0.055876386,335.498
0.055885710,335.681
0.055895013,334.918
0.055904341,335.801
0.055913638,334.666
0.055922961,335.635
0.055932320,336.948
0.055941617,334.670
0.055950918,334.860
0.055960214,334.651
0.055969513,334.756
0.055978811,334.734
0.055988135,335.669
0.055997457,335.588
0.056006758,334.812
0.056016055,334.700
0.056025350,334.642
0.056034656,334.987
0.056044014,336.889
0.056053311,334.716
0.056062610,334.734
0.056071950,336.261
0.056081245,334.633
0.056090547,334.852
0.056099844,334.706
0.056109169,335.693
0.056118492,335.640
0.056127804,335.215
0.056137109,334.964
0.056146404,334.647
0.056155702,334.725
0.056165060,336.894
0.056174378,335.441
0.056183675,334.699
0.056192974,334.742
0.056202298,335.666
0.056211631,335.998
0.056220946,335.339
0.056230259,335.271
0.056239557,334.734
0.056248854,334.688
0.056258150,334.647
0.056267477,335.761
0.056276772,334.635
0.056286070,334.717
0.056295394,335.682
0.056304718,335.664
0.056314014,334.637
0.056323314,334.810
0.056332625,335.193
0.056341921,334.642
0.056351221,334.804
0.056360531,335.174
0.056369828,334.709
0.056379133,334.978
0.056388457,335.667
0.056397782,335.665
0.056407083,334.836
0.056416380,334.707
0.056425678,334.744
0.056435028,336.583
0.056444339,335.200
0.056453639,334.812
0.056462971,335.925
0.056472295,335.670
0.056481623,335.822
0.056490947,335.672
0.056500245,334.719
0.056509545,334.779
0.056518842,334.724
0.056528165,335.614
0.056537465,334.814
0.056546761,334.633
0.056556088,335.767
0.056565385,334.698
0.056574699,335.327
0.056584000,334.807
0.056593295,334.637
0.056602593,334.711
0.056611894,334.834
0.056621204,335.159
0.056630525,335.586
0.056639852,335.767
0.056649149,334.697
0.056658447,334.717
0.056667748,334.834
0.056677044,334.640
0.056686341,334.723
0.056695641,334.791
0.056704939,334.717
0.056714234,334.632
0.056723534,334.805
0.056732832,334.702
0.056742156,335.688
0.056751455,334.742
0.056760777,335.601
0.056770077,334.812
0.056779424,336.494
0.056788748,335.667
0.056798048,334.787
0.056807344,334.645
0.056816641,334.700
0.056825992,336.638
0.056835305,335.265
0.056844601,334.639
0.056853928,335.776
0.056863250,335.588
0.056872585,336.094
0.056881909,335.651
0.056891205,334.644
0.056900505,334.804
0.056909802,334.703
0.056919100,334.731
0.056928425,335.687
0.056937749,335.669
0.056947044,334.633
0.056956371,335.765
0.056965668,334.696
0.056974964,334.649
0.056984264,334.798
0.056993560,334.636
0.057002857,334.718
0.057012182,335.686
0.057021479,334.708
0.057030784,334.970
0.057040136,336.685
0.057049461,335.698
0.057058786,335.694
0.057068085,334.773
0.057077423,336.154
0.057086782,336.927
0.057096118,336.080
0.057105439,335.557
0.057114791,336.695
0.057124087,334.645
0.057133395,335.081
0.057142720,335.691
0.057152064,336.414
0.057161390,335.714
0.057170692,334.882
0.057179990,334.711
0.057189290,334.830
0.057198588,334.701
0.057207898,335.184
0.057217234,336.099
0.057226593,336.895
0.057235903,335.166
0.057245201,334.733
0.057254540,336.222
0.057263836,334.634
0.057273163,335.761
0.057282460,334.697
0.057291784,335.689
0.057301082,334.716
0.057310378,334.638
0.057319678,334.823
0.057329019,336.282
0.057338318,334.765
0.057347646,335.795
0.057356966,335.503
0.057366263,334.701
0.057375566,334.927
0.057384865,334.742
0.057394162,334.721
0.057403492,335.846
0.057412788,334.662
0.057422086,334.733
0.057431413,335.783
0.057440726,335.265
0.057450026,334.808
0.057459358,335.925
0.057468674,335.401
0.057477980,334.998
0.057487289,335.126
0.057496584,334.632
0.057505885,334.834
0.057515183,334.713
0.057524501,335.460
0.057533802,334.829
0.057543138,336.106
0.057552436,334.737
0.057561761,335.704
0.057571059,334.718
0.057580354,334.630
0.057589663,335.104
0.057598990,335.777
0.057608289,334.770
0.057617597,335.091
0.057626920,335.607
0.057636221,334.844
0.057645519,334.723
0.057654817,334.737
0.057664170,336.709
0.057673502,335.941
0.057682812,335.169
0.057692110,334.741
0.057701429,335.467
0.057710760,335.926
0.057720062,334.884
0.057729358,334.631
0.057738682,335.668
0.057748008,335.744
0.057757304,334.647
0.057766631,335.761
0.057775937,335.016
0.057785234,334.710
0.057794532,334.729
0.057803830,334.716
0.057813146,335.393
0.057822478,335.944
0.057831775,334.698
0.057841071,334.648
0.057850398,335.756
0.057859693,334.634
0.057869017,335.656
0.057878315,334.753
0.057887616,334.834
0.057896938,335.595
0.057906239,334.826
0.057915563,335.649
0.057924888,335.695
0.057934212,335.667
0.057943507,334.638
0.057952841,336.001
0.057962136,334.642
0.057971434,334.718
0.057980734,334.789
0.057990056,335.596
0.057999353,334.701
0.058008678,335.692
0.058017975,334.711
0.058027271,334.631
0.058036571,334.817
0.058045883,335.235
0.058055207,335.663
0.058064507,334.794
0.058073821,335.301
0.058083121,334.810
0.058092417,334.642
0.058101734,335.418
0.058111039,334.975
0.058120360,335.571
0.058129658,334.710
0.058138985,335.782
0.058148328,336.366
0.058157626,334.719
0.058166927,334.834
0.058176258,335.925
0.058185583,335.686
0.058194908,335.717
0.058204206,334.726
0.058213506,334.787
0.058222864,336.899
0.058232161,334.694
0.058241460,334.734
0.058250757,334.719
0.058260053,334.635
0.058269389,336.112
0.058278711,335.580
0.058288035,335.674
0.058297335,334.795
0.058306657,335.594
0.058315981,335.650
0.058325279,334.742
0.058334577,334.714
0.058343908,335.924
0.058353208,334.813
0.058362504,334.637
0.058371839,336.078
0.058381165,335.735
0.058390514,336.554
0.058399841,335.768
0.058409176,336.055
0.058418496,335.523
0.058427824,335.836
0.058437131,335.022
0.058446428,334.719
0.058455756,335.780
0.058465053,334.706
0.058474375,335.598
0.058483728,336.707
0.058493060,335.934
0.058502360,334.818
0.058511666,335.010
0.058520964,334.716
0.058530316,336.695
0.058539638,335.591
0.058548957,335.490
0.058558282,335.695
0.058567601,335.481
0.058576897,334.667
0.058586251,336.733
0.058595589,336.179
0.058604914,335.672
0.058614213,334.792
0.058623511,334.711
0.058632838,335.786
0.058642160,335.593
0.058651458,334.716
0.058660783,335.684
0.058670107,335.670
0.058679451,336.389
0.058688778,335.759
0.058698075,334.705
0.058707391,335.370
0.058716699,335.098
0.058726021,335.583
0.058735346,335.716
0.058744672,335.713
0.058753996,335.677
0.058763296,334.795
0.058772629,335.979
0.058781926,334.694
0.058791257,335.935
0.058800555,334.719
0.058809850,334.634
0.058819177,335.765
0.058828472,334.630
0.058837770,334.715
0.058847096,335.749
0.058856392,334.647
0.058865698,335.025
0.058875005,335.054
0.058884330,335.677
0.058893626,334.664
0.058902954,335.799
0.058912293,336.207
0.058921594,334.833
0.058930954,336.980
0.058940250,334.650
0.058949578,335.790
0.058958887,335.130
0.058968207,335.518
0.058977531,335.685
0.058986856,335.680
0.058996160,334.939
0.059005487,335.801
0.059014785,334.708
0.059024091,335.010
0.059033391,334.810
0.059042686,334.638
0.059051987,334.811
0.059061308,335.582
0.059070606,334.711
0.059079906,334.790
0.059089201,334.645
0.059098498,334.695
0.059107800,334.860
0.059117125,335.696
0.059126447,335.590
0.059135774,335.778
0.059145111,336.136
0.059154420,335.120
0.059163720,334.799
0.059173042,335.592
0.059182339,334.700
0.059191691,336.647
0.059201015,335.665
0.059210339,335.684
0.059219661,335.600
0.059228977,335.377
0.059238284,335.020
0.059247604,335.521
0.059256948,336.409
0.059266273,335.673
0.059275642,337.306
0.059284941,334.755
0.059294266,335.699
0.059303564,334.744
0.059312860,334.632
0.059322160,334.822
0.059331458,334.703
0.059340782,335.691
0.059350080,334.707
0.059359424,336.408
0.059368725,334.834
0.059378021,334.645
0.059387319,334.716
0.059396650,335.924
0.059405960,335.147
0.059415283,335.646
0.059424617,336.028
0.059433915,334.712
0.059443236,335.547
0.059452536,334.821
0.059461831,334.633
0.059471141,335.138
0.059480438,334.697
0.059489751,335.254
0.059499052,334.858
0.059508374,335.586
0.059517672,334.715
0.059526999,335.793
0.059536323,335.667
0.059545619,334.642
0.059554935,335.378
0.059564259,335.673
0.059573555,334.656
0.059582858,334.914
0.059592170,335.211
0.059601496,335.730
0.059610829,335.999
0.059620163,336.017
0.059629463,334.796
0.059638785,335.595
0.059648108,335.644
0.059657433,335.694
0.059666757,335.668
0.059676053,334.637
0.059685379,335.761
0.059694675,334.631
0.059703996,335.554
0.059713322,335.741
0.059722633,335.207
0.059731957,335.649
0.059741281,335.690
0.059750605,335.668
0.059759930,335.679
0.059769254,335.668
0.059778569,335.338
0.059787869,334.817
0.059797193,335.649
0.059806489,334.651
0.059815833,336.405
0.059825143,335.146
0.059834441,334.735
0.059843795,336.747
0.059853094,334.747
0.059862401,335.061
0.059871730,335.828
0.059881027,334.698
0.059890322,334.642
0.059899649,335.773
0.059908945,334.641
0.059918253,335.093
0.059927559,335.017
0.059936883,335.667
0.059946209,335.744
0.059955544,336.051
0.059964841,334.690
0.059974145,334.951
0.059983443,334.724
0.059992739,334.638
0.060002039,334.808
0.060011334,334.629
0.060020643,335.115
0.060029943,334.801
0.060039239,334.651
0.060048562,335.652
0.060057888,335.702
0.060067185,334.714
0.060076483,334.725
0.060085784,334.825
0.060095106,335.598
0.060104415,335.145
0.060113740,335.676
0.060123057,335.435
0.060132384,335.758
0.060141694,335.151
0.060151018,335.661
0.060160316,334.731
0.060169614,334.718
0.060178909,334.636
0.060188236,335.770
0.060197533,334.700
0.060206858,335.691
0.060216182,335.670
0.060225497,335.325
0.060234797,334.814
0.060244093,334.640
0.060253417,335.670
0.060262720,334.917
0.060272016,334.647
0.060281313,334.697
0.060290611,334.740
0.060299909,334.710
0.060309228,335.477
0.060318528,334.822
0.060327866,336.148
0.060337172,335.022
0.060346526,336.736
0.060355821,334.648
0.060365123,334.859
0.060374441,335.447
0.060383766,335.707
0.060393091,335.708
0.060402414,335.619
0.060411710,334.646
0.060421016,335.023
0.060430341,335.682
0.060439636,334.646
0.060448937,334.819
0.060458253,335.391
0.060467577,335.667
0.060476902,335.682
0.060486243,336.279
0.060495538,334.639
0.060504865,335.769
0.060514189,335.653
0.060523515,335.730
0.060532813,334.724
0.060542108,334.639
0.060551409,334.820
0.060560704,334.636
0.060570002,334.716
0.060579305,334.900
0.060588649,336.399
0.060597946,334.702
0.060607271,335.691
0.060616589,335.440
0.060625885,334.642
0.060635185,334.820
0.060644481,334.637
0.060653808,335.774
0.060663106,334.731
0.060672428,335.601
0.060681730,334.877
0.060691025,334.633
0.060700323,334.712
0.060709622,334.760
0.060718932,335.175
0.060728254,335.594
0.060737561,335.023
0.060746858,334.716
0.060756154,334.652
0.060765459,334.964
0.060774769,335.180
0.060784067,334.716
0.060793365,334.734
0.060802679,335.315
0.060812001,335.566
0.060821312,335.224
0.060830637,335.668
0.060839935,334.736
0.060849233,334.718
0.060858528,334.640
0.060867829,334.815
0.060877150,335.581
0.060886448,334.712
0.060895774,335.745
0.060905070,334.651
0.060914390,335.512
0.060923705,335.337
0.060933031,335.751
0.060942327,334.642
0.060951635,335.107
0.060960957,335.588
0.060970311,336.741
0.060979635,335.657
0.060988930,334.647
0.060998231,334.818
0.061007537,335.028
0.061016861,335.664
0.061026186,335.680
0.061035484,334.725
0.061044815,335.934
0.061054116,334.814
0.061063430,335.324
0.061072726,334.650
0.061082026,334.814
0.061091322,334.643
0.061100619,334.710
0.061109919,334.777
0.061119216,334.708
0.061128512,334.637
0.061137839,335.766
0.061147136,334.698
0.061156435,334.785
0.061165733,334.710
0.061175044,335.207
0.061184371,335.762
0.061193666,334.627
0.061203012,336.445
0.061212345,336.009
0.061221643,334.714
0.061230941,334.726
0.061240239,334.746
0.061249537,334.717
0.061258833,334.640
0.061268133,334.817
0.061277445,335.234
0.061286769,335.657
0.061296069,334.787
0.061305382,335.273
0.061314685,334.917
0.061323991,335.022
0.061333309,335.440
0.061342634,335.687
0.061351931,334.720
0.061361227,334.629
0.061370528,334.832
0.061379852,335.667
0.061389174,335.594
0.061398474,334.811
0.061407770,334.639
0.061417067,334.718
0.061426392,335.683
0.061435716,335.666
0.061445011,334.634
0.061454347,336.102
0.061463690,336.327
0.061473022,335.959
0.061482363,336.289
0.061491659,334.660
0.061500996,336.119
0.061510293,334.683
0.061519614,335.559
0.061528941,335.765
0.061538236,334.645
0.061547534,334.700
0.061556834,334.797
0.061566178,336.386
0.061575509,335.942
0.061584810,334.818
0.061594105,334.629
0.061603432,335.760
0.061612755,335.653
0.061622078,335.602
0.061631378,334.812
0.061640686,335.084
0.061650005,335.500
0.061659303,334.730
0.061668628,335.666
0.061677946,335.481
0.061687247,334.818
0.061696544,334.706
0.061705840,334.644
0.061715167,335.760
0.061724479,335.256
0.061733777,334.713
0.061743072,334.622
0.061752396,335.660
0.061761696,334.809
0.061771001,334.971
0.061780299,334.750
0.061789599,334.775
0.061798900,334.843
0.061808223,335.618
0.061817524,334.848
0.061826834,335.155
0.061836132,334.723
0.061845432,334.824
0.061854729,334.660
0.061864026,334.705
0.061873351,335.706
0.061882649,334.711
0.061891944,334.632
0.061901244,334.814
0.061910558,335.277
0.061919858,334.816
0.061929155,334.698
0.061938470,335.344
0.061947771,334.809
0.061957066,334.639
0.061966364,334.717
0.061975662,334.732
0.061984960,334.718
0.061994277,335.429
0.062003577,334.807
0.062012896,335.473
0.062022215,335.497
0.062031515,334.804
0.062040833,335.416
0.062050158,335.712
0.062059465,335.071
0.062068782,335.397
0.062078109,335.777
0.062087405,334.651
0.062096722,335.398
0.062106046,335.695
0.062115371,335.665
0.062124666,334.633
0.062133993,335.772
0.062143288,334.634
0.062152586,334.718
0.062161886,334.798
0.062171182,334.650
0.062180479,334.699
0.062189780,334.836
0.062199094,335.295
0.062208389,334.641
0.062217690,334.817
0.062227003,335.261
0.062236329,335.763
0.062245627,334.702
0.062254922,334.643
0.062264232,335.152
0.062273552,335.525
0.062282850,334.717
0.062292150,334.820
0.062301449,334.731
0.062310784,336.084
0.062320089,334.963
0.062329423,336.051
0.062338719,334.656
0.062348047,335.773
0.062357388,336.284
0.062366685,334.711
0.062376010,335.688
0.062385334,335.659
0.062394668,336.042
0.062404001,335.984
0.062413325,335.646
0.062422623,334.740
0.062431921,334.712
0.062441216,334.639
0.062450543,335.774
0.062459838,334.631
0.062469159,335.554
0.062478486,335.740
0.062487781,334.649
0.062497078,334.692
0.062506405,335.749
0.062515720,335.335
0.062525044,335.689
0.062534371,335.753
0.062543686,335.334
0.062553013,335.773
0.062562310,334.703
0.062571627,335.403
0.062580927,334.807
0.062590238,335.208
0.062599538,334.808
0.062608863,335.698
0.062618177,335.288
0.062627472,334.638
0.062636802,335.879
0.062646100,334.700
0.062655395,334.654
0.062664696,334.808
0.062674009,335.289
0.062683345,336.083
0.062692667,335.589
0.062701991,335.662
0.062711290,334.789
0.062720610,335.508
0.062729907,334.698
0.062739206,334.747
0.062748503,334.714
0.062757825,335.584
0.062767125,334.803
0.062776424,334.750
0.062785775,336.642
0.062795101,335.748
0.062804433,335.943
0.062813730,334.697
0.062823055,335.693
0.062832353,334.715
0.062841677,335.682
0.062850986,335.109
0.062860317,335.927
0.062869618,334.821
0.062878915,334.684
0.062888211,334.682
0.062897512,334.816
0.062906855,336.370
0.062916179,335.666
0.062925478,334.734
0.062934802,335.664
0.062944107,335.008
0.062953408,334.811
0.062962731,335.649
0.062972065,336.012
0.062981373,335.082
0.062990688,335.333
0.063000015,335.774
0.063009310,334.631
0.063018610,334.802
0.063027910,334.805
0.063037206,334.654
0.063046503,334.700
0.063055854,336.643
0.063065199,336.412
0.063074494,334.630
0.063083795,334.814
0.063093107,335.231
0.063102414,335.065
0.063111714,334.793
0.063121054,336.258
0.063130355,334.810
0.063139686,335.932
0.063149028,336.306
0.063158327,334.770
0.063167632,334.974
0.063176930,334.724
0.063186232,334.861
0.063195555,335.658
0.063204851,334.653
0.063214155,334.933
0.063223450,334.637
0.063232759,335.117
0.063242084,335.689
0.063251427,336.351
0.063260722,334.626
0.063270051,335.836
0.063279349,334.737
0.063288674,335.707
0.063297973,334.742
0.063307269,334.652
0.063316569,334.826
0.063325866,334.664
0.063335164,334.738
0.063344464,334.799
0.063353813,336.574
0.063363111,334.708
0.063372409,334.742
0.063381724,335.337
0.063391022,334.735
0.063400346,335.671
0.063409642,334.640
0.063418942,334.817
0.063428240,334.711
0.063437568,335.826
0.063446870,334.864
0.063456166,334.646
0.063465464,334.717
0.063474818,336.773
0.063484142,335.666
0.063493464,335.591
0.063502765,334.815
0.063512065,334.808
0.063521400,336.041
0.063530697,334.720
0.063540012,335.311
0.063549339,335.806
0.063558635,334.637
0.063567933,334.739
0.063577234,334.830
0.063586530,334.651
0.063595828,334.725
0.063605127,334.763
0.063614438,335.208
0.063623734,334.637
0.063633034,334.818
0.063642330,334.637
0.063651627,334.718
0.063660927,334.795
0.063670239,335.230
0.063679536,334.694
0.063688861,335.697
0.063698159,334.717
0.063707505,336.473
0.063716804,334.759
0.063726116,335.243
0.063735470,336.730
0.063744768,334.729
0.063754087,335.499
0.063763388,334.835
0.063772684,334.636
0.063782005,335.553
0.063791329,335.680
0.063800669,336.229
0.063809964,334.627
0.063819317,336.709
0.063828614,334.699
0.063837939,335.693
0.063847289,336.594
0.063856584,334.637
0.063865885,334.814
0.063875180,334.627
0.063884513,335.995
0.063893819,334.989
0.063903114,334.638
0.063912437,335.646
0.063921762,335.689
0.063931075,335.257
0.063940406,335.931
0.063949760,336.721
0.063959055,334.632
0.063968353,334.723
0.063977653,334.796
0.063986949,334.653
0.063996263,335.303
0.064005559,334.657
0.064014899,336.247
0.064024203,334.958
0.064033501,334.717
0.064042796,334.635
0.064052102,334.991
0.064061399,334.695
0.064070721,335.600
0.064080054,335.977
0.064089349,334.642
0.064098698,336.560
0.064108023,335.686
0.064117338,335.342
0.064126647,335.124
0.064135942,334.644
0.064145240,334.700
0.064154538,334.745
0.064163861,335.606
0.064173169,335.087
0.064182473,334.966
0.064191795,335.597
0.064201094,334.749
0.064210421,335.773
0.064219717,334.657
0.064229015,334.722
0.064238314,334.779
0.064247641,335.761
0.064256985,336.390
0.064266342,336.865
0.064275665,335.606
0.064284993,335.805
0.064294291,334.733
0.064303613,335.606
0.064312941,335.799
0.064322237,334.643
0.064331534,334.715
0.064340859,335.687
0.064350197,336.176
0.064359516,335.483
0.064368817,334.814
0.064378134,335.415
0.064387429,334.649
0.064396765,336.063
0.064406087,335.592
0.064415387,334.815
0.064424718,335.928
0.064434035,335.415
0.064443335,334.795
0.064452657,335.595
0.064461996,336.178
0.064471352,336.829
0.064480664,335.216
0.064489985,335.557
0.064499322,336.134
0.064508637,335.352
0.064517945,335.086
0.064527272,335.784
0.064536631,336.909
0.064545958,335.781
0.064555279,335.551
0.064564592,335.285
0.064573891,334.735
0.064583212,335.561
0.064592529,335.416
0.064601834,334.979
0.064611131,334.694
0.064620466,336.051
0.064629775,335.145
0.064639107,335.929
0.064648404,334.712
0.064657729,335.684
0.064667053,335.661
0.064676388,336.061
0.064685683,334.649
0.064694981,334.701
0.064704279,334.746
0.064713601,335.595
0.064722897,334.633
0.064732204,335.062
0.064741518,335.322
0.064750820,334.869
0.064760144,335.661
0.064769441,334.675
0.064778744,334.902
0.064788050,335.042
0.064797349,334.741
0.064806700,336.659
0.064816019,335.461
0.064825316,334.688
0.064834649,336.010
0.064843947,334.714
0.064853255,335.094
0.064862558,334.898
0.064871873,335.334
0.064881170,334.713
0.064890495,335.688
0.064899792,334.716
0.064909145,336.702
0.064918467,335.590
0.064927764,334.688
0.064937089,335.697
0.064946387,334.717
0.064955682,334.643
0.064965012,335.859
0.064974310,334.729
0.064983608,334.748
0.064992961,336.698
0.065002293,335.940
0.065011590,334.694
0.065020914,335.687
0.065030248,336.008
0.065039546,334.735
0.065048844,334.711
0.065058139,334.629
0.065067500,336.986
0.065076797,334.698
0.065086140,336.349
0.065095440,334.818
0.065104794,336.732
0.065114119,335.687
0.065123420,334.859
0.065132718,334.725
0.065142014,334.640
0.065151343,335.838
0.065160640,334.700
0.065169962,335.595
0.065179289,335.768
0.065188611,335.583
0.065197926,335.350
0.065207249,335.636
0.065216574,335.677
0.065225872,334.749
0.065235170,334.722
0.065244495,335.701
0.065253793,334.723
0.065263088,334.632
0.065272421,335.980
0.065281744,335.634
0.065291040,334.652
0.065300345,334.977
0.065309680,336.069
0.065318978,334.727
0.065328303,335.692
0.065337601,334.719
0.065346896,334.630
0.065356223,335.757
0.065365546,335.651
0.065374868,335.595
0.065384178,335.139
0.065393473,334.638
0.065402800,335.778
0.065412105,334.980
0.065421429,335.662
0.065430729,334.799
0.065440051,335.593
0.065449352,334.840
0.065458657,334.951
0.065467968,335.203
0.065477288,335.520
0.065486643,336.785
0.065495954,335.189
0.065505252,334.748
0.065514581,335.837
0.065523903,335.598
0.065533231,335.793
0.065542527,334.665
0.065551825,334.734
0.065561136,335.185
0.065570462,335.738
0.065579758,334.641
0.065589062,334.962
0.065598383,335.546
0.065607679,334.649
0.065616984,334.981
0.065626279,334.644
0.065635603,335.661
0.065644901,334.737
0.065654215,335.276
0.065663537,335.587
0.065672838,334.858
0.065682135,334.699
0.065691457,335.596
0.065700794,336.104
0.065710111,335.417
0.065719412,334.842
0.065728770,336.894
0.065738068,334.721
0.065747368,334.802
0.065756664,334.645
0.065765961,334.692
0.065775264,334.925
0.065784562,334.719
0.065793884,335.587
0.065803184,334.817
0.065812499,335.345
0.065821824,335.669
0.065831157,336.021
0.065840480,335.618
0.065849808,335.804
0.065859141,335.977
0.065868439,334.741
0.065877763,335.678
0.065887061,334.719
0.065896357,334.629
0.065905683,335.761
0.065915003,335.495
0.065924298,334.651
0.065933602,334.936
0.065942925,335.614
0.065952223,334.726
0.065961548,335.708
0.065970876,335.812
0.065980172,334.647
0.065989473,334.843
0.065998771,334.728
0.066008069,334.739
0.066017367,334.722
0.066026682,335.342
0.066035983,334.813
0.066045290,335.061
0.066054587,334.713
0.066063914,335.745
0.066073209,334.645
0.066082506,334.693
0.066091805,334.738
0.066101102,334.714
0.066110398,334.649
0.066119710,335.223
0.066129023,335.259
0.066138321,334.742
0.066147648,335.781
0.066156971,335.621
0.066166298,335.780
0.066175595,334.666
0.066184893,334.737
0.066194217,335.686
0.066203516,334.735
0.066212833,335.412
0.066222163,335.879
0.066231460,334.715
0.066240783,335.609
0.066250089,335.023
0.066259405,335.376
0.066268702,334.714
0.066278029,335.749
0.066287353,335.673
0.066296648,334.632
0.066305949,334.815
0.066315246,334.700
0.066324544,334.738
0.066333842,334.717
0.066343154,335.218
0.066352454,334.816
0.066361761,335.050
0.066371059,334.721
0.066380385,335.750
0.066389683,334.729
0.066398981,334.721
0.066408290,335.120
0.066417588,334.733
0.066426911,335.628
0.066436240,335.857
0.066445552,335.221
0.066454850,334.719
0.066464153,334.897
0.066473467,335.305
0.066482776,335.149
0.066492072,334.641
0.066501389,335.418
0.066510687,334.737
0.066519985,334.716
0.066529280,334.634
0.066538607,335.769
0.066547904,334.698
0.066557200,334.650
0.066566527,335.765
0.066575875,336.532
0.066585199,335.657
0.066594499,334.802
0.066603796,334.710
0.066613128,335.936
0.066622429,334.827
0.066631726,334.702
0.066641051,335.695
0.066650349,334.717
0.066659644,334.638
0.066668952,335.085
0.066678250,334.708
0.066687562,335.261
0.066696862,334.792
0.066706186,335.660
0.066715510,335.673
0.066724862,336.651
0.066734160,334.726
0.066743455,334.641
0.066752782,335.771
0.066762078,334.632
0.066771375,334.716
0.066780675,334.804
0.066789971,334.641
0.066799271,334.806
0.066808566,334.637
0.066817881,335.307
0.066827179,334.733
0.066836539,336.971
0.066845834,334.632
0.066855166,335.950
0.066864490,335.646
0.066873813,335.621
0.066883140,335.779
0.066892436,334.664
0.066901759,335.624
0.066911057,334.728
0.066920381,335.668
0.066929707,335.751
0.066939028,335.552
0.066948327,334.741
0.066957653,335.757
0.066966980,335.746
0.066976276,334.661
0.066985603,335.779
0.066994911,335.108
0.067004222,335.181
0.067013522,334.789
0.067022832,335.179
0.067032156,335.646
0.067041454,334.744
0.067050778,335.663
0.067060100,335.595
0.067069427,335.772
0.067078740,335.261
0.067088042,334.858
0.067097349,335.073
0.067106671,335.594
0.067115972,334.809
0.067125330,336.889
0.067134627,334.706
0.067143925,334.727
0.067153223,334.711
0.067162541,335.468
0.067171868,335.757
0.067181185,335.423
0.067190481,334.649
0.067199791,335.179
0.067209104,335.260
0.067218431,335.786
0.067227754,335.613
0.067237078,335.680
0.067246378,334.792
0.067255674,334.650
0.067264971,334.692
0.067274296,335.696
0.067283656,336.975
0.067292952,334.638
0.067302252,334.816
0.067311574,335.588
0.067320884,335.142
0.067330183,334.792
0.067339505,335.590
0.067348802,334.694
0.067358101,334.746
0.067367399,334.714
0.067376723,335.683
0.067386021,334.714
0.067395362,336.286
0.067404689,335.767
0.067413986,334.701
0.067423282,334.649
0.067432608,335.755
0.067441946,336.156
0.067451244,334.731
0.067460542,334.736
0.067469867,335.673
0.067479162,334.633
0.067488462,334.810
0.067497808,336.441
0.067507104,334.660
0.067516413,335.121
0.067525709,334.661
0.067535010,334.850
0.067544316,335.006
0.067553640,335.671
0.067562967,335.747
0.067572301,336.049
0.067581625,335.651
0.067590923,334.745
0.067600243,335.499
0.067609589,336.461
0.067618889,334.811
0.067628211,335.588
0.067637535,335.642
0.067646835,334.798
0.067656130,334.652
0.067665457,335.766
0.067674763,334.999
0.067684061,334.717
0.067693369,335.096
0.067702668,334.766
0.067711984,335.396
0.067721286,334.856
0.067730584,334.734
0.067739906,335.599
0.067749238,335.928
0.067758560,335.612
0.067767858,334.722
0.067777186,335.792
0.067786495,335.127
0.067795817,335.609
0.067805145,335.790
0.067814459,335.320
0.067823757,334.742
0.067833055,334.711
0.067842377,335.586
0.067851704,335.767
0.067861025,335.580
0.067870363,336.163
0.067879663,334.789
0.067888973,335.160
0.067898272,334.764
0.067907571,334.760
0.067916895,335.676
0.067926192,334.675
0.067935523,335.913
0.067944845,335.596
0.067954155,335.164
0.067963488,335.995
0.067972830,336.313
0.067982160,335.867
0.067991479,335.485
0.068000812,336.013
0.068010142,335.863
0.068019461,335.488
0.068028783,335.600
0.068038083,334.809
0.068047402,335.472
0.068056736,336.021
0.068066045,335.138
0.068075342,334.677
0.068084643,334.848
0.068093966,335.603
0.068103263,334.716
0.068112616,336.702
0.068121912,334.643
0.068131209,334.699
0.068140507,334.743
0.068149832,335.673
0.068159127,334.645
0.068168428,334.819
0.068177740,335.252
0.068187039,334.748
0.068196368,335.835
0.068205663,334.646
0.068214961,334.698
0.068224259,334.739
0.068233583,335.668
0.068242881,334.733
0.068252205,335.666
0.068261536,335.925
0.068270838,334.839
0.068280135,334.707
0.068289446,335.184
0.068298750,334.948
0.068308072,335.590
0.068317369,334.708
0.068326667,334.742
0.068335965,334.709
0.068345288,335.629
0.068354588,334.818
0.068363948,336.953
0.068373254,335.003
0.068382581,335.779
0.068391895,335.295
0.068401222,335.766
0.068410544,335.590
0.068419844,334.820
0.068429197,336.706
0.068438493,334.646
0.068447839,336.456
0.068457190,336.647
0.068466503,335.251
0.068475823,335.517
0.068485151,335.832
0.068494473,335.588
0.068503771,334.715
0.068513071,334.794
0.068522385,335.302
0.068531685,334.810
0.068541033,336.537
0.068550331,334.719
0.068559629,334.731
0.068568927,334.719
0.068578222,334.634
0.068587523,334.827
0.068596842,335.493
0.068606170,335.820
0.068615502,335.929
0.068624846,336.388
0.068634146,334.810
0.068643445,334.769
0.068652743,334.720
0.068662069,335.749
0.068671393,335.664
0.068680708,335.310
0.068690006,334.756
0.068699342,336.080
0.068708664,335.588
0.068717965,334.824
0.068727273,335.104
0.068736620,336.483
0.068745950,335.874
0.068755266,335.382
0.068764563,334.698
0.068773888,335.697
0.068783212,335.664
0.068792536,335.676
0.068801860,335.669
0.068811156,334.641
0.068820483,335.764
0.068829780,334.704
0.068839076,334.639
0.068848402,335.757
0.068857737,336.051
0.068867034,334.711
0.068876333,334.733
0.068885657,335.676
0.068894987,335.880
0.068904295,335.097
0.068913595,334.782
0.068922891,334.656
0.068932199,335.114
0.068941495,334.637
0.068950795,334.820
0.068960091,334.632
0.068969407,335.395
0.068978734,335.747
0.068988029,334.642
0.068997389,336.943
0.069006687,334.743
0.069015985,334.718
0.069025280,334.639
0.069034612,335.927
0.069043948,336.114
0.069053246,334.715
0.069062546,334.796
0.069071841,334.645
0.069081138,334.695
0.069090464,335.735
0.069099762,334.712
0.069109060,334.731
0.069118384,335.668
0.069127706,335.582
0.069137008,334.880
0.069146331,335.638
0.069155636,334.968
0.069164958,335.595
0.069174281,335.609
0.069183592,335.215
0.069192891,334.761
0.069202204,335.269
0.069211551,336.500
0.069220905,336.743
0.069230203,334.709
0.069239528,335.721
0.069248827,334.744
0.069258175,336.548
0.069267476,334.821
0.069276771,334.637
0.069286116,336.416
0.069295416,334.799
0.069304761,336.415
0.069314059,334.731
0.069323358,334.751
0.069332656,334.719
0.069341963,335.058
0.069351263,334.822
0.069360559,334.631
0.069369856,334.713
0.069379156,334.797
0.069388469,335.270
0.069397773,334.929
0.069407068,334.645
0.069416366,334.728
0.069425691,335.688
0.069434989,334.723
0.069444332,336.346
0.069453668,336.084
0.069462978,335.190
0.069472274,334.658
0.069481575,334.812
0.069490885,335.155
0.069500182,334.712
0.069509533,336.637
0.069518867,336.011
0.069528188,335.579
0.069537489,334.824
0.069546804,335.330
0.069556129,335.689
0.069565452,335.661
0.069574775,335.593
0.069584075,334.817
0.069593397,335.584
0.069602721,335.669
0.069612051,335.900
0.069621374,335.595
0.069630697,335.648
0.069639995,334.742
0.069649296,334.817
0.069658618,335.594
0.069667918,334.811
0.069677259,336.274
0.069686595,336.096
0.069695903,335.074
0.069705225,335.595
0.069714571,336.469
0.069723880,335.107
0.069733214,336.032
0.069742517,334.923
0.069751842,335.694
0.069761138,334.643
0.069770468,335.878
0.069779765,334.694
0.069789087,335.595
0.069798396,335.108
0.069807718,335.595
0.069817018,334.822
0.069826314,334.643
0.069835657,336.364
0.069844957,334.801
0.069854280,335.601
0.069863577,334.695
0.069872875,334.734
0.069882195,335.537
0.069891529,336.003
0.069900860,335.921
0.069910176,335.373
0.069919485,335.129
0.069928811,335.741
0.069938107,334.642
0.069947404,334.696
0.069956755,336.642
0.069966079,335.667
0.069975404,335.685
0.069984752,336.547
0.069994074,335.593
0.070003375,334.834
0.070012699,335.669
0.070022022,335.603
0.070031327,335.014
0.070040670,336.332
0.070049994,335.661
0.070059292,334.732
0.070068609,335.396
0.070077904,334.639
0.070087205,334.828
0.070096502,334.701
0.070105801,334.745
0.070115124,335.628
0.070124419,334.633
0.070133722,334.904
0.070143017,334.640
0.070152315,334.719
0.070161615,334.794
0.070170933,335.457
0.070180257,335.649
0.070189559,334.875
0.070198857,334.723
0.070208152,334.636
0.070217453,334.814
0.070226748,334.638
0.070236071,335.624
0.070245371,334.795
0.070254667,334.651
0.070263994,335.770
0.070273307,335.274
0.070282625,335.451
0.070291950,335.712
0.070301273,335.601
0.070310569,334.662
0.070319869,334.821
0.070329166,334.693
0.070338485,335.455
0.070347790,334.996
0.070357112,335.589
0.070366410,334.715
0.070375737,335.774
0.070385081,336.396
0.070394377,334.642
0.070403703,335.763
0.070413001,334.702
0.070422299,334.747
0.070431597,334.714
0.070440892,334.633
0.070450219,335.758
0.070459538,335.487
0.070468835,334.708
0.070478140,334.984
0.070487462,335.595
0.070496786,335.644
0.070506111,335.691
0.070515408,334.719
0.070524704,334.643
0.070534005,334.819
0.070543317,335.233
0.070552615,334.733
0.070561933,335.448
0.070571229,334.668
0.070580531,334.855
0.070589827,334.670
0.070599125,334.728
0.070608424,334.763
0.070617734,335.156
0.070627032,334.722
0.070636360,335.824
0.070645658,334.734
0.070654967,335.123
0.070664268,334.811
0.070673578,335.163
0.070682911,336.002
0.070692236,335.690
0.070701596,336.974
0.070710922,335.747
0.070720218,334.648
0.070729515,334.693
0.070738813,334.735
0.070748137,335.663
0.070757453,335.363
0.070766760,335.048
0.070776068,335.081
0.070785366,334.722
0.070794665,334.794
0.070803997,335.940
0.070813294,334.701
0.070822611,335.413
0.070831948,336.112
0.070841269,335.552
0.070850597,335.805
0.070859892,334.646
0.070869196,334.944
0.070878520,335.663
0.070887816,334.646
0.070897150,336.033
0.070906472,335.588
0.070915791,335.492
0.070925090,334.748
0.070934388,334.738
0.070943684,334.654
0.070953042,336.873
0.070962366,335.680
0.070971689,335.613
0.070981017,335.834
0.070990313,334.638
0.070999647,336.009
0.071008941,334.613
0.071018256,335.334
0.071027556,334.795
0.071036852,334.652
0.071046149,334.691
0.071055480,335.925
0.071064790,335.148
0.071074108,335.440
0.071083408,334.822
0.071092703,334.630
0.071102024,335.555
0.071111327,334.883
0.071120639,335.250
0.071129937,334.705
0.071139261,335.689
0.071148585,335.667
0.071157910,335.688
0.071167208,334.722
0.071176522,335.310
0.071185875,336.713
0.071195199,335.659
0.071204510,335.179
0.071213810,334.813
0.071223128,335.453
0.071232426,334.717
0.071241750,335.684
0.071251048,334.715
0.071260343,334.631
0.071269653,335.148
0.071278977,335.650
0.071288325,336.526
0.071297625,334.812
0.071306956,335.933
0.071316265,335.114
0.071325571,335.012
0.071334869,334.721
0.071344197,335.831
0.071353495,334.716
0.071362793,334.715
0.071372118,335.694
0.071381434,335.380
0.071390730,334.663
0.071400041,335.204
0.071409339,334.712
0.071418637,334.747
0.071427937,334.803
0.071437233,334.644
0.071446567,336.011
0.071455874,335.060
0.071465171,334.718
0.071474470,334.737
0.071483819,336.582
0.071493135,335.351
0.071502441,335.046
0.071511739,334.698
0.071521070,335.940
0.071530397,335.750
0.071539714,335.424
0.071549038,335.662
0.071558365,335.787
0.071567663,334.715
0.071576985,335.586
0.071586287,334.863
0.071595610,335.649
0.071604910,334.813
0.071614235,335.685
0.071623530,334.634
0.071632857,335.771
0.071642153,334.635
0.071651451,334.721
0.071660751,334.809
0.071670070,335.494
0.071679368,334.733
0.071688667,334.751
0.071698001,336.015
0.071707296,334.639
0.071716623,335.761
0.071725954,335.924
0.071735252,334.718
0.071744578,335.745
0.071753918,336.238
0.071763218,334.809
0.071772514,334.640
0.071781812,334.718
0.071791110,334.734
0.071800419,335.127
0.071809750,335.925
0.071819077,335.759
0.071828400,335.655
0.071837719,335.471
0.071847027,335.103
0.071856339,335.198
0.071865636,334.717
0.071874934,334.730
0.071884275,336.277
0.071893597,335.587
0.071902919,335.574
0.071912216,334.697
0.071921514,334.747
0.071930823,335.108
0.071940137,335.305
0.071949438,334.845
0.071958761,335.615
0.071968059,334.727
0.071977360,334.829
0.071986655,334.648
0.071995965,335.152
0.072005290,335.696
0.072014588,334.717
0.072023910,335.589
0.072033238,335.827
0.072042579,336.257
0.072051914,336.086
0.072061238,335.652
0.072070560,335.600
0.072079860,334.808
0.072089189,335.838
0.072098500,335.181
0.072107798,334.745
0.072117124,335.707
0.072126420,334.659
0.072135720,334.826
0.072145018,334.729
0.072154344,335.715
0.072163641,334.715
0.072172938,334.675
0.072182265,335.777
0.072191572,335.051
0.072200870,334.719
0.072210170,334.794
0.072219492,335.612
0.072228821,335.834
0.072238120,334.754
0.072247432,335.250
0.072256728,334.639
0.072266028,334.815
0.072275324,334.637
0.072284647,335.635
0.072293947,334.797
0.072303260,335.276
0.072312560,334.809
0.072321856,334.641
0.072331156,334.818
0.072340481,335.694
0.072349790,335.130
0.072359138,336.539
0.072368439,334.809
0.072377736,334.699
0.072387058,335.594
0.072396358,334.806
0.072405654,334.635
0.072414951,334.704
0.072424249,334.729
0.072433593,336.384
0.072442914,335.551
0.072452214,334.813
0.072461511,334.698
0.072470811,334.777
0.072480135,335.663
0.072489450,335.342
0.072498779,335.870
0.072508075,334.642
0.072517395,335.523
0.072526722,335.775
0.072536045,335.604
0.072545368,335.651
0.072554696,335.814
0.072564020,335.667
0.072573352,335.933
0.072582655,334.920
0.072591968,335.273
0.072601269,334.823
0.072610566,334.706
0.072619888,335.595
0.072629191,334.876
0.072638486,334.638
0.072647784,334.712
0.072657082,334.734
0.072666406,335.674
0.072675723,335.418
0.072685024,334.817
0.072694335,335.198
0.072703630,334.645
0.072712940,335.143
0.072722235,334.631
0.072731559,335.664
0.072740885,335.740
0.072750209,335.668
0.072759545,336.078
0.072768841,334.651
0.072778183,336.311
0.072787483,334.822
0.072796782,334.737
0.072806077,334.634
0.072815378,334.822
0.072824675,334.707
0.072834000,335.696
0.072843327,335.757
0.072852643,335.404
0.072861979,336.080
0.072871304,335.693
0.072880602,334.720
0.072889897,334.639
0.072899198,334.819
0.072908511,335.279
0.072917811,334.812
0.072927108,334.702
0.072936404,334.649
0.072945731,335.760
0.072955026,334.638
0.072964339,335.263
0.072973637,334.730
0.072982935,334.725
0.072992267,335.928
0.073001593,335.766
0.073010912,335.465
0.073020232,335.508
0.073029532,334.806
0.073038827,334.632
0.073048143,335.391
0.073057442,334.758
0.073066742,334.800
0.073076044,334.854
0.073085393,336.561
0.073094690,334.707
0.073103989,334.746
0.073113286,334.717
0.073122608,335.591
0.073131914,335.017
0.073141210,334.633
0.073150507,334.718
0.073159811,334.945
0.073169107,334.645
0.073178431,335.651
0.073187729,334.746
0.073197027,334.717
0.073206333,335.021
0.073215634,334.813
0.073224929,334.635
0.073234227,334.724
0.073243553,335.750
0.073252849,334.649
0.073262176,335.764
0.073271496,335.526
0.073280794,334.720
0.073290118,335.681
0.073299416,334.718
0.073308740,335.671
0.073318041,334.844
0.073327339,334.713
0.073336669,335.899
0.073345971,334.851
0.073355329,336.893
0.073364653,335.646
0.073373977,335.689
0.073383275,334.720
0.073392602,335.783
0.073401898,334.645
0.073411195,334.697
0.073420500,334.979
0.073429798,334.720
0.073439114,335.394
0.073448420,335.007
0.073457738,335.447
0.073467085,336.494
0.073476385,334.790
0.073485717,335.940
0.073495014,334.699
0.073504312,334.740
0.073513610,334.714
0.073522931,335.577
0.073532232,334.816
0.073541571,336.222
0.073550898,335.763
0.073560204,335.031
0.073569501,334.677
0.073578802,334.832
0.073588098,334.671
0.073597397,334.737
0.073606716,335.499
0.073616016,334.788
0.073625311,334.637
0.073634639,335.796
0.073643936,334.714
0.073653233,334.670
0.073662560,335.775
0.073671855,334.638
0.073681179,335.669
0.073690477,334.727
0.073699802,335.672
0.073709110,335.081
0.073718442,335.984
0.073727782,336.216
0.073737080,334.739
0.073746378,334.716
0.073755674,334.677
0.073765033,336.898
0.073774349,335.403
0.073783673,335.665
0.073792973,334.796
0.073802271,334.727
0.073811569,334.721
0.073820868,334.751
0.073830165,334.721
0.073839464,334.738
0.073848771,335.057
0.073858119,336.541
0.073867446,335.762
0.073876744,334.740
0.073886042,334.704
0.073895343,334.845
0.073904678,336.063
0.073913999,335.553
0.073923324,335.703
0.073932621,334.710
0.073941917,334.649
0.073951221,334.933
0.073960519,334.719
0.073969840,335.565
0.073979176,336.098
0.073988472,334.655
0.073997773,334.826
0.074007069,334.659
0.074016367,334.722
0.074025667,334.799
0.074034987,335.539
0.074044287,334.801
0.074053586,334.752
0.074062933,336.500
0.074072255,335.589
0.074081555,334.817
0.074090866,335.174
0.074100202,336.086
0.074109554,336.696
0.074118894,336.217
0.074128220,335.760
0.074137579,336.897
0.074146903,335.664
0.074156249,336.458
0.074165548,334.777
0.074174844,334.649
0.074184158,335.318
0.074193492,336.020
0.074202788,334.656
0.074212115,335.778
0.074221411,334.640
0.074230708,334.719
0.074240007,334.733
0.074249304,334.719
0.074258626,335.593
0.074267927,334.809
0.074277224,334.693
0.074286551,335.777
0.074295876,335.694
0.074305198,335.592
0.074314498,334.818
0.074323820,335.588
0.074333118,334.710
0.074342444,335.744
0.074351739,334.642
0.074361037,334.699
0.074370362,335.699
0.074379679,335.436
0.074389000,335.537
0.074398300,334.811
0.074407613,335.261
0.074416949,336.096
0.074426272,335.644
0.074435568,334.658
0.074444880,335.234
0.074454176,334.654
0.074463475,334.737
0.074472799,335.685
0.074482120,335.538
0.074491415,334.638
0.074500742,335.767
0.074510050,335.097
0.074519408,336.885
0.074528704,334.644
0.074538002,334.726
0.074547328,335.741
0.074556646,335.468
0.074565970,335.654
0.074575268,334.735
0.074584566,334.713
0.074593897,335.930
0.074603224,335.760
0.074612519,334.634
0.074621850,335.885
0.074631151,334.841
0.074640474,335.633
0.074649775,334.830
0.074659071,334.673
0.074668369,334.724
0.074677701,335.935
0.074687025,335.664
0.074696320,334.632
0.074705652,335.952
0.074714949,334.705
0.074724271,335.597
0.074733572,334.808
0.074742867,334.636
0.074752164,334.707
0.074761466,334.844
0.074770791,335.705
0.074780113,335.584
0.074789413,334.822
0.074798711,334.702
0.074808009,334.738
0.074817306,334.714
0.074826618,335.222
0.074835945,335.767
0.074845267,335.581
0.074854579,335.226
0.074863878,334.793
0.074873188,335.134
0.074882485,334.699
0.074891810,335.703
0.074901108,334.725
0.074910427,335.481
0.074919756,335.835
0.074929051,334.647
0.074938350,334.752
0.074947677,335.779
0.074956973,334.660
0.074966274,334.845
0.074975623,336.558
0.074984937,335.293
0.074994236,334.761
0.075003534,334.735
0.075012851,335.413
0.075022181,335.892
0.075031505,335.660
0.075040825,335.502
0.075050125,334.813
0.075059437,335.212
0.075068771,336.038
0.075078069,334.732
0.075087367,334.726
0.075096667,334.795
0.075105999,335.944
0.075115322,335.646
0.075124621,334.738
0.075133918,334.717
0.075143214,334.638
0.075152514,334.819
0.075161809,334.627
0.075171165,336.795
0.075180494,335.854
0.075189817,335.608
0.075199115,334.746
0.075208441,335.726
0.075217739,334.733
0.075227061,335.591
0.075236361,334.813
0.075245657,334.638
0.075254983,335.758
0.075264307,335.645
0.075273629,335.605
0.075282932,334.913
0.075292228,334.641
0.075301526,334.721
0.075310850,335.680
0.075320170,335.514
0.075329465,334.631
0.075338792,335.761
0.075348094,334.865
0.075357429,336.068
0.075366730,334.823
0.075376042,335.243
0.075385340,334.719
0.075394638,334.727
0.075403935,334.709
0.075413235,334.796
0.075422531,334.647
0.075431855,335.651
0.075441213,336.889
0.075450534,335.573
0.075459856,335.577
0.075469184,335.812
0.075478493,335.149
0.075487818,335.670
0.075497144,335.746
0.075506456,335.223
0.075515763,335.067
0.075525114,336.646
0.075534415,334.809
0.075543739,335.687
0.075553037,334.720
0.075562332,334.639
0.075571659,335.764
0.075580980,335.560
0.075590302,335.596
0.075599639,336.110
0.075608934,334.637
0.075618258,335.667
0.075627557,334.734
0.075636897,336.238
0.075646192,334.627
0.075655518,335.763
0.075664816,334.695
0.075674167,336.645
0.075683464,334.717
0.075692806,336.285
0.075702106,334.812
0.075711413,335.043
0.075720711,334.720
0.075730036,335.722
0.075739345,335.130
0.075748642,334.696
0.075757947,334.947
0.075767245,334.747
0.075776543,334.734
0.075785845,334.854
0.075795167,335.596
0.075804465,334.717
0.075813791,335.742
0.075823104,335.296
0.075832405,334.835
0.075841711,334.992
0.075851009,334.721
0.075860360,336.638
0.075869684,335.661
0.075878979,334.634
0.075888289,335.151
0.075897612,335.648
0.075906908,334.644
0.075916208,334.805
0.075925503,334.635
0.075934801,334.713
0.075944125,335.678
0.075953423,334.710
0.075962718,334.631
0.075972045,335.773
0.075981342,334.691
0.075990641,334.741
0.075999965,335.666
0.076009287,335.608
0.076018599,335.227
0.076027895,334.651
0.076037193,334.739
0.076046493,334.796
0.076055789,334.644
0.076065086,334.698
0.076074384,334.742
0.076083704,335.497
0.076093023,335.486
0.076102323,334.816
0.076111618,334.633
0.076120968,336.575
0.076130294,335.748
0.076139634,336.243
0.076148935,334.846
0.076158257,335.562
0.076167554,334.720
0.076176852,334.732
0.076186177,335.667
0.076195472,334.639
0.076204773,334.820
0.076214070,334.699
0.076223366,334.649
0.076232693,335.769
0.076242015,335.596
0.076251336,335.580
0.076260661,335.685
0.076269961,334.795
0.076279256,334.645
0.076288581,335.680
0.076297915,336.022
0.076307241,335.727
0.076316590,336.585
0.076325902,335.219
0.076335208,335.034
0.076344504,334.634
0.076353802,334.722
0.076363106,334.961
0.076372442,336.106
0.076381766,335.650
0.076391091,335.691
0.076400388,334.717
0.076409710,335.589
0.076419038,335.799
0.076428334,334.637
0.076437669,336.086
0.076446993,335.648
0.076456315,335.595
0.076465618,334.894
0.076474966,336.536
0.076484263,334.713
0.076493561,334.728
0.076502922,336.972
0.076512254,335.954
0.076521589,336.080
0.076530887,334.708
0.076540209,335.604
0.076549510,334.842
0.076558806,334.641
0.076568114,335.096
0.076577421,335.069
0.076586720,334.739
0.076596021,334.830
0.076605317,334.677
0.076614641,335.653
0.076623940,334.750
0.076633237,334.718
0.076642533,334.639
0.076651833,334.823
0.076661129,334.629
0.076670426,334.716
0.076679726,334.782
0.076689023,334.687
0.076698321,334.723
0.076707619,334.750
0.076716963,336.391
0.076726259,334.656
0.076735587,335.782
0.076744883,334.665
0.076754240,336.859
0.076763589,336.552
0.076772911,335.598
0.076782217,335.016
0.076791512,334.633
0.076800810,334.711
0.076810108,334.738
0.076819432,335.669
0.076828781,336.538
0.076838106,335.722
0.076847405,334.742
0.076856726,335.588
0.076866028,334.860
0.076875351,335.609
0.076884651,334.828
0.076893998,336.493
0.076903312,335.275
0.076912612,334.797
0.076921907,334.646
0.076931205,334.705
0.076940556,336.639
0.076949853,334.711
0.076959149,334.635
0.076968449,334.815
0.076977780,335.931
0.076987078,334.715
0.076996404,335.749
0.077005719,335.339
0.077015047,335.787
0.077024369,335.595
0.077033686,335.408
0.077042984,334.731
0.077052293,335.119
0.077061588,334.639
0.077070915,335.769
0.077080252,336.118
0.077089574,335.598
0.077098874,334.812
0.077108184,335.166
0.077117506,335.584
0.077126815,335.129
0.077136114,334.758
0.077145420,335.005
0.077154773,336.721
0.077164071,334.702
0.077173369,334.746
0.077182667,334.717
0.077192008,336.289
0.077201335,335.761
0.077210657,335.586
0.077219954,334.717
0.077229281,335.746
0.077238576,334.644
0.077247899,335.623
0.077257198,334.752
0.077266522,335.674
0.077275843,335.543
0.077285170,335.769
0.077294465,334.639
0.077303766,334.821
0.077313063,334.703
0.077322359,334.641
0.077331659,334.815
0.077340981,335.590
0.077350279,334.715
0.077359603,335.689
0.077368928,335.676
0.077378249,335.588
0.077387554,334.978
0.077396887,335.970
0.077406210,335.618
0.077415514,334.941
0.077424825,335.221
0.077434124,334.744
0.077443422,334.739
0.077452746,335.662
0.077462081,336.069
0.077471377,334.653
0.077480701,335.652
0.077490001,334.815
0.077499299,334.738
0.077508643,336.352
0.077517970,335.770
0.077527279,335.124
0.077536576,334.722
0.077545903,335.742
0.077555240,336.147
0.077564575,336.047
0.077573899,335.697
0.077583241,336.306
0.077592539,334.729
0.077601837,334.714
0.077611178,336.287
0.077620505,335.757
0.077629814,335.123
0.077639131,335.410
0.077648437,335.010
0.077657732,334.635
0.077667053,335.537
0.077676404,336.649
0.077685718,335.296
0.077695024,335.039
0.077704351,335.769
0.077713648,334.698
0.077722980,335.944
0.077732290,335.150
0.077741604,335.319
0.077750905,334.820
0.077760211,335.026
0.077769509,334.711
0.077778808,334.793
0.077788104,334.645
0.077797401,334.693
0.077806726,335.698
0.077816024,334.715
0.077825319,334.637
0.077834619,334.811
0.077843915,334.637
0.077853251,336.084
0.077862577,335.748
0.077871872,334.637
0.077881170,334.698
0.077890468,334.743
0.077899784,335.366
0.077909082,334.729
0.077918406,335.671
0.077927701,334.633
0.077937028,335.759
0.077946381,336.693
0.077955726,336.455
0.077965054,335.786
0.077974384,335.901
0.077983692,335.067
0.077993014,335.608
0.078002340,335.708
0.078011666,335.771
0.078020963,334.661
0.078030300,336.153
0.078039626,335.722
0.078048965,336.227
0.078058288,335.619
0.078067589,334.838
0.078076885,334.651
0.078086209,335.672
0.078095509,334.790
0.078104822,335.269
0.078114149,335.759
0.078123444,334.639
0.078132758,335.290
0.078142115,336.867
0.078151463,336.535
0.078160773,335.129
0.078170100,335.800
0.078179412,335.233
0.078188720,335.063
0.078198020,334.815
0.078207316,334.639
0.078216613,334.720
0.078225915,334.840
0.078235222,335.079
0.078244525,334.895
0.078253847,335.605
0.078263144,334.697
0.078272443,334.749
0.078281765,335.597
0.078291096,335.927
0.078300423,335.766
0.078309768,336.397
0.078319092,335.668
0.078328392,334.797
0.078337703,335.198
0.078347053,336.595
0.078356377,335.694
0.078365675,334.717
0.078374971,334.641
0.078384294,335.654
0.078393590,334.636
0.078402890,334.819
0.078412214,335.656
0.078421530,335.379
0.078430840,335.151
0.078440162,335.592
0.078449460,334.718
0.078458762,334.892
0.078468063,334.810
0.078477370,335.082
0.078486674,334.918
0.078496017,336.373
0.078505361,336.364
0.078514662,334.859
0.078523984,335.583
0.078533348,337.090
0.078542644,334.669
0.078551942,334.726
0.078561242,334.798
0.078570564,335.598
0.078579876,335.224
0.078589227,336.646
0.078598525,334.714
0.078607821,334.645
0.078617121,334.820
0.078626417,334.637
0.078635752,336.075
0.078645059,335.056
0.078654372,335.257
0.078663669,334.708
0.078672994,335.700
0.078682292,334.707
0.078691590,334.732
0.078700898,335.093
0.078710196,334.720
0.078719497,334.848
0.078728821,335.660
0.078738138,335.428
0.078747465,335.769
0.078756761,334.641
0.078766085,335.664
0.078775386,334.840
0.078784711,335.686
0.078794015,334.953
0.078803316,334.849
0.078812613,334.697
0.078821909,334.650
0.078831210,334.813
0.078840532,335.589
0.078849840,335.104
0.078859160,335.536
0.078868485,335.666
0.078877837,336.701
0.078887146,335.111
0.078896443,334.697
0.078905768,335.685
0.078915065,334.714
0.078924385,335.491
0.078933685,334.810
0.078942980,334.636
0.078952278,334.717
0.078961580,334.883
0.078970876,334.651
0.078980174,334.708
0.078989472,334.742
0.078998770,334.717
0.079008068,334.731
0.079017393,335.693
0.079026688,334.642
0.079035989,334.816
0.079045322,336.001
0.079054632,335.155
0.079063953,335.574
0.079073276,335.603
0.079082600,335.694
0.079091902,334.854
0.079101200,334.744
0.079110507,335.027
0.079119835,335.835
0.079129151,335.363
0.079138476,335.698
0.079147774,334.710
0.079157088,335.317
0.079166422,336.041
0.079175718,334.633
0.079185042,335.668
0.079194342,334.800
0.079203652,335.179
0.079212999,336.487
0.079222328,335.831
0.079231626,334.721
0.079240972,336.478
0.079250299,335.768
0.079259640,336.263
0.079268940,334.817
0.079278264,335.655
0.079287560,334.642
0.079296886,335.764
0.079306207,335.523
0.079315504,334.711
0.079324829,335.682
0.079334126,334.713
0.079343422,334.648
0.079352750,335.800
0.079362047,334.699
0.079371343,334.650
0.079380649,335.040
0.079389965,335.358
0.079399262,334.714
0.079408561,334.737
0.079417858,334.716
0.079427211,336.696
0.079436507,334.646
0.079445813,335.024
0.079455139,335.734
0.079464473,336.018
0.079473769,334.667
0.079483097,335.795
0.079492419,335.590
0.079501717,334.743
0.079511044,335.770
0.079520355,335.194
0.079529653,334.731
0.079538952,334.765
0.079548250,334.717
0.079557546,334.676
0.079566847,334.819
0.079576169,335.584
0.079585504,336.080
0.079594801,334.701
0.079604116,335.340
0.079613462,336.445
0.079622770,335.100
0.079632105,336.027
0.079641408,334.937
0.079650707,334.745
0.079660003,334.647
0.079669303,334.824
0.079678600,334.698
0.079687898,334.730
0.079697226,335.789
0.079706522,334.674
0.079715820,334.720
0.079725145,335.684
0.079734478,336.014
0.079743805,335.757
0.079753101,334.647
0.079762398,334.698
0.079771729,335.922
0.079781027,334.718
0.079790349,335.589
0.079799649,334.824
0.079808981,335.928
0.079818305,335.669
0.079827631,335.742
0.079836947,335.361
0.079846244,334.699
0.079855544,334.790
0.079864841,334.709
0.079874175,336.019
0.079883473,334.743
0.079892769,334.653
0.079902105,336.076
0.079911404,334.760
0.079920700,334.662
0.079930028,335.800
0.079939326,334.740
0.079948624,334.736
0.079957922,334.736
0.079967234,335.227
0.079976580,336.442
0.079985909,335.861
0.079995206,334.698
0.080004502,334.650
0.080013803,334.810
0.080023142,336.227
0.080032442,334.810
0.080041738,334.628
0.080051078,336.267
0.080060378,334.791
0.080069685,335.058
0.080079024,336.186
0.080088349,335.691
0.080097668,335.516
0.080107014,336.424
0.080116314,334.815
0.080125610,334.641
0.080134945,336.071
0.080144271,335.754
0.080153584,335.265
0.080162881,334.695
0.080172197,335.376
0.080181524,335.775
0.080190850,335.712
0.080200174,335.686
0.080209471,334.671
0.080218771,334.818
0.080228069,334.705
0.080237391,335.588
0.080246717,335.759
0.080256013,334.637
0.080265310,334.715
0.080274608,334.731
0.080283906,334.721
0.080293202,334.635
0.080302530,335.813
0.080311827,334.697
0.080321152,335.691
0.080330449,334.715
0.080339807,336.884
0.080349107,334.805
0.080358403,334.629
0.080367700,334.716
0.080377032,335.959
0.080386341,335.109
0.080395665,335.645
0.080404989,335.695
0.080414291,334.859
0.080423588,334.708
0.080432889,334.831
0.080442185,334.632
0.080451519,336.029
0.080460820,334.832
0.080470115,334.647
0.080479416,334.809
0.080488738,335.588
0.080498055,335.412
0.080507360,334.980
0.080516657,334.713
0.080525953,334.635
0.080535285,335.976
0.080544582,334.703
0.080553878,334.642
0.080563178,334.805
0.080572510,335.927
0.080581807,334.718
0.080591158,336.633
0.080600472,335.304
0.080609768,334.634
0.080619094,335.767
0.080628418,335.655
0.080637725,335.038
0.080647033,335.084
0.080656328,334.638
0.080665631,334.911
0.080674927,334.645
0.080684225,334.727
0.080693525,334.797
0.080702870,336.409
0.080712193,335.642
0.080721507,335.312
0.080730807,334.807
0.080740127,335.527
0.080749444,335.405
0.080758766,335.596
0.080768065,334.752
0.080777365,334.795
0.080786661,334.652
0.080795961,334.811
0.080805257,334.635
0.080814570,335.298
0.080823875,334.976
0.080833185,335.133
0.080842501,335.394
0.080851828,335.761
0.080861151,335.653
0.080870447,334.647
0.080879774,335.765
0.080889070,334.641
0.080898367,334.713
0.080907692,335.685
0.080917024,335.948
0.080926325,334.841
0.080935657,335.952
0.080945000,336.360
0.080954328,335.816
0.080963626,334.722
0.080972922,334.658
0.080982254,335.927
0.080991575,335.589
0.081000874,334.739
0.081010236,337.042
0.081019560,335.674
0.081028884,335.661
0.081038183,334.746
0.081047499,335.389
0.081056795,334.636
0.081066095,334.815
0.081075390,334.635
0.081084691,334.810
0.081093988,334.694
0.081103330,336.312
0.081112639,335.137
0.081121936,334.674
0.081131274,336.188
0.081140599,335.684
0.081149932,336.014
0.081159230,334.709
0.081168531,334.841
0.081177828,334.708
0.081187149,335.555
0.081196458,335.096
0.081205753,334.636
0.081215063,335.141
0.081224358,334.637
0.081233682,335.671
0.081242982,334.789
0.081252288,335.035
0.081261585,334.692
0.081270884,334.740
0.081280225,336.290
0.081289522,334.667
0.081298822,334.817
0.081308159,336.144
0.081317458,334.742
0.081326758,334.815
0.081336069,335.202
0.081345366,334.694
0.081354691,335.689
0.081363989,334.715
0.081373310,335.585
0.081382637,335.763
0.081391933,334.632
0.081401236,334.910
0.081410558,335.594
0.081419869,335.203
0.081429172,334.930
0.081438481,335.091
0.081447778,334.718
0.081457076,334.733
0.081466401,335.672
0.081475723,335.594
0.081485049,335.759
0.081494366,335.412
0.081503688,335.592
0.081512990,334.842
0.081522303,335.272
0.081531629,335.757
0.081540934,334.991
0.081550259,335.667
0.081559559,334.811
0.081568855,334.663
0.081578153,334.714
0.081587457,334.956
0.081596781,335.670
0.081606077,334.635
0.081615408,335.925
0.081624739,335.928
0.081634075,336.088
0.081643404,335.842
0.081652744,336.231
0.081662045,334.831
0.081671349,334.979
0.081680647,334.716
0.081689953,335.014
0.081699277,335.661
0.081708573,334.640
0.081717873,334.816
0.081727170,334.701
0.081736492,335.595
0.081745793,334.810
0.081755088,334.637
0.081764412,335.661
0.081773737,335.687
0.081783081,336.407
0.081792439,336.887
0.081801741,334.855
0.081811065,335.661
0.081820363,334.744
0.081829661,334.715
0.081838994,335.983
0.081848295,334.847
0.081857625,335.900
0.081866924,334.761
0.081876252,335.792
0.081885548,334.649
0.081894847,334.785
0.081904172,335.703
0.081913491,335.464
0.081922786,334.639
0.081932087,334.815
0.081941401,335.321
0.081950725,335.667
0.081960025,334.793
0.081969366,336.260
0.081978666,334.809
0.081987999,335.974
0.081997296,334.718
0.082006621,335.684
0.082015968,336.505
0.082025317,336.538
0.082034617,334.817
0.082043914,334.705
0.082053222,335.073
0.082062522,334.805
0.082071818,334.642
0.082081115,334.709
0.082090441,335.729
0.082099757,335.375
0.082109057,334.796
0.082118353,334.656
0.082127661,335.098
0.082136961,334.802
0.082146259,334.739
0.082155582,335.595
0.082164882,334.817
0.082174177,334.632
0.082183501,335.666
0.082192806,334.953
0.082202142,336.115
0.082211478,336.081
0.082220776,334.739
0.082230090,335.290
0.082239385,334.631
0.082248686,334.851
0.082257982,334.630
0.082267308,335.765
0.082276632,335.634
0.082285944,335.239
0.082295244,334.802
0.082304551,335.046
0.082313895,336.410
0.082323220,335.688
0.082332544,335.665
0.082341840,334.633
0.082351177,336.146
0.082360503,335.744
0.082369799,334.654
0.082379130,335.903
0.082388446,335.385
0.082397750,334.949
0.082407046,334.653
0.082416363,335.398
0.082425690,335.777
0.082434986,334.655
0.082444284,334.734
0.082453583,334.776
0.082462881,334.724
0.082472203,335.589
0.082481504,334.821
0.082490799,334.643
0.082500147,336.509
0.082509473,335.749
0.082518769,334.651
0.082528091,335.607
0.082537416,335.696
0.082546715,334.752
0.082556040,335.688
0.082565337,334.720
0.082574633,334.630
0.082583933,334.812
0.082593268,336.052
0.082602590,335.599
0.082611890,334.808
0.082621201,335.200
0.082630500,334.743
0.082639824,335.687
0.082649143,335.484
0.082658439,334.636
0.082667766,335.775
0.082677097,335.908
0.082686421,335.663
0.082695722,334.838
0.082705017,334.642
0.082714344,335.773
0.082723640,334.655
0.082732965,335.683
0.082742272,335.066
0.082751569,334.671
0.082760866,334.704
0.082770197,335.918
0.082779495,334.730
0.082788791,334.635
0.082798095,334.954
0.082807390,334.633
0.082816714,335.671
0.082826017,334.878
0.082835312,334.649
0.082844636,335.651
0.082853961,335.697
0.082863259,334.719
0.082872559,334.800
0.082881857,334.738
0.082891188,335.933
0.082900492,334.913
0.082909789,334.701
0.082919085,334.649
0.082928385,334.812
0.082937707,335.592
0.082947024,335.428
0.082956350,335.708
0.082965674,335.679
0.082974971,334.678
0.082984306,336.073
0.082993620,335.306
0.083002942,335.588
0.083012269,335.760
0.083021583,335.311
0.083030883,334.817
0.083040215,335.939
0.083049533,335.453
0.083058886,336.702
0.083068182,334.648
0.083077505,335.647
0.083086830,335.692
0.083096149,335.476
0.083105495,336.475
0.083114798,334.909
0.083124121,335.600
0.083133428,335.074
0.083142755,335.749
0.083152069,335.314
0.083161396,335.767
0.083170691,334.646
0.083179989,334.705
0.083189340,336.629
0.083198677,336.133
0.083207972,334.638
0.083217299,335.757
0.083226596,334.707
0.083235919,335.625
0.083245219,334.815
0.083254538,335.480
0.083263845,335.026
0.083273162,335.410
0.083282463,334.857
0.083291790,335.765
0.083301112,335.593
0.083310409,334.698
0.083319734,335.689
0.083329031,334.711
0.083338348,335.396
0.083347675,335.768
0.083356972,334.710
0.083366294,335.568
0.083375620,335.756
0.083384963,336.329
0.083394260,334.694
0.083403566,335.016
0.083412863,334.715
0.083422197,336.017
0.083431495,334.720
0.083440817,335.588
0.083450117,334.812
0.083459441,335.655
0.083468778,336.145
0.083478084,335.015
0.083487380,334.634
0.083496726,336.470
0.083506072,336.456
0.083515371,334.755
0.083524675,334.937
0.083533976,334.853
0.083543274,334.734
0.083552596,335.596
0.083561897,334.813
0.083571192,334.640
0.083580493,334.822
0.083589798,334.991
0.083599098,334.809
0.083608432,336.019
0.083617728,334.646
0.083627025,334.696
0.083636350,335.695
0.083645670,335.530
0.083654966,334.634
0.083664266,334.813
0.083673603,336.123
0.083682938,336.085
0.083692238,334.796
0.083701560,335.594
0.083710884,335.639
0.083720182,334.731
0.083729525,336.342
0.083738831,335.019
0.083748176,336.441
0.083757500,335.637
0.083766804,334.966
0.083776141,336.130
0.083785464,335.627
0.083794785,335.562
0.083804107,335.600
0.083813433,335.702
0.083822752,335.512
0.083832075,335.615
0.083841374,334.756
0.083850694,335.520
0.083860002,335.106
0.083869303,334.826
0.083878614,335.181
0.083887936,335.597
0.083897262,335.747
0.083906584,335.593
0.083915881,334.702
0.083925206,335.690
0.083934504,334.717
0.083943803,334.776
0.083953111,335.102
0.083962439,335.775
0.083971741,334.884
0.083981061,335.540
0.083990381,335.487
0.083999682,334.849
0.084009018,336.105
0.084018316,334.711
0.084027640,335.683
0.084036974,336.012
0.084046269,334.637
0.084055604,336.064
0.084064920,335.344
0.084074221,334.839
0.084083519,334.753
0.084092851,335.934
0.084102178,335.768
0.084111485,335.066
0.084120783,334.726
0.084130136,336.698
0.084139445,335.147
0.084148743,334.698
0.084158067,335.696
0.084167392,335.667
0.084176739,336.503
0.084186039,334.810
0.084195352,335.258
0.084204679,335.764
0.084213976,334.698
0.084223271,334.643
0.084232572,334.813
0.084241894,335.601
0.084251204,335.172
0.084260503,334.759
0.084269801,334.729
0.084279097,334.634
0.084288428,335.931
0.084297752,335.650
0.084307047,334.642
0.084316380,335.992
0.084325729,336.534
0.084335029,334.804
0.084344335,335.042
0.084353651,335.361
0.084362951,334.792
0.084372273,335.594
0.084381596,335.649
0.084390895,334.734
0.084400192,334.711
0.084409488,334.636
0.084418788,334.818
0.084428106,335.451
0.084437430,335.667
0.084446756,335.744
0.084456079,335.601
0.084465402,335.647
0.084474727,335.687
0.084484024,334.711
0.084493329,334.982
0.084502656,335.771
0.084511988,335.932
0.084521318,335.887
0.084530643,335.690
0.084539966,335.634
0.084549267,334.842
0.084558564,334.671
0.084567910,336.478
0.084577235,335.677
0.084586574,336.212
0.084595871,334.716
0.084605172,334.837
0.084614470,334.698
0.084623765,334.647
0.084633075,335.148
0.084642371,334.645
0.084651697,335.764
0.084660993,334.640
0.084670307,335.305
0.084679633,335.740
0.084688955,335.599
0.084698279,335.645
0.084707578,334.757
0.084716875,334.714
0.084726171,334.634
0.084735471,334.809
0.084744766,334.626
0.084754064,334.719
0.084763390,335.747
0.084772686,334.644
0.084781983,334.695
0.084791308,335.688
0.084800606,334.729
0.084809905,334.767
0.084819203,334.726
0.084828515,335.233
0.084837815,334.815
0.084847168,336.689
0.084856490,335.602
0.084865843,336.720
0.084875152,335.133
0.084884473,335.554
0.084893771,334.734
0.084903069,334.720
0.084912416,336.479
0.084921743,335.759
0.084931040,334.697
0.084940364,335.692
0.084949662,334.710
0.084958957,334.634
0.084968284,335.761
0.084977579,334.632
0.084986897,335.446
0.084996223,335.739
0.085005532,335.098
0.085014843,335.192
0.085024145,334.898
0.085033469,335.667
0.085042789,335.490
0.085052089,334.817
0.085061384,334.631
0.085070704,335.525
0.085080007,334.894
0.085089305,334.717
0.085098616,335.198
0.085107912,334.664
0.085117210,334.737
0.085126509,334.765
0.085135860,336.626
0.085145203,336.337
0.085154508,335.006
0.085163806,334.704
0.085173102,334.648
0.085182402,334.805
0.085191723,335.583
0.085201048,335.666
0.085210346,334.733
0.085219659,335.293
0.085228965,335.014
0.085238266,334.817
0.085247626,336.954
0.085256950,335.694
0.085266275,335.668
0.085275590,335.354
0.085284897,335.042
0.085294192,334.637
0.085303516,335.666
0.085312843,335.749
0.085322160,335.432
0.085331497,336.114
0.085340823,335.731
0.085350121,334.750
0.085359428,335.035
0.085368757,335.868
0.085378053,334.639
0.085387354,334.851
0.085396652,334.730
0.085405967,335.339
0.085415269,334.844
0.085424565,334.662
0.085433889,335.667
0.085443213,335.687
0.085452538,335.677
0.085461882,336.405
0.085471183,334.830
0.085480507,335.661
0.085489804,334.672
0.085499131,335.788
0.085508443,335.244
0.085517742,334.743
0.085527067,335.702
0.085536365,334.722
0.085545691,335.751
0.085554987,334.651
0.085564284,334.699
0.085573609,335.690
0.085582936,335.770
0.085592231,334.638
0.085601532,334.819
0.085610868,336.088
0.085620204,336.113
0.085629534,335.864
0.085638850,335.378
0.085648183,336.016
0.085657510,335.743
0.085666808,334.748
0.085676106,334.737
0.085685404,334.720
0.085694743,336.181
0.085704096,336.714
0.085713393,334.704
0.085722715,335.591
0.085732015,334.813
0.085741351,336.092
0.085750661,335.161
0.085759960,334.734
0.085769272,335.266
0.085778594,335.588
0.085787895,334.808
0.085797192,334.697
0.085806543,336.642
0.085815841,334.716
0.085825157,335.394
0.085834465,335.098
0.085843761,334.638
0.085853079,335.463
0.085862432,336.696
0.085871728,334.651
0.085881025,334.697
0.085890350,335.701
0.085899689,336.202
0.085909036,336.483
0.085918363,335.800
0.085927676,335.249
0.085936974,334.724
0.085946300,335.741
0.085955613,335.260
0.085964914,334.859
0.085974210,334.634
0.085983554,336.402
0.085992905,336.633
0.086002229,335.666
0.086011551,335.597
0.086020878,335.763
0.086030175,334.702
0.086039509,336.016
0.086048809,334.807
0.086058131,335.592
0.086067458,335.754
0.086076756,334.742
0.086086072,335.383
0.086095399,335.748
0.086104721,335.601
0.086114018,334.699
0.086123317,334.744
0.086132614,334.717
0.086141936,335.596
0.086151237,334.810
0.086160546,335.133
0.086169844,334.717
0.086179189,336.442
0.086188487,334.717
0.086197785,334.723
0.086207094,335.133
0.086216409,335.352
0.086225706,334.667
0.086235033,335.776
0.086244347,335.309
0.086253655,335.098
0.086262952,334.695
0.086272295,336.333
0.086281598,334.926
0.086290906,335.086
0.086300230,335.669
0.086309581,336.631
0.086318908,335.752
0.086328215,335.049
0.086337515,334.824
0.086346813,334.703
0.086356109,334.651
0.086365409,334.812
0.086374722,335.270
0.086384022,334.809
0.086393344,335.590
0.086402688,336.373
0.086412014,335.749
0.086421336,335.592
0.086430674,336.165
0.086439972,334.740
0.086449270,334.721
0.086458566,334.639
0.086467875,335.131
0.086477173,334.721
0.086486507,336.023
0.086495836,335.849
0.086505132,334.653
0.086514455,335.648
0.086523780,335.693
0.086533078,334.717
0.086542402,335.678
0.086551700,334.715
0.086561050,336.608
0.086570351,334.833
0.086579648,334.705
0.086588971,335.600
0.086598271,334.822
0.086607608,336.110
0.086616929,335.578
0.086626230,334.826
0.086635554,335.673
0.086644850,334.635
0.086654176,335.763
0.086663474,334.696
0.086672798,335.690
0.086682096,334.715
0.086691418,335.595
0.086700725,335.063
0.086710032,335.047
0.086719330,334.709
0.086728656,335.743
0.086737998,336.319
0.086747296,334.736
0.086756595,334.745
0.086765915,335.515
0.086775222,335.078
0.086784523,334.833
0.086793835,335.229
0.086803146,335.180
0.086812444,334.749
0.086821762,335.458
0.086831090,335.789
0.086840386,334.662
0.086849710,335.675
0.086859038,335.798
0.086868356,335.442
0.086877677,335.567
0.086886979,334.855
0.086896276,334.696
0.086905601,335.697
0.086914909,335.089
0.086924224,335.349
0.086933531,335.054
0.086942827,334.633
0.086952139,335.236
0.086961496,336.881
0.086970792,334.649
0.086980139,336.491
0.086989438,334.742
0.086998735,334.709
0.087008030,334.630
0.087017331,334.831
0.087026635,334.948
0.087035934,334.749
0.087045263,335.845
0.087054585,335.606
0.087063912,335.766
0.087073208,334.634
0.087082505,334.711
0.087091830,335.687
0.087101151,335.553
0.087110446,334.631
0.087119746,334.812
0.087129065,335.480
0.087138361,334.641
0.087147661,334.801
0.087156992,335.929
0.087166316,335.660
0.087175614,334.727
0.087184911,334.705
0.087194238,335.743
0.087203560,335.591
0.087212883,335.640
0.087222208,335.693
0.087231505,334.714
0.087240827,335.583
0.087250180,336.721
0.087259476,334.632
0.087268800,335.667
0.087278100,334.798
0.087287437,336.143
0.087296786,336.572
0.087306085,334.759
0.087315384,334.741
0.087324680,334.662
0.087333990,335.181
0.087343322,335.933
0.087352656,336.039
0.087361953,334.700
0.087371276,335.597
0.087380579,334.932
0.087389875,334.634
0.087399172,334.708
0.087408497,335.683
0.087417816,335.497
0.087427162,336.445
0.087436462,334.820
0.087445759,334.701
0.087455082,335.593
0.087464408,335.761
0.087473704,334.637
0.087483031,335.766
0.087492326,334.635
0.087501640,335.304
0.087510940,334.801
0.087520262,335.595
0.087529586,335.651
0.087538886,334.801
0.087548233,336.490
0.087557541,335.096
0.087566868,335.771
0.087576190,335.596
0.087585499,335.136
0.087594826,335.772
0.087604122,334.652
0.087613420,334.704
0.087622727,335.058
0.087632070,336.343
0.087641368,334.736
0.087650665,334.715
0.087659981,335.356
0.087669281,334.810
0.087678605,335.643
0.087687900,334.641
0.087697227,335.760
0.087706522,334.631
0.087715859,336.119
0.087725183,335.681
0.087734481,334.720
0.087743776,334.626
0.087753103,335.759
0.087762400,334.696
0.087771696,334.644
0.087780996,334.808
0.087790310,335.321
0.087799611,334.829
0.087808958,336.477
0.087818255,334.717
0.087827582,335.749
0.087836878,334.675
0.087846214,336.089
0.087855541,335.762
0.087864854,335.269
0.087874176,335.616
0.087883504,335.806
0.087892800,334.633
0.087902099,334.755
0.087911452,336.723
0.087920748,334.645
0.087930076,335.812
0.087939382,335.014
0.087948699,335.424
0.087957997,334.738
0.087967345,336.518
0.087976641,334.635
0.087985972,335.932
0.087995269,334.697
0.088004588,335.482
0.088013895,335.044
0.088023192,334.714
0.088032491,334.742
0.088041815,335.684
0.088051113,334.726
0.088060440,335.752
0.088069762,335.598
0.088079102,336.248
0.088088453,336.644
0.088097751,334.720
0.088107047,334.643
0.088116347,334.821
0.088125669,335.594
0.088135013,336.383
0.088144316,334.881
0.088153638,335.606
0.088162935,334.695
0.088172260,335.692
0.088181558,334.717
0.088190909,336.640
0.088200259,336.628
0.088209555,334.639
0.088218855,334.814
0.088228177,335.579
0.088237494,335.393
0.088246797,334.941
0.088256132,336.059
0.088265430,334.718
0.088274738,335.075
0.088284037,334.760
0.088293332,334.645
0.088302640,335.088
0.088311964,335.667
0.088321260,334.653
0.088330570,335.139
0.088339866,334.662
0.088349166,334.821
0.088358463,334.665
0.088367787,335.665
0.088377087,334.791
0.088386382,334.645
0.088395706,335.646
0.088405029,335.639
0.088414328,334.752
0.088423650,335.587
0.088432951,334.871
0.088442248,334.661
0.088451584,336.117
0.088460884,334.796
0.088470180,334.643
0.088479477,334.697
0.088488802,335.718
0.088498100,334.726
0.088507399,334.742
0.088516709,335.167
0.088526050,336.280
0.088535377,335.766
0.088544674,334.702
0.088553970,334.654
0.088563276,335.012
0.088572571,334.638
0.088581883,335.209
0.088591181,334.734
0.088600515,336.010
0.088609834,335.492
0.088619134,334.812
0.088628458,335.644
0.088637753,334.650
0.088647054,334.811
0.088656349,334.633
0.088665649,334.803
0.088674972,335.621
0.088684271,334.752
0.088693571,334.800
0.088702867,334.673
0.088712165,334.718
0.088721463,334.742
0.088730762,334.743
0.088740057,334.632
0.088749357,334.811
0.088758681,335.666
0.088768003,335.570
0.088777329,335.747
0.088786661,335.937
0.088795983,335.607
0.088805283,334.785
0.088814607,335.666
0.088823914,335.055
0.088833211,334.710
0.088842507,334.641
0.088851834,335.762
0.088861131,334.698
0.088870453,335.593
0.088879753,334.808
0.088889088,336.057
0.088898385,334.710
0.088907736,336.634
0.088917060,335.668
0.088926392,335.924
0.088935719,335.767
0.088945016,334.696
0.088954338,335.587
0.088963693,336.796
0.088972989,334.649
0.088982290,334.855
0.088991637,336.497
0.089000939,334.845
0.089010265,335.762
0.089019561,334.645
0.089028858,334.694
0.089038183,335.698
0.089047507,335.668
0.089056853,336.463
0.089066156,334.890
0.089075487,335.930
0.089084812,335.670
0.089094164,336.695
0.089103460,334.648
0.089112786,335.755
0.089122120,335.995
0.089131417,334.712
0.089140768,336.632
0.089150066,334.717
0.089159361,334.638
0.089168688,335.769
0.089177985,334.696
0.089187305,335.505
0.089196612,335.053
0.089205923,335.213
0.089215221,334.716
0.089224519,334.732
0.089233817,334.724
0.089243117,334.794
0.089252416,334.754
0.089261714,334.742
0.089271039,335.701
0.089280337,334.725
0.089289679,336.324
0.089299007,335.815
0.089308316,335.112
0.089317614,334.718
0.089326918,334.939
0.089336228,335.166
0.089345525,334.691
0.089354823,334.740
0.089364147,335.665
0.089373443,334.635
0.089382743,334.822
0.089392039,334.637
0.089401336,334.716
0.089410659,335.619
0.089419955,334.641
0.089429255,334.812
0.089438551,334.637
0.089447848,334.719
0.089457146,334.732
0.089466456,335.142
0.089475751,334.636
0.089485078,335.762
0.089494391,335.279
0.089503687,334.660
0.089513010,335.620
0.089522322,335.213
0.089531683,336.991
0.089540991,335.100
0.089550334,336.352
0.089559661,335.754
0.089568966,335.009
0.089578264,334.703
0.089587562,334.751
0.089596886,335.663
0.089606182,334.633
0.089615491,335.148
0.089624800,335.099
0.089634097,334.716
0.089643428,335.900
0.089652771,336.365
0.089662068,334.695
0.089671395,335.766
0.089680693,334.711
0.089690014,335.571
0.089699315,334.817
0.089708610,334.635
0.089717910,334.809
0.089727208,334.703
0.089736510,334.884
0.089745817,335.045
0.089755153,336.113
0.089764452,334.743
0.089773750,334.756
0.089783048,334.722
0.089792371,335.620
0.089801688,335.419
0.089811004,335.355
0.089820303,334.775
0.089829601,334.738
0.089838916,335.321
0.089848224,335.087
0.089857519,334.635
0.089866817,334.708
0.089876116,334.795
0.089885412,334.637
0.089894735,335.649
0.089904060,335.693
0.089913379,335.490
0.089922701,335.588
0.089932028,335.756
0.089941323,334.633
0.089950621,334.716
0.089959921,334.793
0.089969260,336.230
0.089978617,336.830
0.089987912,334.644
0.089997226,335.303
0.090006524,334.729
0.090015822,334.722
0.090025139,335.399
0.090034439,334.819
0.090043737,334.703
0.090053059,335.600
0.090062365,335.011
0.090071730,337.140
0.090081053,335.634
0.090090352,334.763
0.090099650,334.745
0.090108973,335.601
0.090118273,334.828
0.090127571,334.697
0.090136869,334.739
0.090146193,335.662
0.090155515,335.586
0.090164842,335.775
0.090174149,335.077
0.090183447,334.722
0.090192774,335.748
0.090202096,335.592
0.090211419,335.646
0.090220717,334.740
0.090230018,334.815
0.090239351,335.976
0.090248651,334.817
0.090257965,335.292
0.090267291,335.762
0.090276625,336.010
0.090285921,334.648
0.090295250,335.852
0.090304570,335.501
0.090313867,334.719
0.090323192,335.688
0.090332490,334.721
0.090341785,334.633
0.090351112,335.783
0.090360436,335.660
0.090369759,335.615
0.090379059,334.819
0.090388418,336.894
0.090397715,334.722
0.090407014,334.742
0.090416348,336.012
0.090425674,335.750
0.090434981,335.041
0.090444304,335.650
0.090453603,334.742
0.090462900,334.714
0.090472220,335.504
0.090481521,334.837
0.090490816,334.644
0.090500114,334.722
0.090509414,334.796
0.090518736,335.598
0.090528071,336.037
0.090537369,334.743
0.090546712,336.330
0.090556037,335.702
0.090565371,336.034
0.090574693,335.593
0.090584027,336.014
0.090593350,335.647
0.090602646,334.646
0.090611951,334.962
0.090621289,336.182
0.090630589,334.815
0.090639914,335.689
0.090649255,336.274
0.090658551,334.641
0.090667887,336.098
0.090677184,334.695
0.090686482,334.733
0.090695790,335.103
0.090705112,335.600
0.090714444,335.941
0.090723740,334.651
0.090733064,335.677
0.090742391,335.751
0.090751686,334.645
0.090760984,334.702
0.090770309,335.698
0.090779633,335.667
0.090788928,334.635
0.090798236,335.067
0.090807531,334.632
0.090816829,334.719
0.090826156,335.781
0.090835478,335.591
0.090844805,335.757
0.090854100,334.635
0.090863417,335.426
0.090872715,334.728
0.090882025,335.136
0.090891320,334.628
0.090900647,335.774
0.090909944,334.691
0.090919241,334.689
0.090928547,335.007
0.090937857,335.161
0.090947154,334.715
0.090956483,335.848
0.090965808,335.693
0.090975104,334.633
0.090984405,334.842
0.090993702,334.695
0.091003027,335.695
0.091012324,334.711
0.091021620,334.645
0.091030928,335.080
0.091040235,335.046
0.091049553,335.464
0.091058853,334.796
0.091068171,335.469
0.091077469,334.701
0.091086793,335.688
0.091096091,334.715
0.091105410,335.500
0.091114737,335.765
0.091124032,334.627
0.091133341,335.099
0.091142640,334.786
0.091151954,335.299
0.091161263,335.129
0.091170559,334.637
0.091179891,335.956
0.091189216,335.708
0.091198521,334.978
0.091207851,335.889
0.091217158,335.023
0.091226482,335.677
0.091235778,334.651
0.091245079,334.840
0.091254375,334.654
0.091263697,335.598
0.091272996,334.762
0.091282294,334.745
0.091291590,334.643
0.091300900,335.155
0.091310224,335.651
0.091319548,335.695
0.091328846,334.715
0.091338143,334.671
0.091347469,335.767
0.091356765,334.638
0.091366089,335.668
0.091375415,335.747
0.091384711,334.648
0.091394008,334.697
0.091403359,336.642
0.091412657,334.719
0.091421953,334.636
0.091431253,334.818
0.091440575,335.587
0.091449902,335.760
0.091459211,335.155
0.091468519,335.059
0.091477847,335.803
0.091487168,335.591
0.091496493,335.667
0.091505817,335.683
0.091515116,334.747
0.091524460,336.402
0.091533761,334.840
0.091543059,334.724
0.091552355,334.650
0.091561656,334.846
0.091570952,334.663
0.091580302,336.586
0.091589627,335.685
0.091598924,334.721
0.091608259,336.060
0.091617555,334.649
0.091626879,335.649
0.091636204,335.700
0.091645502,334.716
0.091654833,335.935
0.091664134,334.818
0.091673442,335.117
0.091682740,334.715
0.091692069,335.840
0.091701391,335.604
0.091710715,335.656
0.091720040,335.690
0.091729355,335.339
0.091738683,335.806
0.091747981,334.760
0.091757295,335.277
0.091766603,335.104
0.091775901,334.738
0.091785244,336.345
0.091794548,334.942
0.091803844,334.638
0.091813168,335.664
0.091822492,335.687
0.091831790,334.715
0.091841109,335.497
0.091850410,334.811
0.091859707,334.696
0.091869003,334.646
0.091878303,334.809
0.091887625,335.587
0.091896925,334.807
0.091906220,334.633
0.091915537,335.392
0.091924863,335.752
0.091934161,334.707
0.091943458,334.721
0.091952783,335.692
0.091962107,335.675
0.091971403,334.638
0.091980704,334.821
0.091990013,335.147
0.091999323,335.157
0.092008623,334.797
0.092017919,334.662
0.092027226,335.036
0.092036551,335.701
0.092045849,334.720
0.092055173,335.686
0.092064497,335.663
0.092073792,334.628
0.092083119,335.766
0.092092454,336.064
0.092101780,335.726
0.092111081,334.837
0.092120404,335.621
0.092129725,335.559
0.092139023,334.738
0.092148336,335.275
0.092157657,335.534
0.092166957,334.819
0.092176255,334.724
0.092185554,334.751
0.092194882,335.826
0.092204179,334.669
0.092213488,335.125
0.092222783,334.635
0.092232097,335.301
0.092241404,335.042
0.092250724,335.510
0.092260021,334.702
0.092269377,336.838
0.092278711,336.002
0.092288053,336.331
0.092297357,334.924
0.092306652,334.641
0.092315951,334.757
0.092325278,335.775
0.092334601,335.604
0.092343901,334.812
0.092353196,334.639
0.092362494,334.719
0.092371792,334.737
0.092381116,335.665
0.092390438,335.588
0.092399798,336.939
0.092409108,335.172
0.092418426,335.452
0.092427735,335.114
0.092437078,336.345
0.092446400,335.605
0.092455725,335.681
0.092465041,335.396
0.092474337,334.637
0.092483637,334.814
0.092492934,334.703
0.092502233,334.745
0.092511531,334.715
0.092520842,335.216
0.092530143,334.828
0.092539438,334.633
0.092548736,334.720
0.092558062,335.751
0.092567385,335.605
0.092576682,334.687
0.092586012,335.881
0.092595310,334.722
0.092604605,334.650
0.092613959,336.725
0.092623273,335.319
0.092632597,335.664
0.092641897,334.798
0.092651193,334.644
0.092660493,334.813
0.092669799,335.002
0.092679118,335.507
0.092688418,334.770
0.092697728,335.173
0.092707024,334.663
0.092716330,335.013
0.092725654,335.664
0.092734951,334.672
0.092744261,335.160
0.092753592,335.942
0.092762917,335.699
0.092772216,334.740
0.092781540,335.668
0.092790875,336.077
0.092800171,334.652
0.092809468,334.698
0.092818793,335.694
0.092828117,335.667
0.092837428,335.181
0.092846749,335.565
0.092856081,335.949
0.092865399,335.455
0.092874728,335.843
0.092884025,334.677
0.092893333,335.118
0.092902687,336.730
0.092912032,336.417
0.092921357,335.694
0.092930682,335.701
0.092939977,334.641
0.092949278,334.815
0.092958575,334.702
0.092967918,336.341
0.092977224,335.014
0.092986519,334.636
0.092995830,335.200
0.093005133,334.876
0.093014430,334.715
0.093023791,336.976
0.093033091,334.812
0.093042388,334.694
0.093051709,335.567
0.093061036,335.756
0.093070331,334.637
0.093079632,334.814
0.093088953,335.579
0.093098251,334.712
0.093107551,334.796
0.093116846,334.641
0.093126159,335.249
0.093135475,335.363
0.093144797,335.623
0.093154098,334.839
0.093163396,334.698
0.093172710,335.329
0.093182011,334.819
0.093191306,334.640
0.093200604,334.717
0.093209929,335.697
0.093219253,335.668
0.093228548,334.631
0.093237880,335.949
0.093247177,334.697
0.093256497,335.493
0.093265804,335.051
0.093275099,334.633
0.093284422,335.622
0.093293720,334.729
0.093303045,335.707
0.093312349,334.929
0.093321645,334.664
0.093330980,336.045
0.093340332,336.673
0.093349656,335.677
0.093358951,334.635
0.093368252,334.818
0.093377574,335.584
0.093386875,334.865
0.093396187,335.223
0.093405511,335.658
0.093414809,334.724
0.093424116,335.040
0.093433450,336.041
0.093442772,335.593
0.093452100,335.802
0.093461439,336.219
0.093470740,334.825
0.093480038,334.729
0.093489334,334.662
0.093498638,334.932
0.093507958,335.507
0.093517277,335.505
0.093526580,334.894
0.093535899,335.499
0.093545194,334.633
0.093554551,336.826
0.093563848,334.701
0.093573170,335.592
0.093582471,334.821
0.093591794,335.635
0.093601097,334.924
0.093610446,336.540
0.093619779,336.011
0.093629132,336.699
0.093638428,334.648
0.093647750,335.598
0.093657075,335.702
0.093666373,334.718
0.093675668,334.647
0.093684998,335.873
0.093694294,334.638
0.093703618,335.665
0.093712918,334.797
0.093722240,335.594
0.093731566,335.760
0.093740862,334.635
0.093750159,334.708
0.093759510,336.638
0.093768808,334.705
0.093778103,334.633
0.093787430,335.765
0.093796727,334.703
0.093806023,334.645
0.093815328,334.982
0.093824665,336.118
0.093833986,335.567
0.093843286,334.820
0.093852584,334.711
0.093861913,335.838
0.093871215,334.875
0.093880530,335.336
0.093889856,335.736
0.093899181,335.700
0.093908479,334.733
0.093917784,334.972
0.093927106,335.616
0.093936426,335.495
0.093945726,334.829
0.093955023,334.675
0.093964343,335.527
0.093973642,334.771
0.093982940,334.714
0.093992260,335.510
0.094001562,334.889
0.094010858,334.635
0.094020208,336.599
0.094029534,335.748
0.094038856,335.596
0.094048183,335.761
0.094057505,335.590
0.094066802,334.716
0.094076100,334.724
0.094085398,334.717
0.094094715,335.415
0.094104047,335.937
0.094113365,335.482
0.094122685,335.494
0.094131985,334.800
0.094141307,335.596
0.094150605,334.733
0.094159914,335.138
0.094169232,335.421
0.094178559,335.781
0.094187880,335.573
0.094197221,336.261
0.094206523,334.867
0.094215821,334.720
0.094225117,334.669
0.094234418,334.839
0.094243753,336.070
0.094253052,334.741
0.094262353,334.832
0.094271690,336.146
0.094281012,335.579
0.094290337,335.704
0.094299670,336.008
0.094308966,334.633
0.094318266,334.820
0.094327562,334.632
0.094336888,335.768
0.094346186,334.696
0.094355528,336.328
0.094364828,334.806
0.094374124,334.636
0.094383448,335.664
0.094392772,335.682
0.094402073,334.833
0.094411395,335.589
0.094420724,335.839
0.094430022,334.738
0.094439330,335.073
0.094448631,334.859
0.094457928,334.673
0.094467228,334.824
0.094476533,334.979
0.094485831,334.727
0.094495139,335.067
0.094504435,334.649
0.094513732,334.694
0.094523033,334.841
0.094532330,334.711
0.094541652,335.591
0.094550979,335.769
0.094560296,335.418
0.094569633,336.118
0.094578933,334.786
0.094588255,335.598
0.094597552,334.697
0.094606850,334.739
0.094616165,335.339
0.094625461,334.637
0.094634761,334.807
0.094644058,334.712
0.094653367,335.125
0.094662690,335.611
0.094672033,336.343
0.094681336,334.930
0.094690632,334.638
0.094699930,334.727
0.094709240,335.175
0.094718565,335.694
0.094727861,334.637
0.094737164,334.917
0.094746461,334.698
0.094755783,335.601
0.094765084,334.814
0.094774396,335.252
0.094783694,334.716
0.094792993,334.753
0.094802291,334.733
0.094811617,335.749
0.094820964,336.497
0.094830261,334.703
0.094839560,334.741
0.094848881,335.551
0.094858176,334.640
0.094867486,335.158
0.094876818,335.933
0.094886115,334.722
0.094895444,335.817
0.094904740,334.654
0.094914048,335.094
0.094923346,334.742
0.094932644,334.719
0.094941968,335.680
0.094951292,335.667
0.094960605,335.237
0.094969956,336.633
0.094979254,334.746
0.094988550,334.654
0.094997855,334.985
0.095007151,334.664
0.095016498,336.484
0.095025823,335.689
0.095035141,335.467
0.095044437,334.629
0.095053763,335.764
0.095063060,334.694
0.095072382,335.577
0.095081691,335.124
0.095091005,335.291
0.095100366,337.009
0.095109686,335.535
0.095118984,334.714
0.095128311,335.755
0.095137621,335.178
0.095146919,334.720
0.095156217,334.748
0.095165515,334.722
0.095174837,335.590
0.095184140,334.913
0.095193456,335.355
0.095202791,336.056
0.095212090,334.787
0.095221404,335.313
0.095230714,335.135
0.095240019,334.984
0.095249317,334.723
0.095258616,334.761
0.095267940,335.690
0.095277262,335.581
0.095286562,334.812
0.095295859,334.692
0.095305181,335.591
0.095314482,334.819
0.095323799,335.408
0.095333096,334.709
0.095342421,335.681
0.095351718,334.718
0.095361040,335.581
0.095370341,334.816
0.095379667,335.739
0.095388992,335.702
0.095398289,334.714
0.095407628,336.186
0.095416928,334.814
0.095426262,336.010
0.095435586,335.663
0.095444886,334.795
0.095454181,334.641
0.095463478,334.698
0.095472803,335.693
0.095482127,335.663
0.095491423,334.635
0.095500723,334.813
0.095510038,335.339
0.095519362,335.670
0.095528693,335.902
0.095537989,334.669
0.095547325,336.083
0.095556647,335.614
0.095565972,335.699
0.095575297,335.687
0.095584644,336.505
0.095593966,335.592
0.095603267,334.820
0.095612605,336.181
0.095621927,335.587
0.095631229,334.849
0.095640527,334.753
0.095649826,334.772
0.095659174,336.509
0.095668483,335.138
0.095677815,335.927
0.095687125,335.187
0.095696448,335.621
0.095705749,334.824
0.095715071,335.601
0.095724368,334.698
0.095733720,336.652
0.095743017,334.720
0.095752316,334.741
0.095761614,334.719
0.095770909,334.636
0.095780209,334.811
0.095789533,335.654
0.095798829,334.647
0.095808156,335.772
0.095817463,335.055
0.095826761,334.739
0.095836086,335.682
0.095845383,334.716
0.095854703,335.512
0.095864032,335.835
0.095873358,335.750
0.095882683,335.699
0.095891981,334.715
0.095901276,334.639
0.095910585,335.097
0.095919891,335.019
0.095929208,335.439
0.095938535,335.745
0.095947857,335.599
0.095957154,334.701
0.095966479,335.687
0.095975803,335.664
0.095985098,334.631
0.095994399,334.819
0.096003720,335.586
0.096013045,335.669
0.096022345,334.797
0.096031667,335.602
0.096040968,334.842
0.096050274,335.009
0.096059588,335.322
0.096068916,335.790
0.096078233,335.428
0.096087531,334.716
0.096096838,335.073
0.096106137,334.744
0.096115435,334.718
0.096124763,335.822
0.096134059,334.641
0.096143380,335.587
0.096152705,335.683
0.096162003,334.731
0.096171324,335.565
0.096180651,335.772
0.096189948,334.691
0.096199274,335.736
0.096208582,335.088
0.096217878,334.643
0.096227178,334.818
0.096236485,335.055
0.096245783,334.719
0.096255083,334.796
0.096264379,334.640
0.096273689,335.187
0.096283014,335.688
0.096292312,334.716
0.096301607,334.637
0.096310934,335.765
0.096320229,334.630
0.096329552,335.629
0.096338879,335.748
0.096348174,334.641
0.096357478,334.922
0.096366781,334.914
0.096376081,334.800
0.096385379,334.746
0.096394702,335.606
0.096404018,335.388
0.096413345,335.767
0.096422668,335.647
0.096431964,334.655
0.096441270,335.005
0.096450592,335.592
0.096459890,334.718
0.096469190,334.823
0.096478524,336.009
0.096487872,336.527
0.096497173,334.821
0.096506496,335.658
0.096515795,334.746
0.096525118,335.628
0.096534440,335.592
0.096543740,334.814
0.096553036,334.633
0.096562334,334.722
0.096571638,334.975
0.096580961,335.602
0.096590258,334.693
0.096599613,336.773
0.096608939,335.748
0.096618286,336.513
0.096627640,336.732
0.096636956,335.379
0.096646258,334.862
0.096655555,334.692
0.096664872,335.408
0.096674173,334.845
0.096683480,335.064
0.096692778,334.715
0.096702076,334.738
0.096711374,334.725
0.096720670,334.642
0.096729970,334.817
0.096739267,334.695
0.096748563,334.645
0.096757863,334.815
0.096767159,334.634
0.096776457,334.716
0.096785781,335.691
0.096795079,334.719
0.096804432,336.702
0.096813754,335.596
0.096823051,334.699
0.096832357,335.013
0.096841666,335.119
0.096850964,334.715
0.096860264,334.835
0.096869586,335.588
0.096878911,335.670
0.096888210,334.792
0.096897506,334.641
0.096906815,335.137
0.096916147,335.943
0.096925445,334.740
0.096934793,336.516
0.096944093,334.815
0.096953415,335.588
0.096962716,334.811
0.096972013,334.692
0.096981309,334.658
0.096990616,335.072
0.096999949,335.994
0.097009288,336.203
0.097018613,335.687
0.097027937,335.664
0.097037259,335.585
0.097046559,334.811
0.097055856,334.698
0.097065203,336.492
0.097074530,335.764
0.097083826,334.644
0.097093133,335.071
0.097102430,334.669
0.097111769,336.201
0.097121069,334.824
0.097130366,334.680
0.097139663,334.703
0.097148989,335.720
0.097158287,334.741
0.097167634,336.481
0.097176935,334.840
0.097186276,336.269
0.097195596,335.535
0.097204894,334.732
0.097214198,334.951
0.097223526,335.797
0.097232823,334.672
0.097242120,334.713
0.097251448,335.807
0.097260772,335.673
0.097270090,335.439
0.097279391,334.816
0.097288714,335.648
0.097298036,335.602
0.097307337,334.809
0.097316652,335.349
0.097325949,334.713
0.097335276,335.766
0.097344575,334.749
0.097353875,334.806
0.097363197,335.597
0.097372495,334.703
0.097381793,334.746
0.097391091,334.710
0.097400407,335.379
0.097409707,334.813
0.097419052,336.412
0.097428376,335.662
0.097437706,335.876
0.097447049,336.347
0.097456357,335.086
0.097465681,335.691
0.097475006,335.678
0.097484316,335.180
0.097493624,335.082
0.097502919,334.635
0.097512246,335.769
0.097521568,335.590
0.097530884,335.381
0.097540185,334.810
0.097549480,334.637
0.097558800,335.508
0.097568151,336.633
0.097577475,335.669
0.097586772,334.706
0.097596127,336.765
0.097605424,334.705
0.097614720,334.655
0.097624029,335.131
0.097633325,334.641
0.097642625,334.809
0.097651983,336.888
0.097661328,336.397
0.097670627,334.790
0.097679923,334.642
0.097689220,334.700
0.097698545,335.691
0.097707869,335.668
0.097717188,335.474
0.097726515,335.776
0.097735830,335.351
0.097745171,336.289
0.097754474,334.872
0.097763769,334.651
0.097773071,334.862
0.097782403,335.951
0.097791701,334.734
0.097801033,335.956
0.097810357,335.668
0.097819653,334.639
0.097828960,335.050
0.097838284,335.661
0.097847602,335.465
0.097856908,335.017
0.097866204,334.629
0.097875501,334.718
0.097884826,335.686
0.097894169,336.365
0.097903491,335.580
0.097912791,334.804
0.097922088,334.703
0.097931387,334.736
0.097940711,335.663
0.097950006,334.638
0.097959313,335.056
0.097968647,336.022
0.097977971,335.663
0.097987329,336.870
0.097996651,335.589
0.098005948,334.699
0.098015275,335.792
0.098024573,334.719
0.098033868,334.627
0.098043170,334.860
0.098052492,335.595
0.098061819,335.760
0.098071118,334.782
0.098080433,335.344
0.098089734,334.817
0.098099056,335.590
0.098108374,335.469
0.098117673,334.737
0.098126970,334.710
0.098136288,335.435
0.098145588,334.807
0.098154906,335.468
0.098164202,334.652
0.098173503,334.811
0.098182798,334.636
0.098192096,334.707
0.098201428,335.973
0.098210752,335.670
0.098220052,334.784
0.098229384,335.950
0.098238681,334.696
0.098248032,336.644
0.098257330,334.710
0.098266625,334.644
0.098275926,334.820
0.098285221,334.633
0.098294519,334.711
0.098303838,335.491
0.098313150,335.248
0.098322467,335.402
0.098331768,334.815
0.098341086,335.460
0.098350381,334.632
0.098359709,335.816
0.098369031,335.581
0.098378358,335.758
0.098387655,334.700
0.098396977,335.604
0.098406278,334.814
0.098415573,334.636
0.098424897,335.667
0.098434222,335.687
0.098443520,334.716
0.098452838,335.460
0.098462165,335.765
0.098471462,334.701
0.098480758,334.649
0.098490084,335.758
0.098499380,334.640
0.098508688,335.073
0.098517986,334.739
0.098527310,335.662
0.098536636,335.740
0.098545957,335.560
0.098555254,334.697
0.098564591,336.126
0.098573890,334.763
0.098583186,334.657
0.098592497,335.210
0.098601794,334.689
0.098611093,334.743
0.098620394,334.835
0.098629690,334.673
0.098639012,335.592
0.098648339,335.785
0.098657638,334.743
0.098666933,334.637
0.098676234,334.823
0.098685556,335.594
0.098694857,334.818
0.098704155,334.740
0.098713451,334.643
0.098722751,334.816
0.098732085,336.017
0.098741383,334.720
0.098750681,334.738
0.098760001,335.526
0.098769332,335.930
0.098778659,335.768
0.098787983,335.656
0.098797305,335.598
0.098806635,335.865
0.098815931,334.646
0.098825231,334.816
0.098834527,334.648
0.098843868,336.284
0.098853185,335.406
0.098862494,335.115
0.098871791,334.715
0.098881123,335.942
0.098890448,335.685
0.098899744,334.672
0.098909050,335.007
0.098918372,335.595
0.098927697,335.704
0.098936998,334.825
0.098946320,335.603
0.098955617,334.700
0.098964916,334.744
0.098974213,334.719
0.098983520,335.050
0.098992819,334.738
0.099002141,335.593
0.099011441,334.814
0.099020738,334.698
0.099030034,334.658
0.099039338,334.927
0.099048658,335.547
0.099057983,335.691
0.099067308,335.702
0.099076606,334.719
0.099085902,334.641
0.099095211,335.152
0.099104555,336.371
0.099113861,335.023
0.099123197,336.078
0.099132492,334.640
0.099141793,334.816
0.099151090,334.684
0.099160387,334.724
0.099169714,335.745
0.099179021,335.056
0.099188333,335.236
0.099197658,335.688
0.099206955,334.718
0.099216251,334.632
0.099225551,334.815
0.099234847,334.639
0.099244144,334.710
0.099253444,334.790
0.099262740,334.645
0.099272047,335.084
0.099281347,334.796
0.099290674,335.776
0.099299973,334.746
0.099309271,334.723
0.099318612,336.274
0.099327912,334.806
0.099337209,334.695
0.099346505,334.643
0.099355805,334.810
0.099365127,335.584
0.099374465,336.163
0.099383789,335.686
0.099393087,334.725
0.099402382,334.636
0.099411701,335.473
0.099420999,334.736
0.099430321,335.559
0.099439657,336.106
0.099448971,335.305
0.099458272,334.834
0.099467567,334.640
0.099476891,335.662
0.099486191,334.793
0.099495487,334.644
0.099504784,334.694
0.099514082,334.745
0.099523380,334.717
0.099532689,335.137
0.099541997,335.087
0.099551293,334.638
0.099560629,336.120
0.099569959,335.850
0.099579255,334.656
0.099588578,335.647
0.099597876,334.741
0.099607200,335.665
0.099616525,335.687
0.099625823,334.720
0.099635164,336.288
0.099644491,335.768
0.099653788,334.697
0.099663084,334.643
0.099672416,335.951
0.099681733,335.437
0.099691054,335.550
0.099700364,335.135
0.099709662,334.755
0.099718958,334.638
0.099728287,335.848
0.099737584,334.702
0.099746906,335.593
0.099756207,334.810
0.099765520,335.293
0.099774821,334.820
0.099784118,334.692
0.099793416,334.735
0.099802716,334.797
0.099812023,335.064
0.099821320,334.694
0.099830622,334.872
0.099839960,336.141
0.099849291,335.929
0.099858595,334.937
0.099867916,335.579
0.099877240,335.665
0.099886567,335.747
0.099895880,335.263
0.099905206,335.765
0.099914502,334.637
0.099923826,335.663
0.099933124,334.733
0.099942422,334.717
0.099951737,335.359
0.099961038,334.815
0.099970354,335.373
0.099979650,334.669
0.099988951,334.847
0.099998269,335.442
0.100007594,335.697
0.100016919,335.693
0.100026251,335.966
0.100035573,335.588
0.100044900,335.783
0.100054242,336.312
0.100063550,335.058
0.100072847,334.717
0.100082159,335.235
0.100091487,335.787
0.100100809,335.590
0.100110147,336.192
0.100119501,336.728
0.100128797,334.654
0.100138094,334.698
0.100147392,334.742
0.100156690,334.718
0.100165985,334.633
0.100175287,334.869
0.100184602,335.310
0.100193899,334.714
0.100203225,335.746
0.100212521,334.651
0.100221821,334.805
0.100231143,335.581
0.100240456,335.280
0.100249755,334.747
0.100259062,335.053
0.100268359,334.710
0.100277661,334.843
0.100286958,334.699
0.100296280,335.597
0.100305586,335.027
0.100314935,336.541
0.100324259,335.671
0.100333583,335.682
0.100342881,334.727
0.100352208,335.750
0.100361503,334.644
0.100370801,334.697
0.100380125,335.694
0.100389424,334.738
0.100398735,335.194
0.100408061,335.767
0.100417357,334.635
0.100426655,334.720
0.100435981,335.745
0.100445291,335.163
0.100454588,334.692
0.100463915,335.790
0.100473239,335.661
0.100482535,334.634
0.100491835,334.823
0.100501131,334.628
0.100510431,334.807
0.100519750,335.488
0.100529048,334.724
0.100538349,334.836
0.100547670,335.562
0.100556995,335.682
0.100566294,334.773
0.100575654,336.981
0.100584989,336.063
0.100594290,334.820
0.100603614,335.651
0.100612936,335.598
0.100622236,334.814
0.100631558,335.586
0.100640894,336.109
0.100650190,334.641
0.100659514,335.668
0.100668814,334.797
0.100678146,335.941
0.100687443,334.695
0.100696768,335.697
0.100706092,335.662
0.100715387,334.640
0.100724688,334.810
0.100734005,335.415
0.100743303,334.724
0.100752629,335.756
0.100761927,334.715
0.100771251,335.673
0.100780550,334.750
0.100789865,335.347
0.100799163,334.742
0.100808496,335.984
0.100817820,335.655
0.100827121,334.842
0.100836430,335.117
0.100845726,334.650
0.100855056,335.902
0.100864352,334.633
0.100873689,336.145
0.100883014,335.685
0.100892338,335.667
0.100901633,334.635
0.100910935,334.884
0.100920252,335.390
0.100929548,334.652
0.100938874,335.762
0.100948196,335.591
0.100957497,334.813
0.100966819,335.586
0.100976116,334.721
0.100985416,334.792
0.100994738,335.596
0.101004038,334.778
0.101013368,335.883
0.101022666,334.731
0.101031961,334.635
0.101041291,335.889
0.101050613,335.587
0.101059911,334.726
0.101069212,334.835
0.101078526,335.285
0.101087850,335.692
0.101097202,336.651
0.101106520,335.451
0.101115845,335.713
0.101125143,334.731
0.101134439,334.635
0.101143792,336.721
0.101153129,336.131
0.101162425,334.640
0.101171729,334.950
0.101181051,335.587
0.101190386,336.083
0.101199686,334.802
0.101209027,336.275
0.101218359,335.933
0.101227659,334.813
0.101236956,334.703
0.101246257,334.816
0.101255582,335.692
0.101264904,335.595
0.101274237,336.003
0.101283545,335.096
0.101292857,335.209
0.101302157,334.795
0.101311452,334.646
0.101320750,334.698
0.101330048,334.736
0.101339345,334.715
0.101348641,334.635
0.101357994,336.725
0.101367298,334.941
0.101376597,334.754
0.101385894,334.685
0.101395216,335.598
0.101404516,334.813
0.101413812,334.638
0.101423109,334.712
0.101432407,334.731
0.101441729,335.579
0.101451024,334.633
0.101460325,334.804
0.101469622,334.698
0.101478967,336.426
0.101488303,336.100
0.101497607,334.942
0.101506931,335.670
0.101516230,334.746
0.101525545,335.370
0.101534846,334.824
0.101544151,334.986
0.101553449,334.724
0.101562775,335.714
0.101572083,335.118
0.101581380,334.666
0.101590680,334.817
0.101600002,335.579
0.101609299,334.713
0.101618625,335.739
0.101627921,334.651
0.101637240,335.460
0.101646538,334.756
0.101655836,334.730
0.101665136,334.781
0.101674492,336.836
0.101683851,336.904
0.101693178,335.779
0.101702528,336.610
0.101711824,334.653
0.101721126,334.850
0.101730474,336.542
0.101739797,335.618
0.101749122,335.691
0.101758434,335.248
0.101767729,334.634
0.101777056,335.764
0.101786362,334.997
0.101795734,337.407
0.101805036,334.880
0.101814350,335.279
0.101823712,337.057
0.101833008,334.659
0.101842326,335.450
0.101851653,335.775
0.101860973,335.510
0.101870306,335.990
0.101879610,334.921
0.101888949,336.211
0.101898280,335.916
0.101907607,335.785
0.101916904,334.676
0.101926220,335.382
0.101935547,335.778
0.101944870,335.635
0.101954172,334.847
0.101963467,334.642
0.101972808,336.273
0.101982109,334.818
0.101991434,335.706
0.102000769,336.087
0.102010070,334.825
0.102019367,334.704
0.102028663,334.648
0.102037990,335.766
0.102047328,336.167
0.102056652,335.670
0.102065950,334.731
0.102075292,336.313
0.102084592,334.793
0.102093888,334.647
0.102103212,335.655
0.102112563,336.638
0.102121860,334.719
0.102131156,334.632
0.102140488,335.960
0.102149783,334.635
0.102159094,335.182
0.102168424,335.867
0.102177746,335.601
0.102187092,336.464
0.102196393,334.815
0.102205708,335.367
0.102215005,334.691
0.102224307,334.853
0.102233629,335.608
0.102242930,334.825
0.102252252,335.599
0.102261548,334.647
0.102270854,335.033
0.102280173,335.468
0.102289497,335.668
0.102298826,335.841
0.102308160,336.011
0.102317455,334.633
0.102326782,335.767
0.102336079,334.694
0.102345401,335.590
0.102354701,334.811
0.102363997,334.633
0.102373332,336.078
0.102382664,335.963
0.102391962,334.714
0.102401262,334.796
0.102410569,335.069
0.102419893,335.652
0.102429218,335.698
0.102438516,334.716
0.102447832,335.396
0.102457131,334.758
0.102466453,335.606
0.102475756,334.906
0.102485076,335.507
0.102494373,334.708
0.102503702,335.836
0.102513022,335.518
0.102522341,335.464
0.102531667,335.767
0.102540964,334.691
0.102550312,336.498
0.102559666,336.763
0.102568962,334.635
0.102578288,335.762
0.102587584,334.630
0.102596881,334.714
0.102606181,334.790
0.102615514,336.000
0.102624811,334.694
0.102634142,335.900
0.102643439,334.712
0.102652767,335.799
0.102662074,335.056
0.102671371,334.684
0.102680670,334.750
0.102689970,334.832
0.102699269,334.732
0.102708567,334.741
0.102717865,334.742
0.102727181,335.347
0.102736531,336.635
0.102745892,336.970
0.102755187,334.637
0.102764514,335.766
0.102773811,334.699
0.102783121,335.161
0.102792448,335.754
0.102801770,335.587
0.102811094,335.665
0.102820395,334.843
0.102829719,335.659
0.102839014,334.642
0.102848316,334.871
0.102857613,334.692
0.102866936,335.600
0.102876236,334.806
0.102885531,334.638
0.102894832,334.815
0.102904153,335.579
0.102913477,335.667
0.102922804,335.751
0.102932100,334.661
0.102941432,335.972
0.102950731,334.763
0.102960038,335.027
0.102969364,335.728
0.102978662,334.731
0.102987984,335.615
0.102997285,334.840
0.103006609,335.657
0.103015906,334.675
0.103025233,335.794
0.103034555,335.590
0.103043905,336.586
0.103053230,335.710
0.103062528,334.718
0.103071823,334.637
0.103081150,335.758
0.103090447,334.699
0.103099798,336.646
0.103109096,334.714
0.103118391,334.636
0.103127692,334.813
0.103137000,335.085
0.103146297,334.716
0.103155597,334.796
0.103164907,335.144
0.103174204,334.697
0.103183508,334.946
0.103192806,334.721
0.103202161,336.782
0.103211465,334.942
0.103220789,335.685
0.103230092,334.901
0.103239390,334.730
0.103248722,335.942
0.103258022,334.808
0.103267322,334.804
0.103276649,335.748
0.103285947,334.737
0.103295245,334.717
0.103304562,335.421
0.103313862,334.814
0.103323159,334.698
0.103332468,335.092
0.103341774,335.038
0.103351070,334.642
0.103360394,335.661
0.103369718,335.686
0.103379052,336.002
0.103388378,335.743
0.103397674,334.645
0.103407014,336.253
0.103416339,335.698
0.103425675,336.086
0.103434970,334.631
0.103444270,334.813
0.103453566,334.630
0.103462863,334.708
0.103472192,335.840
0.103481488,334.666
0.103490833,336.405
0.103500186,336.726
0.103509503,335.393
0.103518827,335.688
0.103528152,335.667
0.103537447,334.638
0.103546774,335.767
0.103556071,334.701
0.103565382,335.194
0.103574686,334.932
0.103584008,335.591
0.103593345,336.155
0.103602644,334.734
0.103611941,334.718
0.103621236,334.627
0.103630537,334.816
0.103639834,334.703
0.103649130,334.648
0.103658430,334.811
0.103667769,336.210
0.103677079,335.141
0.103686384,334.969
0.103695708,335.671
0.103705008,334.801
0.103714332,335.663
0.103723630,334.716
0.103732928,334.738
0.103742225,334.713
0.103751521,334.632
0.103760878,336.863
0.103770174,334.660
0.103779506,335.930
0.103788861,336.790
0.103798174,335.278
0.103807524,336.609
0.103816823,334.748
0.103826120,334.712
0.103835419,334.739
0.103844716,334.715
0.103854054,336.162
0.103863381,335.759
0.103872704,335.644
0.103882000,334.647
0.103891327,335.763
0.103900622,334.634
0.103909943,335.553
0.103919241,334.737
0.103928555,335.282
0.103937877,335.592
0.103947211,336.050
0.103956511,334.784
0.103965863,336.654
0.103975160,334.721
0.103984509,336.544
0.103993810,334.845
0.104003106,334.650
0.104012418,335.249
0.104021718,334.791
0.104031014,334.642
0.104040311,334.713
0.104049647,336.103
0.104058946,334.745
0.104068242,334.646
0.104077542,334.824
0.104086838,334.641
0.104096146,335.098
0.104105447,334.838
0.104114760,335.269
0.104124061,334.810
0.104133382,335.588
0.104142680,334.714
0.104152005,335.686
0.104161302,334.717
0.104170618,335.369
0.104179949,335.895
0.104189246,334.704
0.104198542,334.645
0.104207844,334.895
0.104217166,335.595
0.104226464,334.717
0.104235789,335.692
0.104245086,334.715
0.104254407,335.549
0.104263760,336.710
0.104273057,334.699
0.104282364,335.039
0.104291662,334.713
0.104300984,335.592
0.104310332,336.539
0.104319656,335.655
0.104328954,334.745
0.104338255,334.835
0.104347551,334.650
0.104356849,334.727
0.104366148,334.748
0.104375445,334.716
0.104384779,336.015
0.104394079,334.818
0.104403411,335.924
0.104412735,335.662
0.104422034,334.790
0.104431356,335.595
0.104440683,335.771
0.104449986,334.878
0.104459311,335.727
0.104468640,335.833
0.104477953,335.283
0.104487250,334.664
0.104496577,335.790
0.104505901,335.660
0.104515200,334.770
0.104524525,335.689
0.104533839,335.319
0.104543195,336.815
0.104552491,334.636
0.104561789,334.719
0.104571115,335.751
0.104580424,335.112
0.104589734,335.177
0.104599033,334.756
0.104608353,335.534
0.104617661,335.070
0.104626964,334.904
0.104636259,334.627
0.104645583,335.664
0.104654884,334.838
0.104664180,334.643
0.104673490,335.164
0.104682785,334.644
0.104692086,334.813
0.104701412,335.761
0.104710710,334.716
0.104720026,335.377
0.104729353,335.763
0.104738650,334.697
0.104747968,335.451
0.104757321,336.716
0.104766658,336.135
0.104775983,335.672
0.104785307,335.681
0.104794623,335.388
0.104803959,336.082
0.104813291,335.949
0.104822588,334.681
0.104831948,336.962
0.104841258,335.159
0.104850553,334.644
0.104859881,335.793
0.104869200,335.495
0.104878526,335.721
0.104887886,336.983
0.104897184,334.714
0.104906482,334.714
0.104915782,334.831
0.104925097,335.329
0.104934419,335.587
0.104943719,334.802
0.104953041,335.592
0.104962368,335.769
0.104971690,335.581
0.104981033,336.354
0.104990359,335.759
0.104999677,335.434
0.105008975,334.716
0.105018299,335.687
0.105027612,335.260
0.105036907,334.629
0.105046208,334.816
0.105055505,334.695
0.105064801,334.645
0.105074137,336.105
0.105083485,336.536
0.105092812,335.765
0.105102145,335.980
0.105111469,335.675
0.105120769,334.791
0.105130064,334.646
0.105139375,335.194
0.105148674,334.754
0.105157982,335.089
0.105167305,335.615
0.105176635,335.895
0.105185933,334.708
0.105195231,334.731
0.105204557,335.755
0.105213853,334.649
0.105223154,334.817
0.105232475,335.583
0.105241799,335.652
0.105251105,335.003
0.105260427,335.599
0.105269722,334.636
0.105279049,335.762
0.105288369,335.516
0.105297665,334.647
0.105306969,334.959
0.105316265,334.637
0.105325586,335.566
0.105334911,335.693
0.105344208,334.723
0.105353504,334.631
0.105362804,334.815
0.105372128,335.650
0.105381426,334.741
0.105390724,334.717
0.105400038,335.318
0.105409372,336.028
0.105418668,334.632
0.105427987,335.479
0.105437314,335.784
0.105446633,335.494
0.105455931,334.724
0.105465262,335.925
0.105474575,335.255
0.105483897,335.585
0.105493199,334.893
0.105502521,335.587
0.105511855,336.020
0.105521181,335.746
0.105530496,335.321
0.105539823,335.764
0.105549169,336.484
0.105558467,334.715
0.105567792,335.684
0.105577102,335.183
0.105586398,334.635
0.105595724,335.765
0.105605022,334.710
0.105614318,334.641
0.105623618,334.810
0.105632913,334.637
0.105642211,334.719
0.105651511,334.787
0.105660808,334.722
0.105670137,335.835
0.105679460,335.603
0.105688783,335.659
0.105698108,335.688
0.105707406,334.723
0.105716711,334.968
0.105726038,335.793
0.105735396,336.887
0.105744694,334.728
0.105753998,334.923
0.105763293,334.649
0.105772590,334.690
0.105781915,335.693
0.105791259,336.365
0.105800607,336.535
0.105809907,334.806
0.105819219,335.248
0.105828520,334.807
0.105837817,334.697
0.105847113,334.651
0.105856439,335.758
0.105865747,335.074
0.105875044,334.713
0.105884395,336.629
0.105893719,335.667
0.105903015,334.631
0.105912344,335.872
0.105921675,335.910
0.105930975,334.781
0.105940299,335.680
0.105949595,334.663
0.105958923,335.796
0.105968241,335.461
0.105977586,336.416
0.105986893,335.057
0.105996242,336.557
0.106005565,335.608
0.106014892,335.798
0.106024217,335.676
0.106033542,335.711
0.106042840,334.722
0.106052135,334.637
0.106061462,335.760
0.106070760,334.725
0.106080056,334.643
0.106089362,335.044
0.106098720,336.884
0.106108018,334.712
0.106117316,334.727
0.106126640,335.672
0.106135935,334.632
0.106145239,334.924
0.106154536,334.698
0.106163834,334.722
0.106173162,335.830
0.106182503,336.261
0.106191830,335.770
0.106201152,335.585
0.106210495,336.370
0.106219822,335.748
0.106229144,335.597
0.106238455,335.208
0.106247753,334.740
0.106257078,335.666
0.106266408,335.913
0.106275711,334.910
0.106285007,334.644
0.106294305,334.725
0.106303605,334.797
0.106312901,334.644
0.106322198,334.695
0.106331497,334.756
0.106340794,334.719
0.106350119,335.683
0.106359443,335.660
0.106368738,334.633
0.106378065,335.757
0.106387362,334.697
0.106396698,336.120
0.106406001,334.900
0.106415323,335.595
0.106424621,334.723
0.106433946,335.687
0.106443270,335.667
0.106452565,334.630
0.106461865,334.804
0.106471163,334.700
0.106480511,336.542
0.106489808,334.711
0.106499104,334.641
0.106508405,334.817
0.106517762,336.885
0.106527107,336.408
0.106536426,335.490
0.106545723,334.668
0.106555020,334.690
0.106564346,335.738
0.106573670,335.695
0.106582966,334.640
0.106592293,335.773
0.106601615,335.594
0.106610939,335.661
0.106620239,334.787
0.106629534,334.649
0.106638835,334.812
0.106648159,335.675
0.106657484,335.690
0.106666782,334.737
0.106676080,334.723
0.106685402,335.586
0.106694728,335.758
0.106704025,334.695
0.106713321,334.647
0.106722621,334.802
0.106731958,336.131
0.106741256,334.708
0.106750580,335.679
0.106759904,335.664
0.106769199,334.635
0.106778553,336.716
0.106787893,336.263
0.106797218,335.689
0.106806554,336.088
0.106815850,334.649
0.106825158,335.115
0.106834481,335.633
0.106843802,335.543
0.106853107,334.990
0.106862430,335.601
0.106871727,334.699
0.106881051,335.687
0.106890349,334.716
0.106899673,335.649
0.106908974,334.831
0.106918287,335.268
0.106927587,334.809
0.106936884,334.690
0.106946206,335.594
0.106955506,334.808
0.106964801,334.634
0.106974140,336.197
0.106983469,335.840
0.106992815,336.462
0.107002134,335.472
0.107011464,335.871
0.107020781,335.412
0.107030113,335.944
0.107039413,334.804
0.107048726,335.275
0.107058035,335.131
0.107067340,334.985
0.107076638,334.719
0.107085955,335.422
0.107095279,335.655
0.107104603,335.665
0.107113929,335.726
0.107123253,335.677
0.107132549,334.665
0.107141858,335.117
0.107151154,334.644
0.107160476,335.596
0.107169776,334.798
0.107179091,335.336
0.107188424,336.004
0.107197723,334.743
0.107207020,334.713
0.107216326,335.025
0.107225624,334.720
0.107234936,335.212
0.107244262,335.762
0.107253586,335.648
0.107262882,334.647
0.107272208,335.761
0.107281518,335.134
0.107290842,335.662
0.107300140,334.730
0.107309464,335.664
0.107318795,335.927
0.107328095,334.815
0.107337393,334.698
0.107346688,334.637
0.107355997,335.130
0.107365311,335.303
0.107374646,336.052
0.107383950,334.933
0.107393249,334.781
0.107402576,335.782
0.107411872,334.649
0.107421184,335.216
0.107430487,334.913
0.107439799,335.236
0.107449107,335.098
0.107458415,335.069
0.107467710,334.638
0.107477009,334.748
0.107486310,334.848
0.107495625,335.333
0.107504961,336.104
0.107514283,335.589
0.107523581,334.711
0.107532879,334.728
0.107542228,336.561
0.107551544,335.381
0.107560902,336.918
0.107570199,334.692
0.107579531,335.936
0.107588831,334.805
0.107598153,335.589
0.107607451,334.710
0.107616802,336.637
0.107626102,334.820
0.107635438,336.089
0.107644780,336.294
0.107654104,335.690
0.107663410,335.000
0.107672710,334.809
0.107682054,336.376
0.107691355,334.829
0.107700700,336.422
0.107710037,336.147
0.107719341,334.922
0.107728657,335.405
0.107737955,334.710
0.107747280,335.695
0.107756595,335.351
0.107765920,335.692
0.107775217,334.716
0.107784513,334.638
0.107793813,334.814
0.107803121,335.074
0.107812443,335.594
0.107821769,335.755
0.107831088,335.472
0.107840412,335.661
0.107849710,334.737
0.107859008,334.717
0.107868356,336.537
0.107877686,335.873
0.107886983,334.707
0.107896289,335.015
0.107905599,335.150
0.107914895,334.632
0.107924196,334.836
0.107933502,335.038
0.107942827,335.696
0.107952127,334.809
0.107961423,334.651
0.107970747,335.648
0.107980045,334.746
0.107989369,335.664
0.107998717,336.536
0.108008018,334.819
0.108017349,335.931
0.108026647,334.717
0.108035947,334.791
0.108045259,335.228
0.108054556,334.698
0.108063881,335.691
0.108073178,334.710
0.108082529,336.635
0.108091852,335.626
0.108101194,336.312
0.108110494,334.808
0.108119794,334.791
0.108129090,334.665
0.108138391,334.813
0.108147686,334.632
0.108156983,334.712
0.108166308,335.686
0.108175632,335.670
0.108184928,334.634
0.108194255,335.772
0.108203571,335.392
0.108212896,335.707
0.108222195,334.743
0.108231491,334.654
0.108240792,334.853
0.108250113,335.538
0.108259410,334.716
0.108268736,335.744
0.108278059,335.603
0.108287382,335.650
0.108296681,334.736
0.108305978,334.716
0.108315274,334.639
0.108324601,335.765
0.108333943,336.311
0.108343240,334.721
0.108352541,334.839
0.108361857,335.342
0.108371167,335.161
0.108380489,335.592
0.108389813,335.664
0.108399111,334.730
0.108408408,334.713
0.108417730,335.586
0.108427036,335.016
0.108436333,334.698
0.108445629,334.644
0.108454960,335.917
0.108464255,334.632
0.108473553,334.715
0.108482851,334.745
0.108492165,335.310
0.108501461,334.641
0.108510763,334.867
0.108520060,334.692
0.108529365,334.993
0.108538701,336.092
0.108547997,334.640
0.108557324,335.765
0.108566630,335.023
0.108575954,335.670
0.108585280,335.744
0.108594589,335.101
0.108603889,334.800
0.108613240,336.653
0.108622538,334.721
0.108631833,334.643
0.108641163,335.865
0.108650475,335.220
0.108659772,334.714
0.108669072,334.794
0.108678368,334.641
0.108687668,334.808
0.108696973,334.983
0.108706287,335.316
0.108715619,335.944
0.108724941,335.593
0.108734237,334.641
0.108743564,335.764
0.108752876,335.258
0.108762200,335.649
0.108771506,335.030
0.108780811,334.969
0.108790109,334.745
0.108799435,335.716
0.108808752,335.418
0.108818100,336.532
0.108827400,334.814
0.108836724,335.651
0.108846022,334.738
0.108855340,335.435
0.108864672,335.941
0.108873999,335.791
0.108883295,334.660
0.108892607,335.231
0.108901934,335.752
0.108911230,334.675
0.108920528,334.721
0.108929827,334.744
0.108939125,334.744
0.108948421,334.653
0.108957748,335.774
0.108967061,335.258
0.108976361,334.810
0.108985685,335.650
0.108994980,334.643
0.109004316,336.098
0.109013612,334.634
0.109022972,336.976
0.109032297,335.692
0.109041618,335.546
0.109050915,334.721
0.109060220,334.961
0.109069517,334.700
0.109078813,334.645
0.109088114,334.830
0.109097411,334.719
0.109106746,336.064
0.109116124,337.586
0.109125439,335.336
0.109134765,335.751
0.109144087,335.588
0.109153410,335.642
0.109162709,334.741
0.109172033,335.665
0.109181355,335.583
0.109190655,334.815
0.109199991,336.111
0.109209315,335.661
0.109218615,334.797
0.109227911,334.645
0.109237208,334.697
0.109246559,336.639
0.109255857,334.714
0.109265181,335.680
0.109274479,334.713
0.109283800,335.581
0.109293127,335.769
0.109302463,336.090
0.109311780,335.419
0.109321083,334.876
0.109330414,335.923
0.109339715,334.859
0.109349015,334.770
0.109358339,335.677
0.109367634,334.635
0.109376961,335.765
0.109386258,334.695
0.109395592,336.031
0.109404916,335.664
0.109414248,335.933
0.109423555,335.073
0.109432913,336.888
0.109442211,334.717
0.109451537,335.745
0.109460859,335.596
0.109470183,335.642
0.109479508,335.696
0.109488805,334.716
0.109498101,334.639
0.109507401,334.818
0.109516697,334.631
0.109526021,335.660
0.109535347,335.739
0.109544643,334.648
0.109553969,335.762
0.109563301,335.929
0.109572598,334.715
0.109581904,335.020
0.109591226,335.581
0.109600557,335.900
0.109609858,334.854
0.109619155,334.705
0.109628451,334.648
0.109637758,335.034
0.109647095,336.159
0.109656393,334.717
0.109665718,335.684
0.109675042,335.673
0.109684342,334.793
0.109693647,334.989
0.109702944,334.698
0.109712296,336.654
0.109721593,334.713
0.109730889,334.630
0.109740221,335.970
0.109749517,334.637
0.109758841,335.669
0.109768167,335.751
0.109777478,335.180
0.109786775,334.694
0.109796076,334.829
0.109805373,334.721
0.109814669,334.628
0.109823970,334.847
0.109833312,336.301
0.109842613,334.858
0.109851937,335.651
0.109861279,336.309
0.109870600,335.558
0.109879908,335.080
0.109889205,334.721
0.109898504,334.743
0.109907802,334.742
0.109917098,334.641
0.109926425,335.773
0.109935722,334.703
0.109945044,335.595
0.109954344,334.807
0.109963640,334.630
0.109972937,334.721
0.109982262,335.679
0.109991559,334.712
0.110000859,334.794
0.110010155,334.647
0.110019478,335.638
0.110028777,334.740
0.110038074,334.714
0.110047370,334.638
0.110056670,334.810
0.110065966,334.636
0.110075266,334.809
0.110084566,334.794
0.110093902,336.104
0.110103249,336.513
0.110112548,334.741
0.110121845,334.711
0.110131167,335.591
0.110140467,334.807
0.110149763,334.649
0.110159073,335.146
0.110168406,336.010
0.110177703,334.679
0.110187013,335.147
0.110196308,334.633
0.110205606,334.722
0.110214930,335.681
0.110224228,334.710
0.110233559,335.922
0.110242890,335.912
0.110252187,334.701
0.110261509,335.597
0.110270822,335.253
0.110280146,335.670
0.110289471,335.678
0.110298770,334.775
0.110308068,334.747
0.110317398,335.869
0.110326694,334.669
0.110335992,334.729
0.110345318,335.725
0.110354652,336.020
0.110363970,335.437
0.110373271,334.830
0.110382566,334.643
0.110391864,334.719
0.110401190,335.745
0.110410486,334.648
0.110419802,335.385
0.110429105,334.885
0.110438429,335.695
0.110447727,334.701
0.110457054,335.795
0.110466376,335.593
0.110475684,335.092
0.110484982,334.703
0.110494277,334.639
0.110503584,335.046
0.110512880,334.669
0.110522178,334.716
0.110531476,334.731
0.110540823,336.479
0.110550118,334.634
0.110559454,336.096
0.110568794,336.229
0.110578090,334.653
0.110587398,335.096
0.110596694,334.635
0.110606047,336.722
0.110615342,334.632
0.110624666,335.667
0.110633992,335.741
0.110643299,335.049
0.110652596,334.696
0.110661921,335.688
0.110671219,334.709
0.110680514,334.637
0.110689842,335.787
0.110699137,334.645
0.110708455,335.432
0.110717757,334.876
0.110727089,335.947
0.110736397,335.103
0.110745696,334.772
0.110754994,334.719
0.110764293,334.749
0.110773617,335.665
0.110782931,335.324
0.110792265,336.011
0.110801562,334.700
0.110810886,335.656
0.110820187,334.826
0.110829495,335.114
0.110838842,336.494
0.110848167,335.681
0.110857464,334.709
0.110866786,335.583
0.110876115,335.827
0.110885438,335.645
0.110894763,335.693
0.110904097,336.011
0.110913392,334.634
0.110922700,335.076
0.110932021,335.575
0.110941319,334.711
0.110950645,335.737
0.110959941,334.651
0.110969238,334.691
0.110978556,335.457
0.110987854,334.751
0.110997150,334.634
0.111006478,335.822
0.111015801,335.609
0.111025109,335.105
0.111034436,335.748
0.111043758,335.598
0.111053061,334.928
0.111062383,335.593
0.111071744,336.974
0.111081068,335.688
0.111090378,335.162
0.111099710,335.925
0.111109036,335.768
0.111118355,335.469
0.111127677,335.596
0.111137004,335.768
0.111146300,334.636
0.111155634,336.038
0.111164932,334.728
0.111174256,335.663
0.111183556,334.793
0.111192861,334.999
0.111202175,335.288
0.111211502,335.780
0.111220800,334.717
0.111230095,334.631
0.111239396,334.818
0.111248704,335.099
0.111258015,335.206
0.111267342,335.782
0.111276638,334.658
0.111285948,335.152
0.111295248,334.799
0.111304589,336.272
0.111313885,334.643
0.111323185,334.815
0.111332499,335.287
0.111341799,334.807
0.111351096,334.693
0.111360418,335.590
0.111369744,335.761
0.111379064,335.500
0.111388362,334.717
0.111397667,334.992
0.111406965,334.729
0.111416313,336.540
0.111425640,335.755
0.111434957,335.433
0.111444279,335.593
0.111453608,335.822
0.111462930,335.585
0.111472230,334.812
0.111481552,335.587
0.111490876,335.662
0.111500202,335.740
0.111509524,335.593
0.111518836,335.232
0.111528182,336.458
0.111537497,335.335
0.111546842,336.438
0.111556185,336.336
0.111565507,335.605
0.111574832,335.678
0.111584158,335.751
0.111593454,334.650
0.111602754,334.813
0.111612050,334.630
0.111621347,334.711
0.111630698,336.644
0.111639996,334.713
0.111649312,335.391
0.111658639,335.758
0.111667960,335.543
0.111677279,335.503
0.111686580,334.828
0.111695876,334.667
0.111705199,335.613
0.111714497,334.742
0.111723815,335.429
0.111733136,335.586
0.111742437,334.832
0.111751735,334.733
0.111761041,334.982
0.111770364,335.653
0.111779665,334.836
0.111788962,334.697
0.111798258,334.644
0.111807558,334.810
0.111816854,334.637
0.111826178,335.665
0.111835476,334.725
0.111844800,335.658
0.111854118,335.480
0.111863472,336.711
0.111872805,335.997
0.111882163,336.899
0.111891490,335.753
0.111900848,336.889
0.111910148,334.813
0.111919443,334.633
0.111928756,335.267
0.111938056,334.795
0.111947378,335.598
0.111956675,334.695
0.111965974,334.748
0.111975271,334.710
0.111984567,334.633
0.111993897,335.899
0.112003209,335.210
0.112012510,334.831
0.112021838,335.829
0.112031161,335.628
0.112040462,334.815
0.112049767,334.988
0.112059065,334.721
0.112068416,336.632
0.112077713,334.713
0.112087029,335.384
0.112096382,336.711
0.112105680,334.699
0.112114975,334.636
0.112124307,335.962
0.112133603,334.630
0.112142900,334.720
0.112152227,335.768
0.112161525,334.716
0.112170820,334.633
0.112180120,334.805
0.112189417,334.692
0.112198716,334.741
0.112208040,335.665
0.112217335,334.638
0.112226662,335.763
0.112235957,334.635
0.112245255,334.714
0.112254581,335.745
0.112263904,335.603
0.112273204,334.811
0.112282546,336.323
0.112291871,335.703
0.112301193,335.587
0.112310496,334.886
0.112319791,334.632
0.112329089,334.723
0.112338441,336.695
0.112347782,336.266
0.112357084,334.862
0.112366379,334.637
0.112375677,334.711
0.112384981,334.963
0.112394305,335.662
0.112403622,335.420
0.112412923,334.814
0.112422220,334.696
0.112431565,336.435
0.112440866,334.809
0.112450161,334.630
0.112459459,334.716
0.112468785,335.755
0.112478083,334.714
0.112487378,334.636
0.112496678,334.810
0.112506038,336.951
0.112515363,335.688
0.112524660,334.710
0.112533958,334.707
0.112543293,336.077
0.112552604,335.181
0.112561929,335.691
0.112571262,335.990
0.112580558,334.651
0.112589856,334.727
0.112599154,334.749
0.112608472,335.429
0.112617793,335.588
0.112627120,335.769
0.112636416,334.626
0.112645769,336.715
0.112655066,334.694
0.112664388,335.593
0.112673715,335.760
0.112683010,334.631
0.112692348,336.184
0.112701673,335.676
0.112710970,334.716
0.112720266,334.637
0.112729566,334.807
0.112738884,335.437
0.112748179,334.641
0.112757487,335.064
0.112766825,336.194
0.112776123,334.714
0.112785423,334.817
0.112794748,335.696
0.112804048,334.803
0.112813344,334.652
0.112822641,334.695
0.112831966,335.692
0.112841265,334.761
0.112850582,335.409
0.112859887,334.970
0.112869208,335.582
0.112878506,334.713
0.112887832,335.745
0.112897143,335.202
0.112906452,335.097
0.112915776,335.694
0.112925093,335.380
0.112934388,334.636
0.112943688,334.817
0.112953001,335.256
0.112962328,335.762
0.112971636,335.088
0.112980952,335.374
0.112990252,334.807
0.112999597,336.435
0.113008909,335.209
0.113018238,335.863
0.113027554,335.349
0.113036876,335.595
0.113046176,334.815
0.113055477,334.851
0.113064775,334.715
0.113074076,334.824
0.113083371,334.639
0.113092698,335.768
0.113102019,335.540
0.113111318,334.768
0.113120651,335.993
0.113129949,334.723
0.113139288,336.212
0.113148587,334.751
0.113157911,335.670
0.113167206,334.628
0.113176533,335.769
0.113185829,334.644
0.113195126,334.714
0.113204479,336.698
0.113213775,334.643
0.113223072,334.702
0.113232397,335.692
0.113241694,334.717
0.113251027,335.985
0.113260364,336.125
0.113269689,335.698
0.113279022,335.974
0.113288320,334.734
0.113297638,335.454
0.113306944,335.023
0.113316267,335.618
0.113325565,334.719
0.113334864,334.765
0.113344162,334.741
0.113353483,335.551
0.113362810,335.788
0.113372108,334.698
0.113381433,335.708
0.113390742,335.144
0.113400084,336.311
0.113409421,336.122
0.113418740,335.489
0.113428038,334.723
0.113437339,334.825
0.113446648,335.144
0.113455946,334.734
0.113465272,335.716
0.113474611,336.225
0.113483919,335.055
0.113493246,335.794
0.113502542,334.638
0.113511878,336.106
0.113521178,334.788
0.113530474,334.653
0.113539802,335.832
0.113549098,334.638
0.113558416,335.447
0.113567740,335.685
0.113577051,335.171
0.113586368,335.437
0.113595695,335.764
0.113604992,334.700
0.113614314,335.596
0.113623614,334.802
0.113632910,334.641
0.113642208,334.714
0.113651506,334.726
0.113660830,335.673
0.113670157,335.786
0.113679490,335.984
0.113688814,335.661
0.113698113,334.774
0.113707437,335.662
0.113716733,334.635
0.113726033,334.815
0.113735355,335.589
0.113744679,335.663
0.113754005,335.751
0.113763329,335.660
0.113772638,335.115
0.113781963,335.699
0.113791278,335.335
0.113800573,334.637
0.113809874,334.820
0.113819169,334.632
0.113828496,335.768
0.113837793,334.696
0.113847089,334.648
0.113856396,335.043
0.113865691,334.637
0.113875003,335.241
0.113884328,335.687
0.113893674,336.459
0.113902969,334.631
0.113912296,335.762
0.113921593,334.700
0.113930915,335.596
0.113940224,335.100
0.113949547,335.620
0.113958847,334.828
0.113968179,335.935
0.113977493,335.317
0.113986800,335.056
0.113996107,335.048
0.114005407,334.790
0.114014732,335.712
0.114024030,334.724
0.114033352,335.589
0.114042653,334.820
0.114051948,334.628
0.114061245,334.712
0.114070548,334.904
0.114079860,335.211
0.114089182,335.615
0.114098507,335.690
0.114107805,334.718
0.114117129,335.684
0.114126454,335.669
0.114135749,334.638
0.114145076,335.763
0.114154373,334.698
0.114163669,334.644
0.114172969,334.809
0.114182264,334.637
0.114191562,334.714
0.114200887,335.688
0.114210230,336.349
0.114219527,334.720
0.114228828,334.836
0.114238161,335.985
0.114247457,334.658
0.114256788,335.893
0.114266083,334.644
0.114275384,334.822
0.114284689,334.994
0.114294014,335.673
0.114303340,335.746
0.114312636,334.646
0.114321933,334.700
0.114331231,334.749
0.114340529,334.714
0.114349824,334.628
0.114359129,334.973
0.114368424,334.631
0.114377722,334.715
0.114387025,334.904
0.114396321,334.647
0.114405644,335.646
0.114414995,336.647
0.114424293,334.722
0.114433591,334.730
0.114442889,334.720
0.114452185,334.635
0.114461520,336.076
0.114470868,336.542
0.114480164,334.650
0.114489470,335.026
0.114498776,335.012
0.114508077,334.823
0.114517402,335.689
0.114526700,334.722
0.114536021,335.587
0.114545322,334.814
0.114554619,334.692
0.114563940,335.556
0.114573248,335.102
0.114582561,335.269
0.114591862,334.814
0.114601157,334.630
0.114610481,335.667
0.114619781,334.795
0.114629112,335.938
0.114638410,334.700
0.114647708,334.738
0.114657005,334.712
0.114666327,335.587
0.114675628,334.817
0.114684923,334.636
0.114694221,334.718
0.114703521,334.797
0.114712837,335.376
0.114722134,334.694
0.114731432,334.739
0.114740739,335.052
0.114750065,335.727
0.114759373,335.071
0.114768692,335.486
0.114778028,336.121
0.114787332,334.950
0.114796656,335.633
0.114806010,336.764
0.114815369,336.914
0.114824667,334.728
0.114833992,335.710
0.114843306,335.284
0.114852601,334.637
0.114861903,334.852
0.114871200,334.696
0.114880495,334.647
0.114889796,334.810
0.114899091,334.639
0.114908392,334.817
0.114917714,335.590
0.114927031,335.430
0.114936331,334.794
0.114945627,334.650
0.114954977,336.603
0.114964302,335.697
0.114973613,335.215
0.114982911,334.729
0.114992239,335.801
0.115001550,335.202
0.115010900,336.587
0.115020200,334.801
0.115029496,334.647
0.115038796,334.821
0.115048118,335.598
0.115057428,335.155
0.115066754,335.710
0.115076052,334.734
0.115085400,336.534
0.115094700,334.817
0.115103998,334.712
0.115113320,335.593
0.115122647,335.760
0.115131942,334.633
0.115141240,334.716
0.115150564,335.691
0.115159905,336.264
0.115169200,334.627
0.115178527,335.767
0.115187824,334.698
0.115197149,335.686
0.115206447,334.718
0.115215789,336.308
0.115225089,334.819
0.115234387,334.717
0.115243700,335.262
0.115253052,336.699
0.115262362,335.156
0.115271659,334.699
0.115280958,334.747
0.115290256,334.718
0.115299551,334.637
0.115308852,334.819
0.115318147,334.633
0.115327466,335.467
0.115336766,334.825
0.115346063,334.678
0.115355364,334.836
0.115364687,335.615
0.115374030,336.380
0.115383388,336.873
0.115392748,336.973
0.115402044,334.633
0.115411397,336.715
0.115420721,335.657
0.115430054,336.006
0.115439355,334.813
0.115448667,335.240
0.115457974,335.064
0.115467299,335.676
0.115476625,335.752
0.115485952,335.762
0.115495274,335.597
0.115504571,334.695
0.115513928,336.857
0.115523252,335.671
0.115532548,334.634
0.115541848,334.814
0.115551158,335.160
0.115560456,334.710
0.115569782,335.744
0.115579104,335.592
0.115588427,335.639
0.115597752,335.686
0.115607049,334.719
0.115616401,336.671
0.115625699,334.731
0.115634995,334.628
0.115644321,335.764
0.115653645,335.646
0.115662941,334.645
0.115672241,334.810
0.115681537,334.641
0.115690861,335.670
0.115700189,335.805
0.115709513,335.667
0.115718810,334.703
0.115728137,335.786
0.115737435,334.705
0.115746730,334.643
0.115756037,335.034
0.115765332,334.633
0.115774633,334.814
0.115783939,335.011
0.115793256,335.439
0.115802556,334.790
0.115811888,335.936
0.115821233,336.446
0.115830536,334.912
0.115839834,334.708
0.115849129,334.633
0.115858486,336.854
0.115867798,335.213
0.115877111,335.288
0.115886440,335.834
0.115895754,335.298
0.115905055,334.851
0.115914378,335.614
0.115923702,335.676
0.115933056,336.735
0.115942366,335.159
0.115951662,334.641
0.115960965,334.910
0.115970284,335.495
0.115979579,334.641
0.115988906,335.767
0.115998202,334.636
0.116007499,334.711
0.116016824,335.684
0.116026121,334.714
0.116035443,335.584
0.116044770,335.758
0.116054067,334.696
0.116063392,335.693
0.116072689,334.713
0.116082000,335.194
0.116091307,335.040
0.116100602,334.627
0.116109926,335.662
0.116119226,334.795
0.116128522,334.641
0.116137819,334.696
0.116147117,334.738
0.116156462,336.425
0.116165764,334.870
0.116175093,335.826
0.116184389,334.668
0.116193713,335.677
0.116203013,334.802
0.116212318,334.963
0.116221620,334.870
0.116230941,335.547
0.116240239,334.748
0.116249538,334.764
0.116258848,335.168
0.116268145,334.665
0.116277451,335.040
0.116286748,334.700
0.116296045,334.667
0.116305351,335.043
0.116314694,336.331
0.116324028,336.013
0.116333326,334.731
0.116342642,335.385
0.116351937,334.636
0.116361264,335.758
0.116370588,335.648
0.116379912,335.688
0.116389210,334.716
0.116398526,335.376
0.116407826,334.815
0.116417122,334.638
0.116426442,335.509
0.116435763,335.570
0.116445059,334.672
0.116454383,335.649
0.116463683,334.790
0.116473008,335.700
0.116482303,334.644
0.116491604,334.818
0.116500935,335.934
0.116510236,334.813
0.116519533,334.698
0.116528829,334.643
0.116538138,335.151
0.116547460,335.587
0.116556758,334.710
0.116566082,335.681
0.116575380,334.710
0.116584675,334.635
0.116593980,334.977
0.116603277,334.697
0.116612599,335.591
0.116621926,335.762
0.116631241,335.335
0.116640539,334.755
0.116649865,335.709
0.116659180,335.353
0.116668507,335.771
0.116677830,335.615
0.116687170,336.244
0.116696471,334.829
0.116705769,334.740
0.116715118,336.552
0.116724423,335.004
0.116733741,335.427
0.116743088,336.514
0.116752388,334.798
0.116761710,335.596
0.116771007,334.693
0.116780313,335.015
0.116789611,334.716
0.116798906,334.632
0.116808207,334.811
0.116817520,335.294
0.116826855,336.051
0.116836177,335.594
0.116845488,335.203
0.116854815,335.763
0.116864123,335.099
0.116873461,336.153
0.116882759,334.727
0.116892056,334.714
0.116901378,335.588
0.116910679,334.817
0.116919976,334.700
0.116929334,336.900
0.116938637,334.909
0.116947933,334.648
0.116957288,336.767
0.116966583,334.637
0.116975907,335.670
0.116985250,336.322
0.116994549,334.761
0.117003873,335.689
0.117013180,335.041
0.117022505,335.714
0.117031825,335.504
0.117041128,334.923
0.117050450,335.590
0.117059785,336.048
0.117069138,336.695
0.117078433,334.639
0.117087760,335.755
0.117097055,334.634
0.117106372,335.421
0.117115670,334.730
0.117124980,335.137
0.117134302,335.591
0.117143634,335.959
0.117152979,336.440
0.117162302,335.595
0.117171605,334.919
0.117180900,334.638
0.117190201,334.808
0.117199525,335.693
0.117208867,336.293
0.117218167,334.799
0.117227462,334.642
0.117236760,334.696
0.117246085,335.721
0.117255383,334.721
0.117264721,336.180
0.117274084,337.051
0.117283408,335.663
0.117292706,334.735
0.117302059,336.703
0.117311396,336.148
0.117320693,334.697
0.117329992,334.739
0.117339289,334.713
0.117348594,334.979
0.117357895,334.820
0.117367190,334.628
0.117376543,336.708
0.117385867,335.647
0.117395189,335.592
0.117404542,336.705
0.117413837,334.634
0.117423183,336.473
0.117432510,335.758
0.117441835,335.694
0.117451130,334.636
0.117460431,334.817
0.117469754,335.651
0.117479050,334.646
0.117488350,334.807
0.117497646,334.629
0.117506955,335.127
0.117516250,334.632
0.117525548,334.712
0.117534854,335.048
0.117544168,335.283
0.117553508,336.229
0.117562811,334.924
0.117572150,336.208
0.117581469,335.486
0.117590803,336.002
0.117600098,334.634
0.117609396,334.717
0.117618696,334.798
0.117627991,334.647
0.117637298,335.056
0.117646597,334.739
0.117655912,335.365
0.117665237,335.682
0.117674541,334.928
0.117683837,334.663
0.117693164,335.781
0.117702462,334.726
0.117711794,335.960
0.117721095,334.814
0.117730391,334.662
0.117739689,334.736
0.117748987,334.740
0.117758286,334.745
0.117767613,335.767
0.117776908,334.645
0.117786205,334.698
0.117795530,335.695
0.117804828,334.715
0.117814150,335.594
0.117823451,334.823
0.117832755,334.943
0.117842080,335.702
0.117851380,334.806
0.117860675,334.642
0.117869973,334.695
0.117879274,334.850
0.117888598,335.668
0.117897920,335.584
0.117907220,334.810
0.117916518,334.728
0.117925846,335.792
0.117935143,334.699
0.117944439,334.655
0.117953739,334.814
0.117963035,334.636
0.117972352,335.439
0.117981709,336.853
0.117991007,334.713
0.118000302,334.634
0.118009656,336.715
0.118018979,335.648
0.118028301,335.598
0.118037628,335.761
0.118046923,334.632
0.118056221,334.715
0.118065546,335.701
0.118074844,334.713
0.118084144,334.801
0.118093449,335.006
0.118102785,336.097
0.118112084,334.766
0.118121409,335.702
0.118130727,335.425
0.118140028,334.850
0.118149324,334.639
0.118158648,335.673
0.118167950,334.884
0.118177262,335.206
0.118186595,335.995
0.118195929,336.041
0.118205245,335.378
0.118214543,334.735
0.118223841,334.719
0.118233163,335.588
0.118242490,335.764
0.118251787,334.698
0.118261083,334.639
0.118270409,335.759
0.118279705,334.639
0.118289024,335.500
0.118298327,334.902
0.118307639,335.224
0.118316958,335.480
0.118326284,335.758
0.118335582,334.700
0.118344904,335.600
0.118354231,335.765
0.118363526,334.632
0.118372879,336.712
0.118382201,335.597
0.118391510,335.124
0.118400811,334.818
0.118410108,334.710
0.118419406,334.714
0.118428736,335.893
0.118438047,335.199
0.118447343,334.639
0.118456670,335.770
0.118465965,334.629
0.118475287,335.589
0.118484587,334.789
0.118493909,335.595
0.118503206,334.698
0.118512530,335.687
0.118521872,336.296
0.118531196,335.674
0.118540505,335.105
0.118549800,334.632
0.118559110,335.146
0.118568407,334.696
0.118577724,335.419
0.118587055,335.932
0.118596351,334.635
0.118605648,334.713
0.118614973,335.681
0.118624286,335.278
0.118633634,336.536
0.118642935,334.807
0.118652250,335.366
0.118661552,334.853
0.118670851,334.756
0.118680173,335.597
0.118689501,335.809
0.118698797,334.661
0.118708095,334.722
0.118717427,335.960
0.118726736,335.113
0.118736033,334.692
0.118745357,335.693
0.118754655,334.713
0.118763974,335.498
0.118773301,335.769
0.118782616,335.341
0.118791914,334.716
0.118801267,336.696
0.118810562,334.642
0.118819889,335.761
0.118829184,334.635
0.118838482,334.709
0.118847806,335.679
0.118857130,335.665
0.118866452,335.582
0.118875757,334.985
0.118885054,334.701
0.118894352,334.713
0.118903706,336.742
0.118913001,334.636
0.118922299,334.715
0.118931624,335.689
0.118940928,334.967
0.118950226,334.714
0.118959553,335.775
0.118968869,335.374
0.118978167,334.742
0.118987465,334.723
0.118996781,335.356
0.119006108,335.769
0.119015430,335.589
0.119024750,335.516
0.119034076,335.745
0.119043398,335.594
0.119052695,334.695
0.119061996,334.835
0.119071293,334.715
0.119080589,334.643
0.119089916,335.771
0.119099212,334.637
0.119108512,334.813
0.119117809,334.699
0.119127105,334.653
0.119136405,334.812
0.119145736,335.917
0.119155035,334.754
0.119164360,335.689
0.119173711,336.644
0.119183007,334.651
0.119192307,334.808
0.119201605,334.732
0.119210949,336.369
0.119220251,334.876
0.119229547,334.658
0.119238846,334.765
0.119248197,336.643
0.119257540,336.337
0.119266867,335.763
0.119276188,335.555
0.119285501,335.269
0.119294800,334.779
0.119304098,334.720
0.119313415,335.410
0.119322720,334.996
0.119332037,335.422
0.119341361,335.665
0.119350714,336.700
0.119360026,335.219
0.119369334,335.077
0.119378658,335.694
0.119387977,335.463
0.119397328,336.637
0.119406636,335.100
0.119415932,334.636
0.119425232,334.814
0.119434582,336.601
0.119443878,334.650
0.119453178,334.815
0.119462510,335.930
0.119471807,334.714
0.119481139,335.933
0.119490437,334.748
0.119499744,335.043
0.119509047,334.911
0.119518345,334.718
0.119527693,336.548
0.119537021,335.786
0.119546336,335.330
0.119555644,335.101
0.119564939,334.635
0.119574284,336.407
0.119583616,335.961
0.119592935,335.467
0.119602285,336.608
0.119611583,334.738
0.119620902,335.463
0.119630199,334.695
0.119639507,335.109
0.119648856,336.543
0.119658180,335.666
0.119667477,334.682
0.119676772,334.642
0.119686080,335.092
0.119695402,335.585
0.119704700,334.716
0.119713998,334.738
0.119723296,334.714
0.119732591,334.628
0.119741891,334.810
0.119751237,336.452
0.119760533,334.647
0.119769852,335.507
0.119779175,335.603
0.119788473,334.739
0.119797772,334.747
0.119807070,334.751
0.119816401,335.922
0.119825702,334.816
0.119835016,335.329
0.119844315,334.743
0.119853613,334.720
0.119862928,335.346
0.119872234,335.006
0.119881541,335.074
0.119890839,334.724
0.119900165,335.747
0.119909461,334.644
0.119918771,335.161
0.119928099,335.818
0.119937397,334.713
0.119946692,334.639
0.119956000,335.077
0.119965315,335.324
0.119974639,335.663
0.119983965,335.742
0.119993306,336.272
0.120002606,334.806
0.120011901,334.635
0.120021199,334.716
0.120030524,335.686
0.120039848,335.665
0.120049170,335.592
0.120058492,335.619
0.120067846,336.716
0.120077168,335.604
0.120086469,334.850
0.120095766,334.666
0.120105074,335.091
0.120114399,335.704
0.120123719,335.513
0.120133046,335.774
0.120142342,334.658
0.120151639,334.719
0.120160974,336.062
0.120170272,334.727
0.120179589,335.408
0.120188890,334.819
0.120198185,334.637
0.120207509,335.668
0.120216809,334.796
0.120226105,334.648
0.120235429,335.650
0.120244727,334.740
0.120254051,335.659
0.120263373,335.582
0.120272673,334.821
0.120281987,335.293
0.120291340,336.716
0.120300663,335.640
0.120309980,335.381
0.120319308,335.832
0.120328631,335.610
0.120337951,335.545
0.120347260,335.100
0.120356573,335.259
0.120365870,334.712
0.120375174,334.926
0.120384471,334.696
0.120393793,335.601
0.120403094,334.819
0.120412389,334.636
0.120421699,335.154
0.120431004,334.982
0.120440302,334.721
0.120449603,334.855
0.120458910,335.046
0.120468207,334.695
0.120477532,335.694
0.120486829,334.710
0.120496125,334.639
0.120505425,334.814
0.120514721,334.634
0.120524045,335.666
0.120533345,334.793
0.120542687,336.328
0.120552036,336.564
0.120561334,334.737
0.120570658,335.661
0.120580009,336.628
0.120589333,335.668
0.120598629,334.649
0.120607974,336.413
0.120617273,334.765
0.120626569,334.667
0.120635901,335.966
0.120645224,335.604
0.120654548,335.679
0.120663850,334.865
0.120673164,335.315
0.120682512,336.512
0.120691813,334.842
0.120701128,335.354
0.120710427,334.740
0.120719725,334.743
0.120729021,334.633
0.120738347,335.766
0.120747643,334.635
0.120756941,334.717
0.120766240,334.796
0.120775549,335.098
0.120784859,335.187
0.120794184,335.692
0.120803508,335.661
0.120812803,334.633
0.120822107,334.916
0.120831429,335.593
0.120840779,336.596
0.120850108,335.856
0.120859431,335.614
0.120868731,334.821
0.120878049,335.459
0.120887368,335.483
0.120896694,335.718
0.120906005,335.187
0.120915323,335.449
0.120924654,335.931
0.120933951,334.700
0.120943271,335.495
0.120952574,334.911
0.120961889,335.354
0.120971213,335.661
0.120980511,334.730
0.120989809,334.716
0.120999161,336.696
0.121008494,335.959
0.121017791,334.700
0.121027115,335.690
0.121036439,335.661
0.121045756,335.409
0.121055062,335.005
0.121064393,335.932
0.121073750,336.819
0.121083049,334.769
0.121092364,335.336
0.121101691,335.792
0.121111012,335.558
0.121120308,334.645
0.121129635,335.768
0.121138954,335.478
0.121148273,335.496
0.121157600,335.760
0.121166938,336.168
0.121176235,334.708
0.121185560,335.686
0.121194857,334.716
0.121204166,335.106
0.121213471,335.007
0.121222768,334.691
0.121232093,335.683
0.121241417,335.666
0.121250713,334.643
0.121260013,334.812
0.121269321,335.096
0.121278619,334.720
0.121287945,335.744
0.121297241,334.647
0.121306538,334.694
0.121315836,334.738
0.121325154,335.433
0.121334477,335.644
0.121343782,334.949
0.121353103,335.587
0.121362416,335.242
0.121371715,334.764
0.121381011,334.658
0.121390312,334.851
0.121399633,335.538
0.121408966,336.017
0.121418297,335.901
0.121427595,334.744
0.121436891,334.643
0.121446245,336.741
0.121455543,334.730
0.121464839,334.654
0.121474140,334.840
0.121483455,335.329
0.121492779,335.667
0.121502077,334.728
0.121511375,334.721
0.121520701,335.756
0.121530023,335.596
0.121539321,334.698
0.121548619,334.736
0.121557917,334.725
0.121567212,334.646
0.121576513,334.820
0.121585811,334.726
0.121595149,336.175
0.121604475,335.747
0.121613787,335.203
0.121623120,336.000
0.121632473,336.726
0.121641789,335.357
0.121651096,335.063
0.121660430,336.026
0.121669745,335.329
0.121679072,335.767
0.121688381,335.117
0.121697703,335.605
0.121707030,335.764
0.121716325,334.638
0.121725623,334.713
0.121734921,334.743
0.121744219,334.717
0.121753514,334.633
0.121762815,334.808
0.121772128,335.276
0.121781449,335.564
0.121790776,335.763
0.121800098,335.587
0.121809398,334.810
0.121818703,334.992
0.121828001,334.717
0.121837301,334.789
0.121846598,334.713
0.121855911,335.247
0.121865235,335.687
0.121874534,334.761
0.121883879,336.428
0.121893211,335.922
0.121902508,334.692
0.121911818,335.170
0.121921145,335.786
0.121930495,336.578
0.121939792,334.717
0.121949117,335.702
0.121958415,334.723
0.121967750,336.037
0.121977074,335.680
0.121986369,334.637
0.121995670,334.820
0.122004967,334.707
0.122014285,335.436
0.122023617,335.934
0.122032912,334.642
0.122042236,335.663
0.122051537,334.831
0.122060871,336.020
0.122070192,335.551
0.122079520,335.798
0.122088843,335.656
0.122098206,337.071
0.122107532,335.713
0.122116848,335.392
0.122126180,335.934
0.122135502,335.616
0.122144800,334.724
0.122154101,334.825
0.122163445,336.383
0.122172754,335.134
0.122182062,335.082
0.122191361,334.761
0.122200709,336.533
0.122210046,336.129
0.122219341,334.634
0.122228650,335.125
0.122237948,334.701
0.122247243,334.646
0.122256544,334.811
0.122265839,334.635
0.122275163,335.669
0.122284497,336.025
0.122293857,336.963
0.122303176,335.480
0.122312477,334.812
0.122321774,334.702
0.122331095,335.549
0.122340425,335.884
0.122349738,335.294
0.122359039,334.823
0.122368361,335.587
0.122377685,335.666
0.122386985,334.794
0.122396307,335.592
0.122405604,334.694
0.122414902,334.735
0.122424200,334.716
0.122433518,335.440
0.122442872,336.759
0.122452196,335.680
0.122461495,334.749
0.122470798,334.917
0.122480094,334.649
0.122489418,335.676
0.122498717,334.767
0.122508015,334.721
0.122517366,336.637
0.122526664,334.713
0.122535959,334.633
0.122545286,335.767
0.122554583,334.700
0.122563879,334.640
0.122573184,335.001
0.122582482,334.714
0.122591803,335.563
0.122601102,334.737
0.122610400,334.730
0.122619746,336.465
0.122629073,335.762
0.122638396,335.647
0.122647692,334.644
0.122656992,334.816
0.122666306,335.294
0.122675606,334.812
0.122684939,335.971
0.122694263,335.668
0.122703563,334.791
0.122712885,335.597
0.122722182,334.697
0.122731516,336.032
0.122740817,334.816
0.122750112,334.651
0.122759466,336.740
0.122768762,334.634
0.122778070,335.103
0.122787370,334.792
0.122796683,335.262
0.122805983,334.820
0.122815305,335.593
0.122824603,334.715
0.122833903,334.808
0.122843201,334.740
0.122852517,335.368
0.122861821,334.928
0.122871118,334.699
0.122880414,334.646
0.122889714,334.810
0.122899023,335.129
0.122908321,334.711
0.122917675,336.761
0.122926999,335.672
0.122936320,335.538
0.122945646,335.757
0.122954988,336.296
0.122964339,336.649
0.122973689,336.575
0.122982984,334.633
0.122992284,334.814
0.123001630,336.446
0.123010929,334.769
0.123020260,335.907
0.123029583,335.643
0.123038881,334.722
0.123048180,334.740
0.123057504,335.660
0.123066824,335.546
0.123076154,335.871
0.123085476,335.596
0.123094777,334.817
0.123104074,334.702
0.123113396,335.593
0.123122705,335.143
0.123132001,334.636
0.123141298,334.711
0.123150623,335.678
0.123159947,335.664
0.123169242,334.638
0.123178543,334.812
0.123187840,334.690
0.123197159,335.499
0.123206459,334.803
0.123215755,334.640
0.123225078,335.657
0.123234403,335.682
0.123243727,335.673
0.123253035,335.095
0.123262368,335.959
0.123271665,334.696
0.123280990,335.709
0.123290288,334.736
0.123299605,335.406
0.123308906,334.820
0.123318203,334.714
0.123327502,334.744
0.123336806,334.948
0.123346128,335.602
0.123355452,335.649
0.123364777,335.698
0.123374074,334.708
0.123383396,335.578
0.123392722,335.768
0.123402044,335.580
0.123411371,335.762
0.123420695,335.658
0.123429991,334.651
0.123439344,336.706
0.123448665,335.589
0.123457963,334.716
0.123467266,334.909
0.123476564,334.714
0.123485885,335.580
0.123495186,334.806
0.123504483,334.700
0.123513779,334.650
0.123523080,334.861
0.123532394,335.308
0.123541692,334.711
0.123551040,336.524
0.123560358,335.455
0.123569697,336.197
0.123579014,335.409
0.123588312,334.731
0.123597616,334.965
0.123606915,334.752
0.123616211,334.638
0.123625538,335.797
0.123634834,334.659
0.123644133,334.743
0.123653436,334.915
0.123662733,334.674
0.123672040,335.076
0.123681391,336.635
0.123690715,335.670
0.123700066,336.626
0.123709390,335.662
0.123718701,335.185
0.123728054,336.708
0.123737377,335.647
0.123746673,334.643
0.123755973,334.813
0.123765295,335.587
0.123774619,335.663
0.123783917,334.728
0.123793231,335.295
0.123802526,334.628
0.123811855,335.843
0.123821170,335.348
0.123830521,336.644
0.123839819,334.730
0.123849153,335.996
0.123858507,336.741
0.123867802,334.634
0.123877100,334.722
0.123886400,334.799
0.123895695,334.644
0.123904993,334.697
0.123914317,335.690
0.123923615,334.714
0.123932910,334.637
0.123942211,334.814
0.123951523,335.229
0.123960820,334.721
0.123970147,335.738
0.123979442,334.641
0.123988742,334.804
0.123998064,335.575
0.124007363,334.764
0.124016688,335.713
0.124025986,334.717
0.124035308,335.609
0.124044614,334.992
0.124053913,334.793
0.124063210,334.689
0.124072511,334.816
0.124081833,335.587
0.124091193,336.968
0.124100491,334.737
0.124109807,335.373
0.124119136,335.846
0.124128432,334.652
0.124137730,334.739
0.124147056,335.722
0.124156354,334.730
0.124165677,335.621
0.124175004,335.777
0.124184312,335.092
0.124193624,335.212
0.124202950,335.751
0.124212246,334.644
0.124221543,334.695
0.124230868,335.696
0.124240165,334.718
0.124249487,335.587
0.124258788,334.814
0.124268100,335.256
0.124277427,335.768
0.124286724,334.699
0.124296022,334.717
0.124305323,334.841
0.124314630,335.040
0.124323928,334.724
0.124333279,336.633
0.124342603,335.671
0.124351898,334.629
0.124361198,334.808
0.124370495,334.697
0.124379815,335.496
0.124389115,334.814
0.124398418,334.914
0.124407745,335.761
0.124417044,334.771
0.124426342,334.732
0.124435669,335.747
0.124444964,334.649
0.124454262,334.705
0.124463560,334.743
0.124472883,335.604
0.124482178,334.639
0.124491505,335.762
0.124500800,334.634
0.124510112,335.213
0.124519442,335.907
0.124528779,336.121
0.124538076,334.694
0.124547376,334.809
0.124556691,335.318
0.124565986,334.633
0.124575313,335.769
0.124584608,334.634
0.124593909,334.811
0.124603232,335.639
0.124612554,335.595
0.124621864,335.144
0.124631171,335.048
0.124640483,335.248
0.124649781,334.733
0.124659079,334.717
0.124668395,335.378
0.124677728,336.003
0.124687025,334.692
0.124696322,334.687
0.124705650,335.790
0.124714945,334.641
0.124724269,335.666
0.124733576,335.032
0.124742873,334.714
0.124752200,335.749
0.124761495,334.643
0.124770793,334.703
0.124780091,334.743
0.124789391,334.798
0.124798713,335.601
0.124808014,334.819
0.124817345,335.932
0.124826665,335.526
0.124835965,334.800
0.124845287,335.595
0.124854596,335.102
0.124863921,335.694
0.124873245,335.665
0.124882567,335.593
0.124891867,334.803
0.124901162,334.641
0.124910463,334.804
0.124919786,335.649
0.124929098,335.234
0.124938398,334.810
0.124947718,335.513
0.124957043,335.681
0.124966368,335.692
0.124975679,335.214
0.124984975,334.638
0.124994301,335.765
0.125003625,335.654
0.125012946,335.547
0.125022254,335.092
0.125031559,334.973
0.125040861,334.872
0.125050193,335.953
0.125059491,334.748
0.125068818,335.769
0.125078152,336.017
0.125087503,336.627
0.125096860,336.851
0.125106157,334.721
0.125115480,335.618
0.125124781,334.840
0.125134097,335.360
0.125143395,334.719
0.125152694,334.793
0.125162007,335.263
0.125171314,335.042
0.125180639,335.696
0.125189963,335.669
0.125199261,334.733
0.125208584,335.610
0.125217900,335.375
0.125227245,336.440
0.125236569,335.676
0.125245893,335.661
0.125255221,335.787
0.125264517,334.671
0.125273818,334.834
0.125283143,335.691
0.125292441,334.723
0.125301746,334.983
0.125311046,334.812
0.125320343,334.694
0.125329668,335.687
0.125338965,334.712
0.125348261,334.636
0.125357588,335.760
0.125366907,335.496
0.125376231,335.661
0.125385531,334.788
0.125394853,335.596
0.125404150,334.692
0.125413501,336.638
0.125422798,334.716
0.125432094,334.636
0.125441394,334.817
0.125450706,335.230
0.125460030,335.658
0.125469356,335.747
0.125478671,335.313
0.125487971,334.817
0.125497266,334.633
0.125506564,334.724
0.125515872,335.073
0.125525172,334.810
0.125534516,336.376
0.125543817,334.822
0.125553140,335.642
0.125562437,334.686
0.125571764,335.772
0.125581059,334.634
0.125590357,334.715
0.125599655,334.736
0.125608970,335.330
0.125618265,334.635
0.125627592,335.763
0.125636889,334.700
0.125646188,334.742
0.125655485,334.719
0.125664801,335.346
0.125674101,334.809
0.125683432,335.933
0.125692744,335.230
0.125702070,335.740
0.125711392,335.595
0.125720690,334.698
0.125730041,336.645
0.125739365,335.657
0.125748660,334.638
0.125757960,334.809
0.125767258,334.706
0.125776605,336.514
0.125785930,335.675
0.125795245,335.349
0.125804546,334.849
0.125813854,335.076
0.125823193,336.213
0.125832518,335.685
0.125841852,336.021
0.125851147,334.642
0.125860448,334.820
0.125869772,335.656
0.125879092,335.535
0.125888392,334.814
0.125897688,334.633
0.125906986,334.717
0.125916284,334.727
0.125925626,336.314
0.125934933,335.083
0.125944240,335.029
0.125953579,336.224
0.125962904,335.696
0.125972202,334.712
0.125981524,335.590
0.125990851,335.768
0.126000146,334.636
0.126009446,334.804
0.126018746,334.810
0.126028069,335.602
0.126037392,335.652
0.126046691,334.734
0.126055988,334.719
0.126065313,335.688
0.126074637,335.670
0.126083933,334.665
0.126093234,334.829
0.126102556,335.584
0.126111878,335.593
0.126121178,334.813
0.126130474,334.635
0.126139794,335.513
0.126149092,334.732
0.126158416,335.668
0.126167738,335.581
0.126177038,334.811
0.126186335,334.697
0.126195667,335.944
0.126205002,336.064
0.126214297,334.636
0.126223598,334.815
0.126232920,335.588
0.126242237,335.410
0.126251539,334.892
0.126260862,335.609
0.126270159,334.703
0.126279457,334.742
0.126288755,334.721
0.126298050,334.636
0.126307351,334.818
0.126316646,334.635
0.126325970,335.669
0.126335289,335.476
0.126344585,334.664
0.126353890,334.945
0.126363189,334.789
0.126372487,334.731
0.126381784,334.677
0.126391117,336.009
0.126400413,334.634
0.126409713,334.812
0.126419010,334.697
0.126428306,334.647
0.126437606,334.805
0.126446902,334.633
0.126456199,334.713
0.126465497,334.732
0.126474795,334.723
0.126484091,334.642
0.126493422,335.914
0.126502726,334.959
0.126512026,334.783
0.126521334,335.083
0.126530656,335.619
0.126539957,334.842
0.126549253,334.644
0.126558552,334.741
0.126567852,334.816
0.126577148,334.648
0.126586446,334.720
0.126595771,335.721
0.126605095,335.670
0.126614391,334.649
0.126623730,336.203
0.126633052,335.598
0.126642361,335.100
0.126651660,334.795
0.126661000,336.240
0.126670327,335.761
0.126679649,335.586
0.126688947,334.716
0.126698245,334.735
0.126707554,335.134
0.126716849,334.627
0.126726150,334.813
0.126735473,335.652
0.126744771,334.715
0.126754098,335.785
0.126763435,336.137
0.126772733,334.724
0.126782031,334.729
0.126791329,334.719
0.126800624,334.630
0.126809978,336.717
0.126819301,335.647
0.126828599,334.738
0.126837897,334.711
0.126847193,334.667
0.126856494,334.839
0.126865840,336.455
0.126875160,335.518
0.126884480,335.526
0.126893792,335.215
0.126903091,334.750
0.126912396,334.981
0.126921740,336.416
0.126931074,336.007
0.126940376,334.862
0.126949671,334.635
0.126958999,335.799
0.126968349,336.596
0.126977644,334.644
0.126986947,334.908
0.126996306,336.904
0.127005604,334.725
0.127014902,334.739
0.127024213,335.196
0.127033522,335.104
0.127042848,335.767
0.127052172,335.648
0.127061492,335.534
0.127070793,334.809
0.127080088,334.637
0.127089412,335.663
0.127098737,335.682
0.127108034,334.720
0.127117334,334.793
0.127126630,334.636
0.127135953,335.653
0.127145278,335.685
0.127154575,334.712
0.127163871,334.637
0.127173171,334.815
0.127182468,334.675
0.127191779,335.189
0.127201078,334.791
0.127210389,335.180
0.127219686,334.697
0.127228986,334.818
0.127238285,334.744
0.127247581,334.644
0.127256881,334.816
0.127266203,335.594
0.127275512,335.125
0.127284809,334.699
0.127294124,335.339
0.127303477,336.710
0.127312773,334.631
0.127322106,336.009
0.127331404,334.727
0.127340751,336.468
0.127350096,336.423
0.127359422,335.762
0.127368720,334.698
0.127378015,334.647
0.127387315,334.802
0.127396611,334.635
0.127405935,335.662
0.127415233,334.728
0.127424530,334.716
0.127433891,336.983
0.127443230,336.196
0.127452555,335.702
0.127461866,335.190
0.127471206,336.240
0.127480530,335.685
0.127489858,335.795
0.127499180,335.589
0.127508478,334.721
0.127517779,334.857
0.127527075,334.649
0.127536372,334.694
0.127545670,334.737
0.127554968,334.714
0.127564274,335.034
0.127573572,334.712
0.127582867,334.638
0.127592201,336.023
0.127601576,337.468
0.127610885,335.149
0.127620190,334.980
0.127629512,335.592
0.127638836,335.660
0.127648140,334.956
0.127657438,334.711
0.127666758,335.530
0.127676085,335.765
0.127685418,335.990
0.127694743,335.692
0.127704041,334.719
0.127713336,334.637
0.127722639,334.909
0.127731946,335.039
0.127741245,334.764
0.127750571,335.750
0.127759890,335.474
0.127769213,335.642
0.127778512,334.744
0.127787851,336.202
0.127797173,335.594
0.127806473,334.821
0.127815785,335.225
0.127825083,334.714
0.127834382,334.790
0.127843678,334.647
0.127852978,334.811
0.127862301,335.594
0.127871598,334.719
0.127880897,334.738
0.127890245,336.546
0.127899603,336.893
0.127908930,335.763
0.127918227,334.700
0.127927550,335.605
0.127936883,335.990
0.127946198,335.366
0.127955496,334.713
0.127964830,336.013
0.127974155,335.717
0.127983482,335.765
0.127992778,334.676
0.128002097,335.456
0.128011422,335.722
0.128020721,334.760
0.128030039,335.431
0.128039345,335.016
0.128048667,335.617
0.128057979,335.208
0.128067279,334.812
0.128076601,335.597
0.128085925,335.668
0.128095250,335.688
0.128104574,335.664
0.128113870,334.639
0.128123170,334.815
0.128132465,334.638
0.128141792,335.766
0.128151090,334.706
0.128160405,335.362
0.128169706,334.810
0.128179027,335.588
0.128188339,335.216
0.128197664,335.687
0.128206991,335.774
0.128216286,334.645
0.128225643,336.829
0.128234966,335.654
0.128244262,334.641
0.128253615,336.721
0.128262915,334.770
0.128272216,334.846
0.128281538,335.595
0.128290861,335.630
0.128300214,336.723
0.128309510,334.649
0.128318807,334.699
0.128328111,334.915
0.128337408,334.720
0.128346704,334.632
0.128356011,335.050
0.128365321,335.180
0.128374646,335.676
0.128383972,335.745
0.128393267,334.644
0.128402565,334.696
0.128411889,335.690
0.128421213,335.667
0.128430564,336.631
0.128439862,334.714
0.128449157,334.631
0.128458460,334.906
0.128467757,334.703
0.128477075,335.434
0.128486402,335.767
0.128495697,334.631
0.128504995,334.721
0.128514320,335.682
0.128523664,336.393
0.128532984,335.546
0.128542294,335.148
0.128551636,336.299
0.128560971,336.062
0.128570279,335.104
0.128579576,334.668
0.128588903,335.785
0.128598225,335.587
0.128607523,334.719
0.128616823,334.801
0.128626132,335.130
0.128635442,335.157
0.128644740,334.735
0.128654053,335.259
0.128663373,335.518
0.128672699,335.765
0.128681995,334.635
0.128691319,335.666
0.128700621,334.879
0.128709935,335.319
0.128719236,334.818
0.128728558,335.593
0.128737855,334.711
0.128747186,335.912
0.128756510,335.662
0.128765806,334.638
0.128775132,335.758
0.128784430,334.696
0.128793738,335.090
0.128803064,335.754
0.128812402,336.162
0.128821700,334.720
0.128831025,335.694
0.128840348,335.657
0.128849649,334.819
0.128858955,335.023
0.128868279,335.661
0.128877604,335.694
0.128886902,334.718
0.128896197,334.638
0.128905503,335.016
0.128914838,336.060
0.128924158,335.533
0.128933458,334.786
0.128942755,334.705
0.128952116,336.966
0.128961440,335.693
0.128970765,335.671
0.128980089,335.684
0.128989387,334.722
0.128998682,334.633
0.129007983,334.816
0.129017358,337.495
0.129026680,335.599
0.129035984,334.938
0.129045279,334.635
0.129054577,334.710
0.129063901,335.685
0.129073225,335.668
0.129082521,334.637
0.129091847,335.759
0.129101171,335.648
0.129110495,335.676
0.129119850,336.770
0.129129190,336.245
0.129138544,336.734
0.129147839,334.639
0.129157153,335.304
0.129166480,335.753
0.129175775,334.645
0.129185128,336.694
0.129194453,335.702
0.129203751,334.725
0.129213073,335.589
0.129222373,334.818
0.129231669,334.636
0.129240993,335.665
0.129250293,334.796
0.129259589,334.650
0.129268915,335.759
0.129278221,335.012
0.129287519,334.713
0.129296850,335.923
0.129306174,335.667
0.129315469,334.630
0.129324770,334.810
0.129334067,334.694
0.129343362,334.646
0.129352689,335.764
0.129362005,335.382
0.129371303,334.712
0.129380601,334.729
0.129389899,334.721
0.129399212,335.286
0.129408514,334.847
0.129417856,336.329
0.129427155,334.748
0.129436461,335.019
0.129445757,334.687
0.129455059,334.847
0.129464354,334.645
0.129473653,334.745
0.129482980,335.776
0.129492289,335.127
0.129501610,335.546
0.129510910,334.802
0.129520208,334.724
0.129529531,335.618
0.129538858,335.775
0.129548153,334.635
0.129557503,336.613
0.129566830,335.743
0.129576125,334.643
0.129585453,335.817
0.129594749,334.633
0.129604047,334.717
0.129613371,335.676
0.129622695,335.670
0.129632012,335.423
0.129641344,335.930
0.129650641,334.698
0.129659972,335.932
0.129669321,336.563
0.129678636,335.319
0.129687935,334.768
0.129697286,336.647
0.129706611,335.699
0.129715937,335.747
0.129725244,335.040
0.129734557,335.249
0.129743881,335.693
0.129753233,336.662
0.129762556,335.615
0.129771857,334.850
0.129781153,334.660
0.129790451,334.719
0.129799752,334.828
0.129809064,335.238
0.129818387,335.617
0.129827686,334.768
0.129837002,335.394
0.129846353,336.634
0.129855662,335.102
0.129864957,334.627
0.129874258,334.840
0.129883582,335.654
0.129892905,335.627
0.129902209,334.975
0.129911518,335.115
0.129920846,335.798
0.129930145,334.748
0.129939469,335.669
0.129948765,334.651
0.129958078,335.273
0.129967402,335.676
0.129976698,334.644
0.129985998,334.816
0.129995320,335.592
0.130004647,335.763
0.130013980,335.983
0.130023298,335.458
0.130032624,335.748
0.130041920,334.649
0.130051231,335.189
0.130060556,335.693
0.130069853,334.712
0.130079149,334.641
0.130088449,334.810
0.130097745,334.637
0.130107069,335.664
0.130116421,336.694
0.130125717,334.645
0.130135017,334.809
0.130144322,334.979
0.130153620,334.714
0.130162947,335.770
0.130172245,334.743
0.130181540,334.633
0.130190867,335.757
0.130200187,335.520
0.130209483,334.640
0.130218806,335.646
0.130228102,334.665
0.130237401,334.737
0.130246726,335.727
0.130256051,335.701
0.130265372,335.559
0.130274700,335.777
0.130283997,334.695
0.130293322,335.723
0.130302672,336.586
0.130311983,335.206
0.130321310,335.766
0.130330605,334.632
0.130339930,335.675
0.130349234,334.958
0.130358544,335.142
0.130367841,334.699
0.130377139,334.743
0.130386467,335.797
0.130395771,334.963
0.130405081,335.158
0.130414414,335.987
0.130423747,335.976
0.130433064,335.430
0.130442362,334.724
0.130451660,334.730
0.130460985,335.669
0.130470306,335.580
0.130479607,334.814
0.130488904,334.702
0.130498200,334.649
0.130507509,335.124
0.130516831,335.589
0.130526157,335.764
0.130535479,335.588
0.130544777,334.724
0.130554104,335.749
0.130563412,335.095
0.130572709,334.699
0.130582007,334.738
0.130591305,334.719
0.130600600,334.636
0.130609901,334.813
0.130619223,335.592
0.130628520,334.715
0.130637850,335.871
0.130647146,334.658
0.130656470,335.652
0.130665792,335.585
0.130675090,334.723
0.130684444,336.763
0.130693770,335.719
0.130703087,335.429
0.130712388,334.849
0.130721713,335.678
0.130731009,334.647
0.130740313,334.954
0.130749609,334.645
0.130758906,334.717
0.130768238,335.926
0.130777535,334.709
0.130786856,335.551
0.130796182,335.759
0.130805480,334.705
0.130814778,334.741
0.130824076,334.721
0.130833441,337.142
0.130842741,334.815
0.130852049,335.059
0.130861387,336.195
0.130870687,334.788
0.130880009,335.597
0.130889306,334.700
0.130898618,335.210
0.130907917,334.776
0.130917265,336.508
0.130926566,334.855
0.130935862,334.661
0.130945160,334.727
0.130954461,334.833
0.130963776,335.343
0.130973089,335.268
0.130982412,335.632
0.130991731,335.467
0.131001056,335.696
0.131010354,334.729
0.131019671,335.422
0.131028972,334.815
0.131038290,335.477
0.131047649,336.899
0.131056956,335.049
0.131066271,335.342
0.131075605,336.031
0.131084929,335.688
0.131094245,335.369
0.131103553,335.090
0.131112886,335.982
0.131122183,334.696
0.131131482,334.741
0.131140779,334.713
0.131150123,336.364
0.131159426,334.928
0.131168784,336.891
0.131178082,334.723
0.131187435,336.706
0.131196757,335.596
0.131206081,335.645
0.131215386,334.986
0.131224684,334.749
0.131234016,335.943
0.131243315,334.776
0.131252631,335.348
0.131261932,334.857
0.131271230,334.725
0.131280526,334.654
0.131289879,336.715
0.131299175,334.643
0.131308473,334.720
0.131317771,334.739
0.131327084,335.256
0.131336391,335.059
0.131345694,334.906
0.131354991,334.697
0.131364287,334.643
0.131373587,334.810
0.131382882,334.634
0.131392209,335.773
0.131401531,335.571
0.131410831,334.821
0.131420184,336.712
0.131429480,334.651
0.131438792,335.227
0.131448117,335.694
0.131457415,334.717
0.131466710,334.641
0.131476011,334.817
0.131485327,335.397
0.131494652,335.674
0.131503952,334.801
0.131513248,334.669
0.131522545,334.685
0.131531845,334.821
0.131541143,334.724
0.131550441,334.731
0.131559739,334.717
0.131569053,335.316
0.131578380,335.765
0.131587704,335.650
0.131597026,335.599
0.131606336,335.142
0.131615631,334.633
0.131624928,334.710
0.131634226,334.730
0.131643550,335.663
0.131652872,335.589
0.131662174,334.854
0.131671498,335.666
0.131680830,335.939
0.131690165,336.089
0.131699461,334.641
0.131708788,335.769
0.131718083,334.632
0.131727407,335.663
0.131736710,334.896
0.131746018,335.079
0.131755315,334.697
0.131764613,334.740
0.131773973,336.971
0.131783319,336.434
0.131792643,335.686
0.131801939,334.657
0.131811254,335.345
0.131820610,336.785
0.131829906,334.684
0.131839207,334.822
0.131848503,334.639
0.131857827,335.676
0.131867152,335.696
0.131876450,334.724
0.131885745,334.634
0.131895052,335.045
0.131904349,334.711
0.131913645,334.648
0.131922972,335.765
0.131932267,334.634
0.131941565,334.715
0.131950890,335.684
0.131960214,335.670
0.131969509,334.635
0.131978811,334.854
0.131988134,335.643
0.131997459,335.696
0.132006757,334.718
0.132016052,334.637
0.132025353,334.817
0.132034711,336.887
0.132044008,334.716
0.132053308,334.788
0.132062630,335.591
0.132071927,334.707
0.132081237,335.165
0.132090562,335.690
0.132099858,334.643
0.132109187,335.860
0.132118502,335.330
0.132127810,335.084
0.132137110,334.792
0.132146407,334.706
0.132155743,336.084
0.132165038,334.635
0.132174336,334.721
0.132183661,335.689
0.132192985,335.678
0.132202307,335.588
0.132211612,334.996
0.132220909,334.697
0.132230228,335.472
0.132239529,334.819
0.132248824,334.634
0.132258122,334.710
0.132267420,334.739
0.132276718,334.723
0.132286040,335.591
0.132295340,334.809
0.132304637,334.699
0.132313944,335.056
0.132323268,335.649
0.132332590,335.592
0.132341911,335.557
0.132351232,335.572
0.132360545,335.274
0.132369847,334.840
0.132379169,335.605
0.132388501,335.963
0.132397801,334.780
0.132407152,336.657
0.132416500,336.517
0.132425801,334.848
0.132435142,336.249
0.132444442,334.828
0.132453751,335.095
0.132463066,335.372
0.132472393,335.769
0.132481689,334.661
0.132490987,334.719
0.132500312,335.677
0.132509609,334.720
0.132518905,334.630
0.132528205,334.814
0.132537502,334.696
0.132546798,334.646
0.132556098,334.803
0.132565420,335.590
0.132574718,334.716
0.132584042,335.689
0.132593366,335.671
0.132602692,335.737
0.132611989,334.670
0.132621286,334.711
0.132630621,336.034
0.132639933,335.260
0.132649251,335.417
0.132658551,334.823
0.132667860,335.124
0.132677184,335.673
0.132686511,335.758
0.132695869,336.903
0.132705193,335.650
0.132714518,335.703
0.132723842,335.670
0.132733176,335.998
0.132742484,335.086
0.132751805,335.584
0.132761106,334.821
0.132770403,334.705
0.132779747,336.366
0.132789074,335.775
0.132798396,335.594
0.132807694,334.742
0.132816993,334.759
0.132826317,335.672
0.132835614,334.666
0.132844941,335.787
0.132854239,334.708
0.132863535,334.652
0.132872844,335.131
0.132882141,334.707
0.132891442,334.837
0.132900814,337.384
0.132910134,335.505
0.132919466,335.956
0.132928776,335.165
0.132938096,335.534
0.132947421,335.709
0.132956719,334.710
0.132966014,334.632
0.132975315,334.814
0.132984610,334.633
0.132993934,335.669
0.133003234,334.789
0.133012547,335.276
0.133021856,335.133
0.133031152,334.634
0.133040450,334.721
0.133049774,335.681
0.133059071,334.707
0.133068414,336.329
0.133077714,334.815
0.133087034,335.519
0.133096330,334.641
0.133105656,335.758
0.133114967,335.167
0.133124293,335.755
0.133133618,335.686
0.133142932,335.323
0.133152228,334.634
0.133161554,335.761
0.133170878,335.650
0.133180203,335.700
0.133189512,335.119
0.133198834,335.596
0.133208138,334.935
0.133217496,336.884
0.133226794,334.722
0.133236098,334.950
0.133245420,335.597
0.133254717,334.704
0.133264015,334.736
0.133273333,335.432
0.133282628,334.637
0.133291929,334.817
0.133301251,335.583
0.133310548,334.717
0.133319845,334.691
0.133329184,336.210
0.133338511,335.759
0.133347833,335.589
0.133357146,335.263
0.133366472,335.755
0.133375771,334.731
0.133385115,336.401
0.133394415,334.813
0.133403713,334.706
0.133413020,335.062
0.133422321,334.830
0.133431617,334.645
0.133440940,335.646
0.133450265,335.684
0.133459583,335.444
0.133468883,334.825
0.133478206,335.628
0.133487504,334.722
0.133496830,335.721
0.133506127,334.718
0.133515423,334.640
0.133524750,335.762
0.133534045,334.636
0.133543382,336.138
0.133552682,334.795
0.133561993,335.182
0.133571316,335.650
0.133580641,335.693
0.133589984,336.351
0.133599280,334.637
0.133608580,334.811
0.133617895,335.327
0.133627222,335.769
0.133636570,336.544
0.133645866,334.645
0.133655166,334.797
0.133664461,334.634
0.133673758,334.707
0.133683083,335.685
0.133692422,336.193
0.133701741,335.498
0.133711041,334.805
0.133720338,334.696
0.133729660,335.563
0.133738960,334.824
0.133748283,335.613
0.133757584,334.847
0.133766932,336.542
0.133776266,336.017
0.133785573,335.027
0.133794907,336.042
0.133804231,335.647
0.133813529,334.737
0.133822826,334.714
0.133832122,334.634
0.133841449,335.769
0.133850760,335.192
0.133860066,335.018
0.133869393,335.792
0.133878689,334.650
0.133888043,336.738
0.133897365,335.597
0.133906689,335.667
0.133916014,335.709
0.133925337,335.601
0.133934680,336.367
0.133943981,334.845
0.133953306,335.678
0.133962614,335.094
0.133971917,334.918
0.133981213,334.633
0.133990510,334.717
0.133999835,335.688
0.134009179,336.381
0.134018518,336.221
0.134027814,334.659
0.134037131,335.385
0.134046456,335.722
0.134055781,335.686
0.134065103,335.595
0.134074403,334.815
0.134083725,335.589
0.134093063,336.148
0.134102365,334.894
0.134111697,335.946
0.134120995,334.705
0.134130293,334.755
0.134139591,334.715
0.134148913,335.593
0.134158213,334.814
0.134167554,336.249
0.134176854,334.814
0.134186151,334.691
0.134195473,335.595
0.134204800,335.759
0.134214108,335.081
0.134223405,334.715
0.134232703,334.728
0.134242001,334.711
0.134251296,334.633
0.134260596,334.804
0.134269920,335.647
0.134279215,334.644
0.134288516,334.813
0.134297837,335.577
0.134307162,335.702
0.134316513,336.635
0.134325837,335.663
0.134335163,335.742
0.134344472,335.117
0.134353796,335.667
0.134363095,334.748
0.134372419,335.673
0.134381737,335.441
0.134391064,335.769
0.134400401,336.134
0.134409725,335.670
0.134419025,334.792
0.134428321,334.648
0.134437644,335.649
0.134446969,335.692
0.134456267,334.717
0.134465565,334.732
0.134474889,335.666
0.134484184,334.629
0.134493511,335.768
0.134502808,334.702
0.134512104,334.640
0.134521404,334.810
0.134530726,335.590
0.134540024,334.711
0.134549348,335.687
0.134558666,335.456
0.134568031,337.121
0.134577333,334.863
0.134586640,335.054
0.134595941,334.830
0.134605266,335.708
0.134614581,335.333
0.134623881,334.828
0.134633177,334.636
0.134642475,334.720
0.134651827,336.699
0.134661136,335.115
0.134670433,334.701
0.134679758,335.692
0.134689056,334.711
0.134698375,335.488
0.134707678,334.914
0.134716993,335.349
0.134726316,335.631
0.134735616,334.798
0.134744965,336.556
0.134754265,334.804
0.134763570,334.994
0.134772868,334.715
0.134782193,335.684
0.134791514,335.580
0.134800824,335.163
0.134810124,334.805
0.134819462,336.136
0.134828784,335.595
0.134838092,335.115
0.134847404,335.207
0.134856712,335.102
0.134866037,335.706
0.134875335,334.725
0.134884688,336.703
0.134894010,335.607
0.134903351,336.245
0.134912682,335.947
0.134921980,334.718
0.134931302,335.586
0.134940629,335.771
0.134949938,335.119
0.134959262,335.672
0.134968562,334.799
0.134977858,334.642
0.134987155,334.699
0.134996453,334.745
0.135005751,334.710
0.135015073,335.588
0.135024373,334.816
0.135033687,335.282
0.135042987,334.816
0.135052311,335.649
0.135061626,335.346
0.135070926,334.802
0.135080249,335.648
0.135089596,336.466
0.135098899,334.912
0.135108210,335.211
0.135117506,334.635
0.135126850,336.391
0.135136148,334.726
0.135145496,336.528
0.135154823,335.785
0.135164119,334.670
0.135173420,334.822
0.135182715,334.632
0.135192032,335.392
0.135201339,335.071
0.135210635,334.646
0.135219932,334.693
0.135229257,335.693
0.135238555,334.716
0.135247886,335.933
0.135257186,334.812
0.135266482,334.627
0.135275818,336.115
0.135285118,334.789
0.135294414,334.646
0.135303748,336.038
0.135313055,335.063
0.135322382,335.756
0.135331739,336.841
0.135341037,334.738
0.135350359,335.611
0.135359687,335.778
0.135369000,335.287
0.135378297,334.675
0.135387598,334.839
0.135396920,335.594
0.135406281,336.992
0.135415630,336.575
0.135424928,334.737
0.135434229,334.830
0.135443525,334.642
0.135452822,334.704
0.135462120,334.738
0.135471458,336.160
0.135480780,335.584
0.135490080,334.813
0.135499376,334.639
0.135508700,335.669
0.135518000,334.804
0.135527332,335.938
0.135536629,334.703
0.135545980,336.650
0.135555278,334.718
0.135564579,334.822
0.135573877,334.750
0.135583199,335.589
0.135592506,335.042
0.135601803,334.700
0.135611113,335.147
0.135620439,335.761
0.135629749,335.131
0.135639048,334.763
0.135648347,334.763
0.135657644,334.721
0.135666940,334.660
0.135676263,335.607
0.135685588,335.706
0.135694923,336.051
0.135704248,335.716
0.135713544,334.648
0.135722874,335.875
0.135732169,334.636
0.135741494,335.672
0.135750794,334.801
0.135760116,335.597
0.135769413,334.693
0.135778737,335.691
0.135788050,335.239
0.135797369,335.495
0.135806670,334.821
0.135815994,335.665
0.135825292,334.738
0.135834592,334.799
0.135843888,334.653
0.135853197,335.149
0.135862493,334.640
0.135871791,334.713
0.135881089,334.731
0.135890449,336.977
0.135899745,334.633
0.135909045,334.814
0.135918382,336.122
0.135927704,335.598
0.135937031,335.761
0.135946352,335.588
0.135955650,334.722
0.135964959,335.122
0.135974258,334.757
0.135983553,334.636
0.135992855,334.845
0.136002178,335.649
0.136011503,335.691
0.136020801,334.723
0.136030096,334.636
0.136039404,335.070
0.136048699,334.625
0.136058025,335.755
0.136067326,334.813
0.136076622,334.654
0.136085919,334.703
0.136095244,335.690
0.136104556,335.241
0.136113887,335.929
0.136123241,336.718
0.136132580,336.206
0.136141877,334.720
0.136151201,335.640
0.136160497,334.648
0.136169823,335.760
0.136179118,334.628
0.136188416,334.718
0.136197714,334.735
0.136207035,335.557
0.136216331,334.629
0.136225657,335.763
0.136234974,335.383
0.136244296,335.611
0.136253650,336.742
0.136262962,335.230
0.136272261,334.749
0.136281559,334.739
0.136290883,335.664
0.136300212,335.841
0.136309533,335.579
0.136318847,335.279
0.136328178,335.934
0.136337488,335.163
0.136346784,334.635
0.136356084,334.817
0.136365393,335.123
0.136374704,335.183
0.136384030,335.744
0.136393326,334.647
0.136402650,335.655
0.136411948,334.740
0.136421246,334.716
0.136430541,334.642
0.136439868,335.768
0.136449163,334.633
0.136458490,335.766
0.136467788,334.703
0.136477083,334.647
0.136486410,335.760
0.136495756,336.441
0.136505053,334.708
0.136514383,335.869
0.136523729,336.485
0.136533061,335.937
0.136542364,334.910
0.136551688,335.670
0.136561020,335.940
0.136570320,334.814
0.136579616,334.639
0.136588916,334.821
0.136598212,334.635
0.136607510,334.717
0.136616810,334.800
0.136626105,334.650
0.136635403,334.696
0.136644704,334.856
0.136654028,335.668
0.136663346,335.434
0.136672646,334.818
0.136681956,335.139
0.136691277,335.561
0.136700577,334.798
0.136709873,334.645
0.136719170,334.695
0.136728469,334.794
0.136737784,335.325
0.136747135,336.636
0.136756459,335.665
0.136765781,335.589
0.136775081,334.805
0.136784432,336.625
0.136793735,334.904
0.136803037,334.877
0.136812341,334.955
0.136821666,335.696
0.136830991,335.715
0.136840289,334.726
0.136849590,334.831
0.136858887,334.674
0.136868184,334.700
0.136877517,335.983
0.136886827,335.154
0.136896122,334.642
0.136905449,335.776
0.136914745,334.636
0.136924043,334.720
0.136933343,334.795
0.136942665,335.594
0.136951962,334.701
0.136961287,335.695
0.136970584,334.720
0.136979907,335.595
0.136989207,334.824
0.136998503,334.638
0.137007839,336.089
0.137017136,334.698
0.137026431,334.646
0.137035735,334.915
0.137045057,335.597
0.137054355,334.724
0.137063706,336.642
0.137073013,335.044
0.137082311,334.727
0.137091638,335.775
0.137100935,334.699
0.137110255,335.518
0.137119582,335.764
0.137128877,334.638
0.137138185,335.079
0.137147483,334.730
0.137156781,334.716
0.137166081,334.810
0.137175377,334.647
0.137184673,334.690
0.137193979,335.007
0.137203277,334.715
0.137212572,334.638
0.137221873,334.819
0.137231195,335.584
0.137240492,334.706
0.137249823,335.912
0.137259133,335.150
0.137268456,335.642
0.137277756,334.808
0.137287054,334.734
0.137296402,336.511
0.137305702,334.812
0.137314998,334.637
0.137324324,335.756
0.137333648,335.645
0.137342962,335.298
0.137352266,334.938
0.137361561,334.620
0.137370886,335.715
0.137380190,334.946
0.137389551,336.981
0.137398873,335.589
0.137408173,334.814
0.137417470,334.700
0.137426766,334.653
0.137436066,334.811
0.137445381,335.326
0.137454679,334.719
0.137463977,334.735
0.137473275,334.725
0.137482575,334.792
0.137491897,335.595
0.137501194,334.692
0.137510492,334.741
0.137519804,335.240
0.137529100,334.649
0.137538401,334.818
0.137547696,334.635
0.137557007,335.206
0.137566307,334.797
0.137575617,335.158
0.137584914,334.699
0.137594239,335.695
0.137603537,334.709
0.137612868,335.933
0.137622169,334.820
0.137631499,335.890
0.137640827,335.798
0.137650124,334.707
0.137659456,335.947
0.137668766,335.147
0.137678085,335.504
0.137687431,336.437
0.137696760,335.846
0.137706057,334.713
0.137715376,335.468
0.137724676,334.814
0.137733974,334.700
0.137743296,335.595
0.137752596,334.811
0.137761891,334.638
0.137771192,334.807
0.137780543,336.649
0.137789860,335.396
0.137799159,334.796
0.137808466,335.037
0.137817763,334.703
0.137827088,335.691
0.137836412,335.667
0.137845734,335.588
0.137855034,334.814
0.137864371,336.103
0.137873668,334.712
0.137883021,336.690
0.137892343,335.592
0.137901660,335.434
0.137910986,335.712
0.137920301,335.349
0.137929652,336.655
0.137938951,334.752
0.137948273,335.593
0.137957580,335.037
0.137966877,334.696
0.137976172,334.643
0.137985473,334.820
0.137994768,334.633
0.138004066,334.716
0.138013366,334.804
0.138022700,336.034
0.138032007,335.033
0.138041307,334.815
0.138050604,334.702
0.138059926,335.579
0.138069227,334.823
0.138078540,335.287
0.138087841,334.815
0.138097146,335.001
0.138106490,336.382
0.138115817,335.757
0.138125136,335.491
0.138134433,334.698
0.138143763,335.870
0.138153096,336.006
0.138162416,335.491
0.138171745,335.856
0.138181057,335.228
0.138190354,334.709
0.138199681,335.772
0.138209002,335.546
0.138218316,335.292
0.138227639,335.631
0.138236937,334.744
0.138246262,335.695
0.138255564,334.863
0.138264860,334.649
0.138274161,334.844
0.138283459,334.727
0.138292755,334.670
0.138302109,336.717
0.138311405,334.667
0.138320729,335.668
0.138330034,334.992
0.138339332,334.713
0.138348627,334.635
0.138357955,335.790
0.138367252,334.699
0.138376550,334.744
0.138385848,334.719
0.138395144,334.638
0.138404470,335.763
0.138413790,335.505
0.138423088,334.718
0.138432414,335.742
0.138441723,335.125
0.138451039,335.382
0.138460372,335.976
0.138469696,335.689
0.138479020,335.660
0.138488348,335.796
0.138497646,334.722
0.138506973,335.795
0.138516271,334.710
0.138525567,334.650
0.138534869,334.870
0.138544164,334.641
0.138553488,335.669
0.138562813,335.684
0.138572111,334.713
0.138581406,334.638
0.138590706,334.811
0.138600003,334.695
0.138609312,335.103
0.138618645,335.986
0.138627961,335.368
0.138637258,334.713
0.138646584,335.732
0.138655901,335.417
0.138665197,334.640
0.138674529,335.943
0.138683827,334.731
0.138693125,334.755
0.138702423,334.721
0.138711740,335.390
0.138721073,335.991
0.138730381,335.100
0.138739686,334.970
0.138749016,335.890
0.138758312,334.661
0.138767662,336.603
0.138776961,334.745
0.138786285,335.672
0.138795580,334.636
0.138804882,334.843
0.138814177,334.634
0.138823477,334.813
0.138832774,334.698
0.138842116,336.285
0.138851443,335.766
0.138860738,334.633
0.138870035,334.708
0.138879360,335.681
0.138888684,335.669
0.138898006,335.589
0.138907333,335.765
0.138916630,334.700
0.138925937,335.058
0.138935237,334.806
0.138944559,335.589
0.138953857,334.711
0.138963181,335.677
0.138972505,335.669
0.138981805,334.807
0.138991129,335.654
0.139000427,334.720
0.139009746,335.485
0.139019044,334.750
0.139028340,334.629
0.139037668,335.813
0.139046964,334.669
0.139056262,334.730
0.139065562,334.792
0.139074858,334.647
0.139084155,334.695
0.139093480,335.693
0.139102777,334.711
0.139112099,335.595
0.139121427,335.788
0.139130722,334.634
0.139140023,334.815
0.139149320,334.704
0.139158632,335.235
0.139167939,335.064
0.139177259,335.506
0.139186571,335.245
0.139195873,334.867
0.139205197,335.665
0.139214493,334.635
0.139223793,334.813
0.139233119,335.748
0.139242442,335.603
0.139251772,335.887
0.139261068,334.646
0.139270375,335.073
0.139279674,334.744
0.139288972,334.730
0.139298299,335.772
0.139307595,334.653
0.139316918,335.649
0.139326216,334.738
0.139335514,334.719
0.139344810,334.636
0.139354110,334.815
0.139363405,334.637
0.139372730,335.669
0.139382056,335.751
0.139391378,335.598
0.139400702,335.654
0.139410027,335.693
0.139419325,334.721
0.139428685,336.984
0.139438036,336.623
0.139447367,335.927
0.139456696,335.855
0.139466018,335.561
0.139475342,335.664
0.139484669,335.797
0.139493965,334.634
0.139503289,335.671
0.139512587,334.733
0.139521900,335.275
0.139531231,335.928
0.139540558,335.762
0.139549855,334.695
0.139559151,334.640
0.139568477,335.759
0.139577819,336.291
0.139587128,335.122
0.139596448,335.518
0.139605793,336.417
0.139615098,334.996
0.139624394,334.650
0.139633719,335.684
0.139643044,335.726
0.139652342,334.718
0.139661638,334.665
0.139670942,334.921
0.139680237,334.637
0.139689536,334.754
0.139698844,335.109
0.139708150,334.987
0.139717445,334.647
0.139726743,334.726
0.139736043,334.794
0.139745364,335.552
0.139754674,335.176
0.139763975,334.828
0.139773300,335.683
0.139782595,334.638
0.139791896,334.819
0.139801192,334.671
0.139810490,334.722
0.139819790,334.792
0.139829085,334.643
0.139838383,334.697
0.139847683,334.825
0.139856981,334.717
0.139866303,335.587
0.139875630,335.772
0.139884952,335.585
0.139894313,337.015
0.139903610,334.699
0.139912906,334.647
0.139922233,335.762
0.139931528,334.636
0.139940826,334.713
0.139950158,335.969
0.139959457,334.747
0.139968752,334.632
0.139978056,334.932
0.139987368,335.254
0.139996675,335.035
0.140005983,335.085
0.140015305,335.583
0.140024661,336.828
0.140033967,335.004
0.140043334,337.231
0.140052636,334.860
0.140061957,335.546
0.140071281,335.663
0.140080579,334.744
0.140089877,334.714
0.140099199,335.588
0.140108499,334.816
0.140117809,335.178
0.140127132,335.595
0.140136434,334.871
0.140145746,335.244
0.140155043,334.701
0.140164341,334.740
0.140173639,334.714
0.140182937,334.735
0.140192261,335.656
0.140201576,335.337
0.140210906,335.882
0.140220230,335.662
0.140229540,335.169
0.140238840,334.805
0.140248176,336.095
0.140257474,334.712
0.140266772,334.736
0.140276070,334.710
0.140285365,334.637
0.140294692,335.766
0.140303989,334.714
0.140313297,335.057
0.140322625,335.806
0.140331938,335.300
0.140341265,335.767
0.140350586,335.536
0.140359883,334.715
0.140369210,335.752
0.140378545,336.053
0.140387868,335.644
0.140397219,336.645
0.140406517,334.710
0.140415839,335.587
0.140425139,334.814
0.140434470,335.926
0.140443794,335.669
0.140453121,335.759
0.140462443,335.594
0.140471773,335.861
0.140481068,334.642
0.140490429,336.978
0.140499727,334.728
0.140509051,335.665
0.140518373,335.591
0.140527673,334.817
0.140536971,334.707
0.140546293,335.597
0.140555620,335.787
0.140564942,335.603
0.140574267,335.668
0.140583595,335.827
0.140592894,334.750
0.140602195,334.837
0.140611517,335.609
0.140620842,335.687
0.140630143,334.836
0.140639467,335.666
0.140648777,335.149
0.140658077,334.816
0.140667372,334.628
0.140676696,335.664
0.140686000,334.921
0.140695311,335.196
0.140704619,335.104
0.140713944,335.690
0.140723281,336.127
0.140732579,334.743
0.140741904,335.681
0.140751199,334.635
0.140760528,335.830
0.140769825,334.695
0.140779141,335.384
0.140788445,334.937
0.140797753,335.102
0.140807051,334.711
0.140816353,334.889
0.140825651,334.715
0.140834958,335.082
0.140844312,336.717
0.140853629,335.413
0.140862951,335.607
0.140872264,335.259
0.140881586,335.594
0.140890886,334.816
0.140900182,334.638
0.140909499,335.408
0.140918799,334.794
0.140928105,335.045
0.140937403,334.694
0.140946727,335.690
0.140956074,336.495
0.140965372,334.721
0.140974673,334.841
0.140983995,335.595
0.140993293,334.724
0.141002629,336.077
0.141011925,334.654
0.141021222,334.701
0.141030547,335.695
0.141039871,335.666
0.141049169,334.727
0.141058466,334.710
0.141067762,334.633
0.141077062,334.815
0.141086359,334.701
0.141095655,334.639
0.141104955,334.804
0.141114251,334.638
0.141123574,335.662
0.141132897,335.605
0.141142211,335.295
0.141151506,334.637
0.141160842,336.101
0.141170183,336.278
0.141179505,335.602
0.141188814,335.123
0.141198110,334.634
0.141207451,336.292
0.141216748,334.677
0.141226047,334.767
0.141235354,335.060
0.141244674,335.522
0.141253972,334.710
0.141263297,335.722
0.141272622,335.694
0.141281918,334.642
0.141291222,334.957
0.141300539,335.387
0.141309836,334.719
0.141319189,336.689
0.141328502,335.269
0.141337829,335.770
0.141347124,334.633
0.141356422,334.711
0.141365746,335.681
0.141375070,335.665
0.141384413,336.345
0.141393740,335.769
0.141403064,335.679
0.141412387,335.615
0.141421699,335.232
0.141431022,335.642
0.141440347,335.678
0.141449646,334.767
0.141458948,334.860
0.141468274,335.766
0.141477596,335.593
0.141486920,335.647
0.141496278,336.906
0.141505576,334.720
0.141514925,336.539
0.141524225,334.813
0.141533547,335.587
0.141542871,335.659
0.141552223,336.693
0.141561561,336.169
0.141570858,334.693
0.141580184,335.734
0.141589544,336.961
0.141598895,336.638
0.141608193,334.716
0.141617508,335.354
0.141626835,335.759
0.141636132,334.694
0.141645454,335.604
0.141654759,334.973
0.141664081,335.599
0.141673379,334.717
0.141682704,335.680
0.141692028,335.665
0.141701351,335.629
0.141710679,335.827
0.141719977,334.725
0.141729304,335.754
0.141738601,334.722
0.141747916,335.330
0.141757224,335.072
0.141766519,334.630
0.141775817,334.724
0.141785117,334.799
0.141794439,335.595
0.141803736,334.698
0.141813039,334.919
0.141822358,335.480
0.141831666,335.069
0.141840966,334.805
0.141850281,335.358
0.141859642,336.974
0.141868968,335.748
0.141878326,336.902
0.141887627,334.810
0.141896922,334.636
0.141906220,334.716
0.141915518,334.724
0.141924815,334.718
0.141934111,334.635
0.141943414,334.923
0.141952734,335.524
0.141962030,334.652
0.141971363,335.975
0.141980668,334.996
0.141989991,335.613
0.141999318,335.758
0.142008615,334.721
0.142017937,335.580
0.142027237,334.812
0.142036534,334.694
0.142045859,335.684
0.142055182,335.620
0.142064477,334.631
0.142073777,334.810
0.142083073,334.629
0.142092370,334.725
0.142101670,334.791
0.142110992,335.597
0.142120339,336.479
0.142129664,335.687
0.142138961,334.714
0.142148283,335.584
0.142157610,335.759
0.142166905,334.632
0.142176203,334.719
0.142185529,335.741
0.142194826,334.712
0.142204154,335.775
0.142213476,335.593
0.142222773,334.718
0.142232071,334.734
0.142241391,335.485
0.142250710,335.513
0.142260016,335.000
0.142269314,334.747
0.142278610,334.650
0.142287912,334.857
0.142297223,335.197
0.142306545,335.614
0.142315870,335.681
0.142325168,334.724
0.142334503,336.085
0.142343835,335.940
0.142353132,334.700
0.142362457,335.691
0.142371755,334.711
0.142381076,335.584
0.142390403,335.766
0.142399699,334.649
0.142409046,336.495
0.142418372,335.748
0.142427689,335.389
0.142437015,335.757
0.142446342,335.753
0.142455666,335.670
0.142464964,334.733
0.142474262,334.718
0.142483576,335.316
0.142492903,335.763
0.142502200,334.703
0.142511516,335.373
0.142520843,335.772
0.142530165,335.581
0.142539530,337.147
0.142548858,335.817
0.142558198,336.231
0.142567493,334.632
0.142576820,335.760
0.142586117,334.694
0.142595413,334.651
0.142604722,335.142
0.142614036,335.304
0.142623337,334.817
0.142632632,334.634
0.142641930,334.719
0.142651256,335.747
0.142660576,335.503
0.142669873,334.698
0.142679178,334.989
0.142688504,335.710
0.142697829,335.699
0.142707127,334.740
0.142716423,334.654
0.142725724,334.825
0.142735048,335.679
0.142744365,335.431
0.142753692,335.767
0.142763015,335.616
0.142772339,335.667
0.142781664,335.685
0.142790977,335.275
0.142800293,335.399
0.142809622,335.813
0.142818919,334.696
0.142828219,334.794
0.142837517,334.749
0.142846839,335.595
0.142856140,334.817
0.142865446,335.028
0.142874744,334.716
0.142884044,334.797
0.142893339,334.647
0.142902636,334.696
0.142911935,334.750
0.142921236,334.845
0.142930559,335.601
0.142939859,334.826
0.142949155,334.638
0.142958490,336.068
0.142967816,335.739
0.142977112,334.643
0.142986409,334.697
0.142995734,335.693
0.143005031,334.718
0.143014356,335.680
0.143023680,335.657
0.143033022,336.327
0.143042349,335.764
0.143051646,334.701
0.143060955,335.134
0.143070256,334.811
0.143079552,334.652
0.143088858,335.032
0.143098213,336.762
0.143107537,335.677
0.143116832,334.639
0.143126133,334.813
0.143135493,336.952
0.143144791,334.738
0.143154089,334.715
0.143163403,335.336
0.143172733,335.857
0.143182028,334.646
0.143191326,334.722
0.143200626,334.801
0.143209935,335.129
0.143219233,334.695
0.143228584,336.652
0.143237882,334.714
0.143247228,336.470
0.143256529,334.820
0.143265860,335.928
0.143275158,334.719
0.143284457,334.790
0.143293772,335.313
0.143303072,334.816
0.143312394,335.595
0.143321708,335.284
0.143331005,334.723
0.143340303,334.717
0.143349599,334.636
0.143358946,336.498
0.143368244,334.739
0.143377567,335.623
0.143386871,334.946
0.143396168,334.675
0.143405517,336.578
0.143414817,334.804
0.143424142,335.688
0.143433468,335.747
0.143442764,334.647
0.143452061,334.698
0.143461360,334.748
0.143470668,335.113
0.143479964,334.639
0.143489264,334.816
0.143498560,334.635
0.143507857,334.720
0.143517157,334.800
0.143526453,334.641
0.143535750,334.696
0.143545049,334.746
0.143554361,335.244
0.143563681,335.508
0.143572981,334.817
0.143582276,334.635
0.143591574,334.719
0.143600874,334.792
0.143610170,334.645
0.143619470,334.806
0.143628765,334.637
0.143638063,334.726
0.143647362,334.773
0.143656663,334.806
0.143665985,335.597
0.143675318,335.983
0.143684664,336.479
0.143693960,334.644
0.143703265,334.997
0.143712561,334.636
0.143721858,334.712
0.143731157,334.741
0.143740455,334.723
0.143749750,334.626
0.143759058,335.102
0.143768355,334.697
0.143777677,335.596
0.143786978,334.817
0.143796273,334.621
0.143805583,335.150
0.143814878,334.636
0.143824177,334.744
0.143833510,335.989
0.143842805,334.641
0.143852102,334.696
0.143861401,334.740
0.143870698,334.720
0.143879994,334.632
0.143889294,334.822
0.143898618,335.666
0.143907959,336.278
0.143917262,334.880
0.143926558,334.654
0.143935864,335.019
0.143945163,334.771
0.143954505,336.313
0.143963837,335.968
0.143973146,335.109
0.143982441,334.638
0.143991748,335.046
0.144001046,334.699
0.144010355,335.158
0.144019661,334.987
0.144028978,335.429
0.144038276,334.718
0.144047600,335.686
0.144056945,336.406
0.144066241,334.636
0.144075541,334.813
0.144084864,335.645
0.144094169,334.979
0.144103470,334.812
0.144112818,336.538
0.144122179,336.995
0.144131501,335.585
0.144140798,334.712
0.144150132,336.006
0.144159455,335.640
0.144168753,334.706
0.144178078,335.720
0.144187377,334.748
0.144196695,335.462
0.144206020,335.706
0.144215343,335.622
0.144224651,335.096
0.144234011,336.955
0.144243308,334.674
0.144252661,336.720
0.144261992,335.935
0.144271290,334.718
0.144280615,335.684
0.144289912,334.719
0.144299208,334.635
0.144308508,334.814
0.144317805,334.697
0.144327101,334.651
0.144336399,334.707
0.144345694,334.638
0.144354995,334.813
0.144364290,334.634
0.144373614,335.668
0.144382940,335.746
0.144392277,336.122
0.144401575,334.720
0.144410878,334.918
0.144420176,334.738
0.144429472,334.647
0.144438773,334.842
0.144448096,335.611
0.144457419,335.624
0.144466741,335.619
0.144476039,334.706
0.144485349,335.161
0.144494645,334.673
0.144503944,334.737
0.144513268,335.688
0.144522566,334.721
0.144531877,335.201
0.144541178,334.816
0.144550475,334.702
0.144559819,336.381
0.144569119,334.811
0.144578436,335.423
0.144587746,335.157
0.144597045,334.735
0.144606368,335.661
0.144615664,334.628
0.144624991,335.771
0.144634317,335.738
0.144643615,334.749
0.144652913,334.723
0.144662209,334.639
0.144671509,334.807
0.144680815,335.023
0.144690139,335.673
0.144699466,335.748
0.144708788,335.596
0.144718107,335.495
0.144727432,335.694
0.144736751,335.475
0.144746046,334.646
0.144755350,334.940
0.144764689,336.183
0.144773986,334.720
0.144783313,335.758
0.144792609,334.645
0.144801909,334.807
0.144811214,334.990
0.144820512,334.707
0.144829844,335.949
0.144839165,335.583
0.144848502,336.125
0.144857829,335.771
0.144867126,334.701
0.144876424,334.710
0.144885755,335.907
0.144895050,334.642
0.144904373,335.603
0.144913671,334.730
0.144922985,335.324
0.144932280,334.632
0.144941607,335.766
0.144950931,335.652
0.144960237,335.016
0.144969561,335.661
0.144978856,334.631
0.144988156,334.809
0.144997452,334.634
0.145006749,334.712
0.145016065,335.371
0.145025363,334.711
0.145034661,334.719
0.145043995,336.030
0.145053293,334.746
0.145062616,335.613
0.145071916,334.824
0.145081229,335.236
0.145090526,334.724
0.145099826,334.797
0.145109140,335.300
0.145118467,335.764
0.145127764,334.706
0.145137078,335.305
0.145146403,335.691
0.145155728,335.676
0.145165045,335.426
0.145174376,335.927
0.145183673,334.695
0.145192969,334.643
0.145202277,335.071
0.145211573,334.656
0.145220895,335.620
0.145230246,336.639
0.145239571,335.669
0.145248932,337.016
0.145258254,335.595
0.145267551,334.689
0.145276856,334.974
0.145286153,334.710
0.145295449,334.635
0.145304758,335.139
0.145314056,334.724
0.145323354,334.735
0.145332654,334.799
0.145341950,334.643
0.145351247,334.697
0.145360545,334.745
0.145369872,335.754
0.145379194,335.595
0.145388521,335.774
0.145397816,334.629
0.145407117,334.820
0.145416440,335.627
0.145425782,336.304
0.145435082,334.807
0.145444413,335.929
0.145453725,335.230
0.145463023,334.732
0.145472370,336.472
0.145481665,334.637
0.145491019,336.726
0.145500336,335.414
0.145509683,336.505
0.145518993,335.149
0.145528306,335.274
0.145537606,334.815
0.145546902,334.635
0.145556219,335.407
0.145565518,334.789
0.145574831,335.265
0.145584130,334.743
0.145593428,334.738
0.145602727,334.762
0.145612031,334.937
0.145621332,334.850
0.145630629,334.673
0.145639951,335.592
0.145649277,335.752
0.145658573,334.673
0.145667899,335.710
0.145677224,335.704
0.145686522,334.744
0.145695821,334.756
0.145705145,335.660
0.145714440,334.631
0.145723767,335.763
0.145733064,334.698
0.145742360,334.643
0.145751663,334.932
0.145760972,335.094
0.145770296,335.672
0.145779599,334.903
0.145788923,335.663
0.145798245,335.589
0.145807571,335.750
0.145816868,334.700
0.145826164,334.639
0.145835464,334.810
0.145844760,334.638
0.145854090,335.880
0.145863421,335.927
0.145872720,334.757
0.145882046,335.755
0.145891342,334.653
0.145900666,335.643
0.145909964,334.746
0.145919288,335.663
0.145928584,334.637
0.145937916,335.974
0.145947211,334.630
0.145956509,334.723
0.145965838,335.822
0.145975150,335.240
0.145984447,334.692
0.145993799,336.667
0.146003096,334.709
0.146012394,334.727
0.146021692,334.714
0.146030987,334.635
0.146040314,335.765
0.146049647,335.989
0.146059010,337.059
0.146068336,335.760
0.146077632,334.631
0.146086941,335.142
0.146096239,334.731
0.146105539,334.800
0.146114835,334.640
0.146124135,334.816
0.146133454,335.474
0.146142779,335.709
0.146152104,335.696
0.146161463,336.904
0.146170764,334.843
0.146180071,335.058
0.146189369,334.723
0.146198674,334.995
0.146207970,334.641
0.146217280,335.178
0.146226605,335.692
0.146235929,335.661
0.146245225,334.634
0.146254527,334.897
0.146263865,336.171
0.146273189,335.665
0.146282516,335.758
0.146291812,334.642
0.146301121,335.147
0.146310417,334.638
0.146319741,335.671
0.146329065,335.686
0.146338390,335.669
0.146347714,335.663
0.146357019,334.993
0.146366316,334.706
0.146375662,336.443
0.146384969,335.042
0.146394264,334.645
0.146403562,334.716
0.146412861,334.745
0.146422212,336.644
0.146431564,336.697
0.146440887,335.597
0.146450226,336.230
0.146459524,334.732
0.146468848,335.664
0.146478170,335.593
0.146487471,334.814
0.146496802,335.925
0.146506123,335.557
0.146515426,334.908
0.146524722,334.651
0.146534019,334.692
0.146543318,334.753
0.146552615,334.715
0.146561963,336.530
0.146571290,335.772
0.146580586,334.640
0.146589889,334.895
0.146599213,335.693
0.146608536,335.615
0.146617837,334.845
0.146627133,334.642
0.146636430,334.714
0.146645755,335.687
0.146655079,335.662
0.146664387,335.080
0.146673687,334.812
0.146683000,335.255
0.146692324,335.666
0.146701651,335.784
0.146710948,334.683
0.146720276,335.812
0.146729624,336.539
0.146738922,334.724
0.146748222,334.795
0.146757518,334.650
0.146766841,335.640
0.146776166,335.695
0.146785504,336.146
0.146794799,334.636
0.146804100,334.823
0.146813395,334.635
0.146822719,335.670
0.146832022,334.888
0.146841344,335.608
0.146850668,335.658
0.146859966,334.736
0.146869327,336.974
0.146878625,334.731
0.146887922,334.722
0.146897234,335.198
0.146906560,335.763
0.146915857,334.694
0.146925215,336.894
0.146934516,334.802
0.146943833,335.410
0.146953130,334.712
0.146962435,334.963
0.146971739,334.960
0.146981063,335.662
0.146990365,334.880
0.146999663,334.704
0.147008987,335.690
0.147018321,336.021
0.147027617,334.633
0.147036951,336.033
0.147046297,336.459
0.147055595,334.717
0.147064894,334.793
0.147074203,335.118
0.147083507,334.953
0.147092807,334.791
0.147102105,334.730
0.147111404,334.769
0.147120703,334.748
0.147130044,336.271
0.147139345,334.836
0.147148654,335.123
0.147157950,334.648
0.147167251,334.848
0.147176547,334.644
0.147185844,334.713
0.147195169,335.679
0.147204466,334.711
0.147213785,335.471
0.147223112,335.765
0.147232409,334.693
0.147241725,335.404
0.147251027,334.865
0.147260368,336.254
0.147269705,336.141
0.147279028,335.618
0.147288371,336.379
0.147297671,334.795
0.147306991,335.508
0.147316303,335.222
0.147325630,335.774
0.147334969,336.197
0.147344264,334.633
0.147353568,334.937
0.147362863,334.636
0.147372161,334.707
0.147381487,335.745
0.147390783,334.646
0.147400080,334.697
0.147409405,335.694
0.147418746,336.293
0.147428080,336.027
0.147437404,335.657
0.147446727,335.625
0.147456032,334.972
0.147465365,335.998
0.147474688,335.625
0.147483989,334.836
0.147493311,335.587
0.147502609,334.747
0.147511941,335.943
0.147521239,334.728
0.147530572,335.981
0.147539873,334.851
0.147549171,334.704
0.147558469,334.736
0.147567769,334.808
0.147577081,335.223
0.147586408,335.770
0.147595727,335.492
0.147605025,334.719
0.147614324,334.793
0.147623620,334.645
0.147632944,335.647
0.147642242,334.743
0.147651540,334.710
0.147660835,334.640
0.147670189,336.721
0.147679501,335.239
0.147688825,335.670
0.147698125,334.790
0.147707439,335.305
0.147716739,334.807
0.147726034,334.637
0.147735358,335.666
0.147744709,336.629
0.147754046,336.116
0.147763341,334.636
0.147772646,334.981
0.147781957,335.202
0.147791253,334.646
0.147800598,336.425
0.147809896,334.724
0.147819203,335.056
0.147828529,335.709
0.147837827,334.762
0.147847154,335.757
0.147856476,335.597
0.147865790,335.295
0.147875088,334.740
0.147884412,335.664
0.147893708,334.632
0.147903040,335.967
0.147912362,335.587
0.147921659,334.713
0.147930990,335.885
0.147940332,336.344
0.147949640,335.088
0.147958946,335.004
0.147968270,335.663
0.147977592,335.585
0.147986890,334.720
0.147996197,335.062
0.148005502,334.983
0.148014811,335.105
0.148024107,334.681
0.148033437,335.887
0.148042757,335.488
0.148052054,334.719
0.148061382,335.801
0.148070681,334.750
0.148079977,334.672
0.148089292,335.344
0.148098633,336.249
0.148107929,334.678
0.148117256,335.769
0.148126588,335.935
0.148135888,334.813
0.148145193,334.991
0.148154491,334.719
0.148163791,334.792
0.148173111,335.533
0.148182408,334.699
0.148191707,334.742
0.148201031,335.668
0.148210326,334.639
0.148219627,334.815
0.148228949,335.583
0.148238270,335.576
0.148247570,334.798
0.148256882,335.216
0.148266179,334.699
0.148275478,334.787
0.148284794,335.377
0.148294119,335.678
0.148303419,334.802
0.148312784,337.147
0.148322084,334.813
0.148331408,335.649
0.148340704,334.648
0.148350056,336.684
0.148359366,335.155
0.148368664,334.735
0.148377964,334.787
0.148387262,334.750
0.148396558,334.644
0.148405885,335.774
0.148415182,334.697
0.148424504,335.579
0.148433804,334.804
0.148443118,335.285
0.148452444,335.764
0.148461750,335.010
0.148471048,334.714
0.148480348,334.795
0.148489643,334.648
0.148498967,335.647
0.148508265,334.746
0.148517563,334.719
0.148526885,335.589
0.148536185,334.807
0.148545513,335.809
0.148554842,335.828
0.148564140,334.730
0.148573436,334.659
0.148582764,335.794
0.148592086,335.607
0.148601384,334.723
0.148610683,334.755
0.148619981,334.729
0.148629303,335.605
0.148638610,335.051
0.148647908,334.732
0.148657204,334.659
0.148666533,335.840
0.148675829,334.644
0.148685126,334.709
0.148694451,335.683
0.148703749,334.726
0.148713075,335.748
0.148722371,334.650
0.148731668,334.696
0.148740966,334.742
0.148750264,334.721
0.148759586,335.591
0.148768887,334.815
0.148778182,334.637
0.148787483,334.822
0.148796783,334.806
0.148806079,334.652
0.148815376,334.699
0.148824701,335.699
0.148833998,334.714
0.148843346,336.503
0.148852647,334.844
0.148861960,335.270
0.148871287,335.764
0.148880584,334.701
0.148889899,335.344
0.148899226,335.760
0.148908542,335.383
0.148917841,334.768
0.148927148,335.054
0.148936447,334.755
0.148945770,335.620
0.148955076,335.026
0.148964373,334.702
0.148973669,334.644
0.148982996,335.766
0.148992291,334.639
0.149001589,334.712
0.149010909,335.541
0.149020211,334.855
0.149029510,334.758
0.149038808,334.717
0.149048115,335.064
0.149057415,334.817
0.149066711,334.637
0.149076009,334.717
0.149085308,334.794
0.149094631,335.612
0.149103948,335.407
0.149113253,334.993
0.149122595,336.292
0.149131919,335.688
0.149141217,334.725
0.149150513,334.637
0.149159813,334.818
0.149169137,335.653
0.149178433,334.643
0.149187764,335.946
0.149197074,335.161
0.149206372,334.722
0.149215673,334.833
0.149224997,335.668
0.149234293,334.634
0.149243593,334.809
0.149252890,334.703
0.149262218,335.800
0.149271543,335.698
0.149280858,335.336
0.149290185,335.776
0.149299491,335.037
0.149308790,334.758
0.149318123,335.987
0.149327442,335.471
0.149336762,335.535
0.149346062,334.772
0.149355401,336.218
0.149364724,335.624
0.149374029,334.974
0.149383325,334.666
0.149392632,335.055
0.149401933,334.835
0.149411229,334.672
0.149420530,334.815
0.149429825,334.638
0.149439123,334.707
0.149448421,334.722
0.149457718,334.721
0.149467035,335.388
0.149476362,335.764
0.149485659,334.701
0.149494977,335.460
0.149504277,334.808
0.149513626,336.538
0.149522953,335.780
0.149532277,335.687
0.149541576,334.730
0.149550902,335.754
0.149560250,336.541
0.149569548,334.699
0.149578880,335.955
0.149588203,335.659
0.149597499,334.638
0.149606826,335.760
0.149616148,335.589
0.149625445,334.714
0.149634750,334.985
0.149644046,334.655
0.149653365,335.456
0.149662665,334.833
0.149672000,336.061
0.149681296,334.648
0.149690598,334.845
0.149699894,334.664
0.149709195,334.841
0.149718492,334.708
0.149727789,334.672
0.149737091,334.880
0.149746386,334.638
0.149755684,334.716
0.149764982,334.738
0.149774280,334.718
0.149783604,335.655
0.149792931,335.788
0.149802255,335.652
0.149811551,334.645
0.149820851,334.807
0.149830162,335.192
0.149839459,334.704
0.149848784,335.678
0.149858126,336.329
0.149867426,334.788
0.149876757,335.939
0.149886054,334.695
0.149895386,335.950
0.149904684,334.715
0.149914027,336.352
0.149923364,336.122
0.149932696,335.948
0.149942017,335.564
0.149951319,334.858
0.149960615,334.680
0.149969924,335.108
0.149979222,334.743
0.149988537,335.323
0.149997858,335.580
0.150007195,336.129
0.150016494,334.738
0.150025795,334.867
0.150035096,334.815
0.150044429,335.990
0.150053789,336.964
0.150063121,335.934
0.150072419,334.745
0.150081744,335.713
0.150091042,334.718
0.150100338,334.666
0.150109639,334.839
0.150118956,335.408
0.150128252,334.640
0.150137552,334.806
0.150146848,334.646
0.150156175,335.765
0.150165470,334.637
0.150174768,334.716
0.150184094,335.738
0.150193401,335.052
0.150202725,335.655
0.150212054,335.866
0.150221375,335.534
0.150230670,334.634
0.150239997,335.775
0.150249292,334.630
0.150258626,336.015
0.150267926,334.796
0.150277224,334.725
0.150286522,334.719
0.150295846,335.697
0.150305144,334.717
0.150314495,336.635
0.150323793,334.714
0.150333104,335.202
0.150342431,335.765
0.150351740,335.135
0.150361036,334.645
0.150370336,334.812
0.150379658,335.591
0.150388956,334.714
0.150398307,336.638
0.150407624,335.440
0.150416956,335.925
0.150426292,336.110
0.150435607,335.342
0.150444906,334.740
0.150454203,334.710
0.150463498,334.630
0.150472824,335.709
0.150482121,334.720
0.150491420,334.748
0.150500756,336.090
0.150510052,334.661
0.150519352,334.819
0.150528655,334.911
0.150537968,335.244
0.150547275,335.067
0.150556578,334.916
0.150565874,334.637
0.150575198,335.669
0.150584498,334.790
0.150593794,334.650
0.150603091,334.700
0.150612413,335.587
0.150621710,334.715
0.150631043,335.959
0.150640340,334.715
0.150649662,335.585
0.150658994,335.971
0.150668292,334.699
0.150677610,335.445
0.150686910,334.810
0.150696205,334.625
0.150705528,335.612
0.150714859,335.927
0.150724184,335.691
0.150733479,334.639
0.150742781,334.877
0.150752078,334.691
0.150761412,336.017
0.150770740,335.803
0.150780062,335.595
0.150789362,334.811
0.150798658,334.633
0.150807955,334.713
0.150817255,334.792
0.150826577,335.594
0.150835897,335.509
0.150845195,334.739
0.150854514,335.471
0.150863820,335.044
0.150873123,334.891
0.150882435,335.220
0.150891758,335.644
0.150901084,335.741
0.150910416,335.937
0.150919716,334.811
0.150929012,334.639
0.150938329,335.421
0.150947630,334.820
0.150956927,334.714
0.150966259,335.934
0.150975559,334.812
0.150984856,334.690
0.150994152,334.642
0.151003452,334.809
0.151012749,334.703
0.151022071,335.598
0.151031393,335.582
0.151040718,335.714
0.151050040,335.580
0.151059369,335.826
0.151068666,334.723
0.151077965,334.748
0.151087300,336.060
0.151096595,334.634
0.151105896,334.818
0.151115191,334.630
0.151124510,335.485
0.151133836,335.747
0.151143132,334.641
0.151152429,334.704
0.151161754,335.696
0.151171078,335.667
0.151180385,335.032
0.151189687,334.881
0.151199009,335.588
0.151208336,335.767
0.151217633,334.691
0.151226947,335.318
0.151236249,334.861
0.151245571,335.588
0.151254871,334.812
0.151264170,334.747
0.151273480,335.172
0.151282775,334.632
0.151292102,335.768
0.151301399,334.694
0.151310719,335.499
0.151320031,335.233
0.151329343,335.227
0.151338676,336.017
0.151347976,334.770
0.151357273,334.723
0.151366600,335.751
0.151375922,335.595
0.151385219,334.697
0.151394517,334.743
0.151403815,334.711
0.151413126,335.194
0.151422479,336.727
0.151431788,335.096
0.151441112,335.665
0.151450411,334.790
0.151459707,334.647
0.151469004,334.696
0.151478355,336.641
0.151487653,334.715
0.151496949,334.644
0.151506250,334.839
0.151515549,334.767
0.151524874,335.718
0.151534172,334.725
0.151543469,334.668
0.151552770,334.832
0.151562065,334.641
0.151571364,334.745
0.151580664,334.815
0.151589985,335.540
0.151599284,334.764
0.151608585,334.836
0.151617883,334.729
0.151627205,335.619
0.151636532,335.766
0.151645846,335.303
0.151655146,334.808
0.151664443,334.691
0.151673786,336.325
0.151683086,334.809
0.151692381,334.635
0.151701679,334.714
0.151710982,334.905
0.151720302,335.509
0.151729624,335.591
0.151738950,335.764
0.151748250,334.794
0.151757573,335.608
0.151766873,334.809
0.151776187,335.294
0.151785541,336.746
0.151794836,334.641
0.151804161,335.698
0.151813488,335.765
0.151822796,335.073
0.151832093,334.723
0.151841419,335.706
0.151850716,334.720
0.151860048,335.929
0.151869401,336.728
0.151878724,335.607
0.151888073,336.572
0.151897399,335.747
0.151906731,335.929
0.151916031,334.814
0.151925326,334.635
0.151934624,334.717
0.151943929,334.994
0.151953227,334.718
0.151962570,336.330
0.151971897,335.767
0.151981207,335.169
0.151990531,335.657
0.151999831,334.827
0.152009127,334.650
0.152018425,334.718
0.152027730,334.974
0.152037028,334.720
0.152046333,335.003
0.152055660,335.776
0.152064975,335.330
0.152074300,335.692
0.152083624,335.658
0.152092945,335.583
0.152102273,335.806
0.152111595,335.589
0.152120893,334.720
0.152130246,336.691
0.152139559,335.298
0.152148859,334.786
0.152158158,334.746
0.152167483,335.699
0.152176804,335.585
0.152186107,334.888
0.152195402,334.636
0.152204755,336.710
0.152214053,334.702
0.152223391,336.200
0.152232721,335.879
0.152242041,335.500
0.152251339,334.723
0.152260637,334.727
0.152269983,336.472
0.152279328,336.431
0.152288655,335.761
0.152297979,335.647
0.152307301,335.595
0.152316610,335.145
0.152325942,335.931
0.152335251,335.121
0.152344572,335.582
0.152353870,334.709
0.152363169,334.784
0.152372503,336.018
0.152381827,335.642
0.152391151,335.687
0.152400449,334.708
0.152409744,334.634
0.152419045,334.831
0.152428348,334.905
0.152437672,335.675
0.152446999,335.782
0.152456314,335.339
0.152465612,334.695
0.152474936,335.689
0.152484236,334.806
0.152493536,334.779
0.152502834,334.719
0.152512176,336.310
0.152521476,334.813
0.152530773,334.689
0.152540069,334.646
0.152549373,334.948
0.152558668,334.634
0.152567992,335.663
0.152577317,335.685
0.152586641,335.663
0.152595961,335.523
0.152605263,334.873
0.152614560,334.695
0.152623882,335.601
0.152633182,334.808
0.152642478,334.636
0.152651778,334.820
0.152661084,335.003
0.152670408,335.658
0.152679707,334.792
0.152689030,335.596
0.152698347,335.418
0.152707646,334.769
0.152716957,335.191
0.152726256,334.761
0.152735561,334.986
0.152744903,336.333
0.152754201,334.722
0.152763508,335.057
0.152772821,335.252
0.152782118,334.695
0.152791443,335.694
0.152800740,334.708
0.152810038,334.729
0.152819362,335.670
0.152828658,334.637
0.152837965,335.046
0.152847262,334.697
0.152856572,335.168
0.152865903,335.919
0.152875225,335.587
0.152884523,334.713
0.152893830,335.061
0.152903127,334.711
0.152912449,335.580
0.152921778,335.827
0.152931120,336.331
0.152940454,336.025
0.152949778,335.650
0.152959073,334.634
0.152968383,335.139
0.152977679,334.687
0.152986998,335.474
0.152996299,334.826
0.153005618,335.497
0.153014956,336.141
0.153024255,334.767
0.153033575,335.543
0.153042907,335.930
0.153052234,335.797
0.153061557,335.612
0.153070855,334.721
0.153080154,334.793
0.153089477,335.598
0.153098803,335.761
0.153108099,334.632
0.153117423,335.669
0.153126747,335.677
0.153136045,334.713
0.153145340,334.632
0.153154693,336.708
0.153163990,334.696
0.153173309,335.491
0.153182610,334.808
0.153191905,334.632
0.153201228,335.616
0.153210528,334.818
0.153219827,334.757
0.153229136,335.125
0.153238468,335.941
0.153247765,334.699
0.153257110,336.432
0.153266409,334.744
0.153275739,335.904
0.153285067,335.802
0.153294416,336.568
0.153303714,334.727
0.153313067,336.696
0.153322383,335.373
0.153331680,334.695
0.153341031,336.639
0.153350329,334.711
0.153359653,335.681
0.153368977,335.663
0.153378292,335.332
0.153387619,335.770
0.153396927,335.114
0.153406259,335.940
0.153415563,334.957
0.153424859,334.636
0.153434157,334.715
0.153443455,334.732
0.153452815,336.971
0.153462139,335.668
0.153471440,334.839
0.153480773,335.993
0.153490069,334.647
0.153499370,334.841
0.153508666,334.641
0.153517966,334.817
0.153527261,334.629
0.153536559,334.729
0.153545897,336.158
0.153555220,335.615
0.153564539,335.476
0.153573863,335.689
0.153583161,334.720
0.153592480,335.469
0.153601783,334.933
0.153611105,335.580
0.153620429,335.668
0.153629756,335.752
0.153639078,335.595
0.153648404,335.763
0.153657700,334.644
0.153666998,334.715
0.153676296,334.732
0.153685629,336.008
0.153694925,334.633
0.153704228,334.902
0.153713525,334.707
0.153722843,335.445
0.153732148,334.986
0.153741444,334.640
0.153750768,335.668
0.153760092,335.679
0.153769436,336.376
0.153778741,334.991
0.153788042,334.839
0.153797358,335.350
0.153806674,335.380
0.153815973,334.760
0.153825287,335.334
0.153834589,334.851
0.153843885,334.658
0.153853210,335.686
0.153862536,335.749
0.153871845,335.124
0.153881165,335.513
0.153890489,335.692
0.153899808,335.459
0.153909128,335.525
0.153918436,335.086
0.153927731,334.631
0.153937039,335.070
0.153946341,334.886
0.153955637,334.650
0.153964946,335.119
0.153974241,334.635
0.153983559,335.426
0.153992883,335.683
0.154002193,335.150
0.154011488,334.631
0.154020815,335.765
0.154030112,334.696
0.154039408,334.647
0.154048740,335.970
0.154058036,334.638
0.154067333,334.717
0.154076658,335.684
0.154085956,334.724
0.154095261,334.985
0.154104563,334.859
0.154113886,335.649
0.154123238,336.651
0.154132562,335.667
0.154141884,335.597
0.154151211,335.774
0.154160519,335.086
0.154169843,335.669
0.154179174,335.895
0.154188471,334.717
0.154197795,335.675
0.154207094,334.749
0.154216411,335.421
0.154225733,335.567
0.154235033,334.822
0.154244328,334.629
0.154253629,334.812
0.154262926,334.696
0.154272222,334.646
0.154281522,334.809
0.154290817,334.631
0.154300115,334.705
0.154309419,334.952
0.154318740,335.559
0.154328035,334.637
0.154337336,334.810
0.154346633,334.698
0.154355952,335.484
0.154365279,335.775
0.154374602,335.617
0.154383934,335.951
0.154393260,335.758
0.154402585,335.689
0.154411912,335.782
0.154421209,334.680
0.154430552,336.359
0.154439880,335.799
0.154449191,335.210
0.154458487,334.644
0.154467787,334.822
0.154477123,336.086
0.154486447,335.669
0.154495747,334.795
0.154505043,334.648
0.154514367,335.650
0.154523665,334.739
0.154532989,335.667
0.154542314,335.694
0.154551612,334.722
0.154560943,335.929
0.154570277,336.032
0.154579574,334.697
0.154588870,334.645
0.154598170,334.812
0.154607466,334.639
0.154616790,335.671
0.154626093,334.896
0.154635412,335.499
0.154644708,334.642
0.154654046,336.177
0.154663344,334.725
0.154672666,335.598
0.154681969,334.913
0.154691309,336.234
0.154700636,335.769
0.154709932,334.635
0.154719256,335.668
0.154728556,334.802
0.154737852,334.655
0.154747149,334.701
0.154756447,334.744
0.154765772,335.677
0.154775116,336.408
0.154784443,335.770
0.154793739,334.640
0.154803037,334.715
0.154812338,334.836
0.154821660,335.618
0.154830984,335.640
0.154840336,336.684
0.154849634,334.740
0.154858959,335.686
0.154868257,334.740
0.154877553,334.633
0.154886879,335.763
0.154896177,334.715
0.154905473,334.652
0.154914816,336.344
0.154924114,334.747
0.154933436,335.586
0.154942741,334.987
0.154952039,334.725
0.154961335,334.663
0.154970636,334.825
0.154979933,334.699
0.154989255,335.594
0.154998582,335.758
0.155007921,336.205
0.155017250,335.836
0.155026583,336.002
0.155035907,335.661
0.155045233,335.742
0.155054542,335.124
0.155063866,335.652
0.155073168,334.866
0.155082486,335.461
0.155091782,334.639
0.155101108,335.760
0.155110403,334.625
0.155119701,334.709
0.155129027,335.737
0.155138323,334.649
0.155147623,334.809
0.155156955,335.956
0.155166256,334.817
0.155175554,334.739
0.155184878,335.672
0.155194222,336.366
0.155203556,336.052
0.155212856,334.779
0.155222202,336.475
0.155231503,334.816
0.155240818,335.346
0.155250153,336.046
0.155259451,334.760
0.155268749,334.709
0.155278049,334.795
0.155287371,335.599
0.155296721,336.598
0.155306053,335.937
0.155315374,335.575
0.155324669,334.634
0.155333970,334.814
0.155343301,335.923
0.155352625,335.670
0.155361925,334.796
0.155371236,335.194
0.155380558,335.585
0.155389856,334.740
0.155399154,334.712
0.155408502,336.534
0.155417802,334.799
0.155427098,334.645
0.155436406,335.105
0.155445703,334.691
0.155454999,334.645
0.155464332,335.995
0.155473647,335.359
0.155483000,336.677
0.155492302,334.877
0.155501601,334.768
0.155510920,335.508
0.155520247,335.772
0.155529545,334.706
0.155538840,334.641
0.155548167,335.758
0.155557480,335.266
0.155566807,335.768
0.155576129,335.584
0.155585446,335.413
0.155594779,335.998
0.155604113,336.027
0.155613410,334.696
0.155622735,335.688
0.155632055,335.513
0.155641373,335.475
0.155650674,334.814
0.155659998,335.667
0.155669323,335.689
0.155678622,334.799
0.155687918,334.648
0.155697245,335.761
0.155706541,334.640
0.155715855,335.326
0.155725161,335.002
0.155734459,334.720
0.155743754,334.636
0.155753081,335.771
0.155762379,334.720
0.155771701,335.598
0.155781059,336.881
0.155790390,335.933
0.155799699,335.136
0.155808998,334.731
0.155818322,335.667
0.155827617,334.632
0.155836945,335.794
0.155846268,335.658
0.155855593,335.691
0.155864891,334.711
0.155874186,334.638
0.155883487,334.817
0.155892782,334.636
0.155902088,335.014
0.155911389,334.848
0.155920698,335.128
0.155930010,335.199
0.155939309,334.779
0.155948607,334.725
0.155957903,334.657
0.155967233,335.882
0.155976548,335.335
0.155985846,334.740
0.155995173,335.776
0.156004496,335.602
0.156013796,334.834
0.156023102,335.003
0.156032420,335.446
0.156041719,334.750
0.156051026,335.049
0.156060336,335.180
0.156069641,334.983
0.156078991,336.605
0.156088310,335.475
0.156097616,335.022
0.156106954,336.148
0.156116252,334.724
0.156125603,336.634
0.156134900,334.726
0.156144203,334.908
0.156153500,334.659
0.156162823,335.659
0.156172148,335.690
0.156181472,335.668
0.156190768,334.644
0.156200121,336.724
0.156209417,334.633
0.156218737,335.527
0.156228037,334.800
0.156237333,334.650
0.156246642,335.120
0.156255942,334.828
0.156265266,335.665
0.156274588,335.560
0.156283914,335.764
0.156293227,335.269
0.156302557,335.857
0.156311854,334.718
0.156321162,335.068
0.156330463,334.838
0.156339797,336.024
0.156349116,335.495
0.156358441,335.682
0.156367765,335.663
0.156377060,334.629
0.156386360,334.805
0.156395680,335.515
0.156404976,334.660
0.156414303,335.770
0.156423616,335.253
0.156432925,335.147
0.156442257,335.929
0.156451573,335.401
0.156460873,334.788
0.156470169,334.640
0.156479492,335.647
0.156488823,335.903
0.156498133,335.180
0.156507429,334.639
0.156516756,335.762
0.156526051,334.631
0.156535348,334.713
0.156544677,335.845
0.156554000,335.601
0.156563297,334.700
0.156572595,334.746
0.156581911,335.362
0.156591211,334.807
0.156600510,334.738
0.156609806,334.665
0.156619107,334.852
0.156628431,335.662
0.156637749,335.455
0.156647077,335.789
0.156656399,335.592
0.156665710,335.189
0.156675034,335.682
0.156684347,335.256
0.156693642,334.636
0.156702969,335.762
0.156712266,334.702
0.156721562,334.639
0.156730889,335.761
0.156740184,334.635
0.156749511,335.758
0.156758806,334.638
0.156768130,335.662
0.156777483,336.702
0.156786778,334.644
0.156796076,334.694
0.156805374,334.742
0.156814671,334.712
0.156823967,334.633
0.156833297,335.903
0.156842593,334.632
0.156851941,336.546
0.156861268,335.750
0.156870607,336.199
0.156879910,334.940
0.156889216,334.986
0.156898513,334.714
0.156907811,334.730
0.156917135,335.668
0.156926431,334.633
0.156935758,335.765
0.156945055,334.693
0.156954391,336.094
0.156963691,334.813
0.156973027,336.100
0.156982325,334.717
0.156991652,335.784
0.157001012,336.970
0.157010334,335.570
0.157019634,334.825
0.157028931,334.694
0.157038230,334.743
0.157047527,334.713
0.157056823,334.633
0.157066149,335.759
0.157075483,336.004
0.157084807,335.670
0.157094107,334.791
0.157103451,336.406
0.157112748,334.693
0.157122049,334.807
0.157131347,334.741
0.157140685,336.184
0.157149989,334.926
0.157159291,334.872
0.157168591,334.799
0.157177918,335.779
0.157187231,335.270
0.157196533,334.864
0.157205866,335.977
0.157215190,335.667
0.157224541,336.627
0.157233838,334.719
0.157243156,335.433
0.157252456,334.809
0.157261753,334.696
0.157271049,334.642
0.157280352,334.918
0.157289710,336.888
0.157299034,335.659
0.157308332,334.736
0.157317630,334.723
0.157326930,334.790
0.157336225,334.645
0.157345523,334.696
0.157354847,335.692
0.157364145,334.717
0.157373448,334.892
0.157382755,335.085
0.157392051,334.637
0.157401349,334.740
0.157410650,334.820
0.157419963,335.270
0.157429272,335.136
0.157438572,334.791
0.157447887,335.352
0.157457186,334.766
0.157466511,335.673
0.157475826,335.363
0.157485133,335.040
0.157494430,334.701
0.157503747,335.418
0.157513048,334.816
0.157522370,335.586
0.157531680,335.163
0.157541004,335.687
0.157550328,335.668
0.157559650,335.588
0.157568951,334.811
0.157578248,334.702
0.157587582,336.028
0.157596880,334.714
0.157606202,335.589
0.157615531,335.865
0.157624827,334.639
0.157634125,334.728
0.157643451,335.747
0.157652748,334.678
0.157662045,334.700
0.157671344,334.764
0.157680642,334.742
0.157689938,334.639
0.157699288,336.607
0.157708585,334.690
0.157717909,335.684
0.157727212,334.881
0.157736526,335.309
0.157745879,336.733
0.157755238,336.891
0.157764556,335.468
0.157773908,336.661
0.157783232,335.670
0.157792528,334.664
0.157801860,335.946
0.157811157,334.700
0.157820454,334.670
0.157829758,334.945
0.157839053,334.647
0.157848378,335.671
0.157857713,336.090
0.157867038,335.696
0.157876365,335.753
0.157885660,334.644
0.157894977,335.396
0.157904302,335.692
0.157913599,334.712
0.157922921,335.585
0.157932231,335.142
0.157941526,334.633
0.157950850,335.666
0.157960176,335.744
0.157969498,335.591
0.157978796,334.705
0.157988103,335.075
0.157997421,335.427
0.158006716,334.643
0.158016069,336.710
0.158025365,334.633
0.158034691,335.766
0.158043989,334.694
0.158053311,335.596
0.158062617,335.028
0.158071925,335.080
0.158081222,334.704
0.158090525,334.889
0.158099825,334.820
0.158109147,335.590
0.158118447,334.813
0.158127745,334.698
0.158137040,334.644
0.158146376,336.101
0.158155672,334.638
0.158164970,334.719
0.158174276,335.047
0.158183574,334.711
0.158192927,336.703
0.158202234,335.044
0.158211531,334.700
0.158220829,334.740
0.158230139,335.146
0.158239461,335.587
0.158248788,335.770
0.158258084,334.673
0.158267409,335.695
0.158276710,334.846
0.158286007,334.668
0.158295315,335.102
0.158304613,334.738
0.158313911,334.715
0.158323226,335.363
0.158332552,335.709
0.158341860,335.111
0.158351161,334.818
0.158360483,335.595
0.158369780,334.709
0.158379088,335.058
0.158388412,335.667
0.158397707,334.635
0.158407007,334.811
0.158416331,335.642
0.158425682,336.639
0.158434980,334.727
0.158444292,335.232
0.158453593,334.857
0.158462913,335.505
0.158472211,334.726
0.158481511,334.799
0.158490807,334.654
0.158500130,335.647
0.158509429,334.741
0.158518726,334.719
0.158528022,334.641
0.158537323,334.824
0.158546634,335.223
0.158555985,336.604
0.158565311,335.742
0.158574609,334.746
0.158583937,335.802
0.158593233,334.641
0.158602530,334.710
0.158611828,334.727
0.158621175,336.505
0.158630493,335.429
0.158639793,334.814
0.158649117,335.650
0.158658439,335.586
0.158667746,335.051
0.158677087,336.301
0.158686385,334.709
0.158695683,334.732
0.158704981,334.712
0.158714338,336.850
0.158723660,335.608
0.158733001,336.264
0.158742352,336.660
0.158751651,334.748
0.158760960,335.136
0.158770313,336.716
0.158779609,334.634
0.158788933,335.673
0.158798246,335.253
0.158807578,335.979
0.158816877,334.735
0.158826176,334.767
0.158835495,335.491
0.158844821,335.739
0.158854146,335.696
0.158863457,335.207
0.158872811,336.750
0.158882136,335.671
0.158891431,334.654
0.158900732,334.836
0.158910064,335.932
0.158919412,336.528
0.158928736,335.682
0.158938061,335.671
0.158947409,336.534
0.158956762,336.712
0.158966059,334.695
0.158975357,334.737
0.158984655,334.709
0.158993950,334.647
0.159003264,335.274
0.159012559,334.645
0.159021857,334.729
0.159031189,335.932
0.159040484,334.643
0.159049781,334.693
0.159059080,334.747
0.159068425,336.418
0.159077732,335.041
0.159087059,335.772
0.159096356,334.719
0.159105681,335.688
0.159115007,335.751
0.159124330,335.601
0.159133656,335.758
0.159142978,335.582
0.159152321,336.350
0.159161625,334.947
0.159170937,335.208
0.159180255,335.448
0.159189581,335.764
0.159198905,335.646
0.159208201,334.645
0.159217501,334.801
0.159226812,335.228
0.159236110,334.716
0.159245435,335.685
0.159254759,335.669
0.159264092,336.005
0.159273400,335.071
0.159282697,334.705
0.159292023,335.737
0.159301348,335.692
0.159310665,335.423
0.159319992,335.768
0.159329288,334.640
0.159338612,335.670
0.159347941,335.839
0.159357263,335.608
0.159366571,335.068
0.159375877,335.045
0.159385175,334.711
0.159394473,334.722
0.159403770,334.709
0.159413066,334.630
0.159422366,334.810
0.159431663,334.698
0.159441006,336.331
0.159450332,335.760
0.159459628,334.638
0.159468925,334.716
0.159478250,335.679
0.159487562,335.238
0.159496857,334.630
0.159506157,334.805
0.159515456,334.746
0.159524778,335.610
0.159534080,334.865
0.159543403,335.624
0.159552731,335.790
0.159562078,336.519
0.159571377,334.744
0.159580704,335.775
0.159590028,335.675
0.159599348,335.497
0.159608673,335.703
0.159617970,334.715
0.159627292,335.587
0.159636619,335.766
0.159645930,335.197
0.159655254,335.665
0.159664580,335.741
0.159673894,335.281
0.159683194,334.809
0.159692499,334.980
0.159701796,334.711
0.159711094,334.730
0.159720392,334.717
0.159729714,335.589
0.159739014,334.814
0.159748311,334.692
0.159757648,336.106
0.159766948,334.815
0.159776270,335.582
0.159785567,334.710
0.159794892,335.683
0.159804189,334.714
0.159813485,334.636
0.159822810,335.704
0.159832110,334.802
0.159841445,336.044
0.159850780,336.075
0.159860077,334.674
0.159869385,335.091
0.159878680,334.638
0.159887978,334.719
0.159897278,334.788
0.159906586,335.097
0.159915883,334.694
0.159925207,335.687
0.159934505,334.712
0.159943824,335.479
0.159953125,334.823
0.159962466,336.302
0.159971774,335.088
0.159981102,335.783
0.159990397,334.641
0.159999697,334.806
0.160008993,334.627
0.160018290,334.716
0.160027588,334.731
0.160036886,334.715
0.160046223,336.146
0.160055550,335.769
0.160064847,334.697
0.160074143,334.642
0.160083446,334.904
0.160092742,334.643
0.160102063,335.576
0.160111373,335.152
0.160120740,337.236
0.160130062,335.587
0.160139398,336.091
0.160148722,335.644
0.160158021,334.776
0.160167329,335.084
0.160176660,335.934
0.160185961,334.817
0.160195257,334.647
0.160204554,334.710
0.160213854,334.797
0.160223176,335.589
0.160232473,334.703
0.160241798,335.694
0.160251116,335.456
0.160260438,335.589
0.160269765,335.766
0.160279104,336.202
0.160288404,334.811
0.160297701,334.696
0.160307050,336.547
0.160316350,334.811
0.160325655,334.971
0.160334954,334.760
0.160344252,334.743
0.160353577,335.700
0.160362896,335.463
0.160372245,336.590
0.160381547,334.839
0.160390879,335.962
0.160400189,335.162
0.160409512,335.632
0.160418836,335.683
0.160428188,336.646
0.160437486,334.725
0.160446786,334.798
0.160456081,334.647
0.160465378,334.694
0.160474677,334.743
0.160483975,334.722
0.160493270,334.638
0.160502597,335.765
0.160511919,335.590
0.160521217,334.714
0.160530520,334.922
0.160539842,335.596
0.160549139,334.701
0.160558465,335.723
0.160567766,334.849
0.160577100,336.024
0.160586398,334.728
0.160595713,335.314
0.160605013,334.809
0.160614310,334.698
0.160623626,335.369
0.160632932,335.035
0.160642254,335.592
0.160651552,334.711
0.160660886,336.045
0.160670213,335.768
0.160679535,335.587
0.160688836,334.819
0.160698133,334.697
0.160707428,334.640
0.160716737,335.096
0.160726032,334.640
0.160735330,334.709
0.160744628,334.738
0.160753925,334.712
0.160763252,335.748
0.160772574,335.594
0.160781887,335.261
0.160791211,335.695
0.160800536,335.665
0.160809857,335.590
0.160819187,335.873
0.160828509,335.592
0.160837834,335.675
0.160847162,335.828
0.160856458,334.653
0.160865781,335.640
0.160875106,335.690
0.160884404,334.718
0.160893736,335.975
0.160903085,336.560
0.160912381,334.635
0.160921734,336.719
0.160931081,336.497
0.160940378,334.676
0.160949704,335.760
0.160959028,335.636
0.160968351,335.624
0.160977683,335.957
0.160986980,334.716
0.160996302,335.587
0.161005603,334.813
0.161014945,336.322
0.161024270,335.696
0.161033605,336.073
0.161042900,334.633
0.161052227,335.770
0.161061552,335.669
0.161070850,334.742
0.161080176,335.752
0.161089519,336.351
0.161098817,334.703
0.161108142,335.696
0.161117439,334.714
0.161126800,336.983
0.161136133,336.010
0.161145429,334.637
0.161154756,335.761
0.161164053,334.696
0.161173364,335.202
0.161182690,335.756
0.161192009,335.458
0.161201320,335.201
0.161210645,335.703
0.161219943,334.742
0.161229290,336.469
0.161238643,336.723
0.161247940,334.695
0.161257262,335.599
0.161266563,334.811
0.161275858,334.639
0.161285159,334.822
0.161294480,335.580
0.161303807,335.757
0.161313134,335.760
0.161322430,334.660
0.161331727,334.703
0.161341026,334.741
0.161350323,334.709
0.161359681,336.892
0.161368982,334.815
0.161378303,335.585
0.161387601,334.714
0.161396929,335.804
0.161406243,335.314
0.161415552,335.134
0.161424857,334.983
0.161434172,335.330
0.161443504,335.950
0.161452828,335.664
0.161462139,335.176
0.161471465,335.762
0.161480776,335.169
0.161490105,335.850
0.161499459,336.755
0.161508802,336.348
0.161518126,335.679
0.161527425,334.764
0.161536723,334.721
0.161546052,335.841
0.161555348,334.666
0.161564646,334.701
0.161573970,335.684
0.161583279,335.120
0.161592601,335.592
0.161601902,334.827
0.161611197,334.639
0.161620544,336.472
0.161629844,334.793
0.161639154,335.167
0.161648451,334.692
0.161657749,334.750
0.161667047,334.714
0.161676343,334.638
0.161685643,334.819
0.161694982,336.208
0.161704309,335.757
0.161713642,336.006
0.161722938,334.639
0.161732238,334.811
0.161741560,335.586
0.161750858,334.719
0.161760182,335.681
0.161769493,335.190
0.161778798,334.975
0.161788104,335.015
0.161797426,335.596
0.161806752,335.735
0.161816050,334.734
0.161825346,334.667
0.161834648,334.846
0.161843970,335.587
0.161853268,334.739
0.161862595,335.781
0.161871904,335.111
0.161881202,334.722
0.161890500,334.741
0.161899798,334.716
0.161909093,334.637
0.161918394,334.817
0.161927689,334.628
0.161936986,334.718
0.161946286,334.794
0.161955583,334.680
0.161964880,334.700
0.161974179,334.747
0.161983476,334.719
0.161992775,334.733
0.162002099,335.675
0.162011394,334.629
0.162020694,334.809
0.162029991,334.697
0.162039309,335.435
0.162048616,335.053
0.162057938,335.595
0.162067237,334.771
0.162076536,334.764
0.162085856,335.499
0.162095190,336.014
0.162104519,335.841
0.162113816,334.695
0.162123112,334.653
0.162132412,334.810
0.162141725,335.282
0.162151026,334.822
0.162160358,335.951
0.162169656,334.722
0.162178983,335.778
0.162188317,336.048
0.162197615,334.697
0.162206940,335.716
0.162216238,334.729
0.162225547,335.110
0.162234874,335.790
0.162244170,334.638
0.162253492,335.612
0.162262845,336.706
0.162272167,335.592
0.162281470,334.916
0.162290766,334.644
0.162300064,334.717
0.162309362,334.733
0.162318686,335.675
0.162327991,334.960
0.162337294,334.913
0.162346591,334.707
0.162355909,335.429
0.162365235,335.758
0.162374545,335.143
0.162383842,334.706
0.162393193,336.637
0.162402507,335.293
0.162411802,334.626
0.162421104,334.856
0.162430401,334.702
0.162439726,335.692
0.162449050,335.667
0.162458345,334.639
0.162467672,335.764
0.162476967,334.632
0.162486265,334.715
0.162495571,335.012
0.162504867,334.646
0.162514190,335.646
0.162523517,335.770
0.162532815,334.738
0.162542137,335.588
0.162551438,334.822
0.162560749,335.208
0.162570083,336.013
0.162579409,335.742
0.162588749,336.232
0.162598069,335.517
0.162607365,334.652
0.162616695,335.907
0.162625996,334.813
0.162635318,335.607
0.162644662,336.390
0.162653963,334.816
0.162663260,334.698
0.162672579,335.491
0.162681879,334.812
0.162691201,335.590
0.162700499,334.719
0.162709797,334.736
0.162719122,335.674
0.162728448,335.750
0.162737744,334.648
0.162747041,334.695
0.162756392,336.643
0.162765728,336.083
0.162775047,335.481
0.162784374,335.798
0.162793692,335.435
0.162802990,334.718
0.162812293,334.919
0.162821604,335.181
0.162830901,334.704
0.162840200,334.776
0.162849498,334.719
0.162858793,334.637
0.162868120,335.768
0.162877443,335.599
0.162886780,336.165
0.162896078,334.719
0.162905374,334.646
0.162914674,334.812
0.162923970,334.630
0.162933294,335.668
0.162942592,334.729
0.162951916,335.666
0.162961237,335.582
0.162970591,336.716
0.162979914,335.644
0.162989210,334.644
0.162998510,334.808
0.163007832,335.586
0.163017141,335.141
0.163026463,335.581
0.163035804,336.280
0.163045104,334.800
0.163054400,334.641
0.163063723,335.647
0.163073021,334.733
0.163082342,335.541
0.163091664,335.590
0.163100991,335.761
0.163110286,334.631
0.163119634,336.529
0.163128934,334.787
0.163138292,336.903
0.163147589,334.693
0.163156907,335.436
0.163166205,334.751
0.163175504,334.771
0.163184803,334.733
0.163194099,334.662
0.163203402,334.901
0.163212723,335.570
0.163222081,336.899
0.163231382,334.810
0.163240677,334.636
0.163249975,334.716
0.163259282,335.068
0.163268607,335.711
0.163277903,334.645
0.163287204,334.843
0.163296528,335.668
0.163305851,335.604
0.163315179,335.801
0.163324474,334.651
0.163333801,335.774
0.163343124,335.619
0.163352422,334.734
0.163361729,335.026
0.163371025,334.669
0.163380336,335.212
0.163389635,334.739
0.163398932,334.715
0.163408240,335.083
0.163417567,335.765
0.163426883,335.367
0.163436181,334.725
0.163445483,334.889
0.163454823,336.219
0.163464120,334.708
0.163473415,334.632
0.163482713,334.718
0.163492011,334.732
0.163501312,334.823
0.163510628,335.371
0.163519928,334.824
0.163529238,335.136
0.163538560,335.589
0.163547864,334.974
0.163557160,334.632
0.163566484,335.660
0.163575835,336.643
0.163585132,334.713
0.163594439,335.042
0.163603740,334.823
0.163613064,335.657
0.163622389,335.699
0.163631686,334.717
0.163640982,334.633
0.163650308,335.766
0.163659604,334.633
0.163668901,334.711
0.163678201,334.795
0.163687497,334.646
0.163696794,334.696
0.163706112,335.433
0.163715410,334.760
0.163724732,335.590
0.163734048,335.378
0.163743345,334.660
0.163752672,335.774
0.163761973,334.851
0.163771286,335.263
0.163780583,334.691
0.163789934,336.648
0.163799258,335.664
0.163808609,336.626
0.163817918,335.139
0.163827250,335.923
0.163836555,335.003
0.163845852,334.698
0.163855174,335.594
0.163864511,336.103
0.163873832,335.587
0.163883156,335.659
0.163892454,334.733
0.163901779,335.671
0.163911114,336.082
0.163920419,334.988
0.163929743,335.650
0.163939068,335.692
0.163948366,334.716
0.163957661,334.644
0.163966988,335.774
0.163976284,334.634
0.163985595,335.218
0.163994935,336.220
0.164004231,334.674
0.164013555,335.660
0.164022854,334.748
0.164032171,335.422
0.164041493,335.588
0.164050793,334.811
0.164060089,334.639
0.164069442,336.710
0.164078739,334.701
0.164088061,335.589
0.164097368,335.049
0.164106663,334.636
0.164115987,335.668
0.164125312,335.678
0.164134610,334.724
0.164143928,335.455
0.164153228,334.815
0.164162525,334.700
0.164171857,335.941
0.164181157,334.801
0.164190479,335.589
0.164199777,334.708
0.164209101,335.681
0.164218416,335.344
0.164227724,335.082
0.164237021,334.710
0.164246319,334.710
0.164255644,335.691
0.164264984,336.255
0.164274280,334.666
0.164283582,334.855
0.164292878,334.649
0.164302203,335.701
0.164311529,335.746
0.164320825,334.649
0.164330122,334.702
0.164339473,336.642
0.164348771,334.713
0.164358105,336.022
0.164367429,335.670
0.164376770,336.280
0.164386097,335.763
0.164395394,334.704
0.164404711,335.411
0.164414038,335.762
0.164423334,334.642
0.164432631,334.723
0.164441961,335.880
0.164451259,334.724
0.164460593,336.003
0.164469919,335.764
0.164479246,335.758
0.164488571,335.710
0.164497869,334.724
0.164507165,334.638
0.164516465,334.815
0.164525761,334.634
0.164535058,334.717
0.164544358,334.808
0.164553663,334.965
0.164562982,335.492
0.164572281,334.750
0.164581619,336.172
0.164590941,335.586
0.164600241,334.816
0.164609537,334.638
0.164618859,335.603
0.164628185,335.749
0.164637481,334.644
0.164646778,334.697
0.164656103,335.688
0.164665418,335.325
0.164674742,335.687
0.164684040,334.723
0.164693336,334.644
0.164702689,336.718
0.164712036,336.482
0.164721331,334.637
0.164730641,335.149
0.164739937,334.668
0.164749235,334.725
0.164758563,335.814
0.164767862,334.745
0.164777184,335.589
0.164786511,335.785
0.164795826,335.358
0.164805125,334.740
0.164814442,335.425
0.164823740,334.706
0.164833041,334.840
0.164842338,334.701
0.164851662,335.681
0.164860963,334.828
0.164870308,336.416
0.164879632,335.645
0.164888930,334.747
0.164898228,334.711
0.164907574,336.479
0.164916875,334.813
0.164926170,334.636
0.164935494,335.666
0.164944821,335.752
0.164954116,334.651
0.164963417,334.814
0.164972715,334.721
0.164982013,334.740
0.164991311,334.735
0.165000647,336.108
0.165009965,335.418
0.165019266,334.845
0.165028563,334.705
0.165037883,335.499
0.165047184,334.835
0.165056526,336.330
0.165065849,335.639
0.165075201,336.664
0.165084499,334.715
0.165093825,335.748
0.165103165,336.244
0.165112465,334.785
0.165121763,334.747
0.165131073,335.139
0.165140368,334.641
0.165149669,334.814
0.165158987,335.454
0.165168285,334.712
0.165177584,334.788
0.165186906,335.591
0.165196215,335.125
0.165205516,334.832
0.165214836,335.514
0.165224168,335.939
0.165233469,334.847
0.165242764,334.628
0.165252091,335.768
0.165261414,335.620
0.165270726,335.228
0.165280055,335.854
0.165289350,334.635
0.165298648,334.710
0.165307972,335.676
0.165317270,334.712
0.165326565,334.634
0.165335866,334.814
0.165345163,334.705
0.165354459,334.649
0.165363759,334.806
0.165373089,335.885
0.165382414,335.685
0.165391712,334.758
0.165401029,335.411
0.165410365,336.095
0.165419661,334.655
0.165428958,334.697
0.165438264,334.994
0.165447562,334.717
0.165456880,335.480
0.165466208,335.796
0.165475517,335.125
0.165484815,334.729
0.165494115,334.796
0.165503437,335.595
0.165512761,335.645
0.165522085,335.689
0.165531402,335.399
0.165540724,335.586
0.165550051,335.773
0.165559373,335.587
0.165568681,335.089
0.165577989,335.096
0.165587332,336.335
0.165596635,334.942
0.165605944,335.100
0.165615242,334.719
0.165624566,335.687
0.165633890,335.667
0.165643222,335.933
0.165652522,334.825
0.165661829,335.030
0.165671125,334.673
0.165680428,334.880
0.165689723,334.638
0.165699050,335.766
0.165708347,334.707
0.165717665,335.426
0.165726991,335.751
0.165736299,335.070
0.165745596,334.701
0.165754920,335.687
0.165764218,334.723
0.165773536,335.442
0.165782837,334.815
0.165792153,335.388
0.165801477,335.661
0.165810777,334.794
0.165820089,335.230
0.165829396,335.054
0.165838694,334.747
0.165847992,334.707
0.165857316,335.680
0.165866640,335.666
0.165875952,335.217
0.165885285,336.005
0.165894621,336.095
0.165903917,334.642
0.165913248,335.938
0.165922566,335.427
0.165931896,335.890
0.165941221,335.698
0.165950522,334.825
0.165959880,336.903
0.165969208,335.812
0.165978505,334.702
0.165987804,334.740
0.165997102,334.720
0.166006397,334.642
0.166015697,334.812
0.166025004,335.050
0.166034302,334.707
0.166043655,336.700
0.166052986,335.933
0.166062296,335.168
0.166071595,334.741
0.166080919,335.661
0.166090240,335.586
0.166099575,336.049
0.166108887,335.244
0.166118185,334.712
0.166127511,335.742
0.166136850,336.210
0.166146179,335.827
0.166155483,334.952
0.166164798,335.344
0.166174097,334.765
0.166183435,336.146
0.166192733,334.760
0.166202035,334.864
0.166211354,335.480
0.166220650,334.651
0.166229951,334.842
0.166239273,335.595
0.166248572,334.745
0.166257898,335.732
0.166267213,335.362
0.166276574,337.000
0.166285895,335.554
0.166295208,335.266
0.166304533,335.696
0.166313857,335.664
0.166323179,335.591
0.166332479,334.808
0.166341775,334.629
0.166351099,335.668
0.166360398,334.789
0.166369694,334.637
0.166378991,334.696
0.166388342,336.642
0.166397640,334.716
0.166406964,335.683
0.166416262,334.714
0.166425576,335.310
0.166434908,335.942
0.166444230,335.591
0.166453547,335.400
0.166462852,335.002
0.166472187,336.072
0.166481504,335.391
0.166490831,335.765
0.166500129,334.745
0.166509434,334.966
0.166518737,334.924
0.166528035,334.709
0.166537356,335.577
0.166546665,335.129
0.166555997,335.932
0.166565297,334.818
0.166574593,334.631
0.166583917,335.668
0.166593243,335.742
0.166602565,335.601
0.166611876,335.199
0.166621175,334.740
0.166630472,334.720
0.166639768,334.634
0.166649095,335.767
0.166658416,335.582
0.166667714,334.712
0.166677014,334.795
0.166686312,334.727
0.166695636,335.667
0.166704961,335.699
0.166714285,335.668
0.166723610,335.690
0.166732907,334.716
0.166742223,335.373
0.166751576,336.713
0.166760874,334.708
0.166770205,335.911
0.166779534,335.856
0.166788856,335.589
0.166798191,336.079
0.166807542,336.638
0.166816840,334.722
0.166826167,335.747
0.166835489,335.596
0.166844802,335.294
0.166854101,334.735
0.166863436,336.077
0.166872773,336.121
0.166882079,335.010
0.166891397,335.445
0.166900721,335.663
0.166910020,334.786
0.166919316,334.644
0.166928642,335.736
0.166937940,334.746
0.166947274,336.014
0.166956569,334.636
0.166965870,334.836
0.166975210,336.224
0.166984537,335.764
0.166993887,336.600
0.167003198,335.197
0.167012502,334.937
0.167021797,334.644
0.167031117,335.500
0.167040434,335.429
0.167049747,335.267
0.167059042,334.622
0.167068350,335.095
0.167077648,334.730
0.167086955,335.032
0.167096282,335.767
0.167105594,335.257
0.167114895,334.812
0.167124199,334.970
0.167133516,335.397
0.167142816,334.793
0.167152148,335.940
0.167161471,335.658
0.167170798,335.766
0.167180132,336.027
0.167189428,334.642
0.167198755,335.777
0.167208050,334.635
0.167217375,335.666
0.167226674,334.793
0.167235970,334.640
0.167245267,334.697
0.167254592,335.691
0.167263889,334.714
0.167273188,334.745
0.167282512,335.668
0.167291834,335.588
0.167301168,336.012
0.167310541,337.462
0.167319838,334.658
0.167329144,335.021
0.167338439,334.647
0.167347760,335.556
0.167357085,335.689
0.167366409,335.669
0.167375705,334.639
0.167385005,334.819
0.167394303,334.707
0.167403628,335.693
0.167412954,335.761
0.167422269,335.336
0.167431596,335.779
0.167440892,334.635
0.167450189,334.717
0.167459489,334.793
0.167468785,334.640
0.167478082,334.698
0.167487380,334.736
0.167496678,334.712
0.167506036,336.887
0.167515339,334.920
0.167524681,336.301
0.167533978,334.716
0.167543305,335.741
0.167552644,336.212
0.167561945,334.852
0.167571251,335.003
0.167580569,335.442
0.167589913,336.384
0.167599252,336.212
0.167608575,335.620
0.167617889,335.299
0.167627223,336.036
0.167636539,335.395
0.167645865,335.709
0.167655164,334.770
0.167664467,334.910
0.167673799,335.939
0.167683106,335.074
0.167692431,335.693
0.167701755,335.664
0.167711053,334.742
0.167720351,334.719
0.167729646,334.636
0.167738981,336.029
0.167748316,336.064
0.167757611,334.640
0.167766915,334.948
0.167776211,334.650
0.167785522,335.202
0.167794823,334.831
0.167804143,335.494
0.167813464,335.577
0.167822791,335.765
0.167832088,334.698
0.167841409,335.568
0.167850762,336.710
0.167860076,335.299
0.167869403,335.770
0.167878699,334.632
0.167887999,334.830
0.167897353,336.711
0.167906711,336.901
0.167916021,335.167
0.167925319,334.731
0.167934617,334.717
0.167943913,334.660
0.167953214,334.826
0.167962510,334.658
0.167971835,335.694
0.167981134,334.789
0.167990457,335.618
0.167999811,336.740
0.168009106,334.636
0.168018450,336.382
0.168027801,336.635
0.168037149,336.504
0.168046480,335.926
0.168055809,335.846
0.168065107,334.747
0.168074430,335.596
0.168083732,334.876
0.168093028,334.672
0.168102362,336.015
0.168111661,334.763
0.168120958,334.715
0.168130284,335.735
0.168139590,335.002
0.168148890,334.794
0.168158188,334.743
0.168167524,336.099
0.168176846,335.594
0.168186152,335.008
0.168195474,335.582
0.168204794,335.536
0.168214094,334.791
0.168223416,335.595
0.168232740,335.644
0.168242092,336.701
0.168251390,334.718
0.168260686,334.634
0.168270012,335.768
0.168279308,334.631
0.168288616,335.091
0.168297938,335.594
0.168307233,334.642
0.168316560,335.756
0.168325855,334.635
0.168335202,336.474
0.168344539,336.122
0.168353837,334.747
0.168363159,335.592
0.168372462,334.904
0.168381759,334.700
0.168391107,336.517
0.168400460,336.712
0.168409784,335.648
0.168419092,335.115
0.168428388,334.629
0.168437686,334.728
0.168446985,334.790
0.168456317,335.938
0.168465614,334.699
0.168474939,335.699
0.168484237,334.727
0.168493559,335.585
0.168502859,334.814
0.168512202,336.324
0.168521526,335.672
0.168530825,334.784
0.168540148,335.594
0.168549474,335.752
0.168558769,334.634
0.168568093,335.654
0.168577419,335.727
0.168586717,334.731
0.168596039,335.585
0.168605366,335.766
0.168614679,335.266
0.168624001,335.615
0.168633333,335.936
0.168642644,335.190
0.168651968,335.695
0.168661269,334.806
0.168670567,334.750
0.168679889,335.597
0.168689243,336.724
0.168698540,334.704
0.168707840,334.800
0.168717149,335.108
0.168726444,334.635
0.168735797,336.715
0.168745093,334.629
0.168754430,336.159
0.168763730,334.786
0.168773040,335.157
0.168782349,335.134
0.168791676,335.786
0.168800994,335.418
0.168810326,335.950
0.168819652,335.762
0.168828948,334.631
0.168838248,334.806
0.168847545,334.702
0.168856857,335.236
0.168866186,335.840
0.168875508,335.600
0.168884853,336.427
0.168894151,334.724
0.168903467,335.353
0.168912762,334.646
0.168922089,335.769
0.168931387,334.703
0.168940687,334.796
0.168949989,334.893
0.168959321,335.935
0.168968683,337.060
0.168978005,335.569
0.168987345,336.265
0.168996679,335.991
0.169005986,335.077
0.169015305,335.467
0.169024603,334.739
0.169033927,335.671
0.169043223,334.634
0.169052553,335.883
0.169061848,334.630
0.169071146,334.717
0.169080472,335.741
0.169089767,334.644
0.169099091,335.639
0.169108442,336.656
0.169117740,334.709
0.169127038,334.734
0.169136362,335.669
0.169145696,336.029
0.169154998,334.870
0.169164325,335.750
0.169173622,334.716
0.169182931,335.119
0.169192243,335.211
0.169201554,335.195
0.169210905,336.669
0.169220223,335.428
0.169229546,335.617
0.169238847,334.848
0.169248171,335.657
0.169257504,335.988
0.169266828,335.667
0.169276144,335.368
0.169285444,334.822
0.169294740,334.638
0.169304037,334.716
0.169313364,335.740
0.169322695,335.937
0.169332004,335.136
0.169341329,335.697
0.169350654,335.675
0.169359976,335.589
0.169369302,335.764
0.169378669,337.187
0.169387996,335.771
0.169397296,334.810
0.169406618,335.609
0.169415945,335.766
0.169425253,335.094
0.169434551,334.712
0.169443849,334.746
0.169453159,335.138
0.169462481,335.610
0.169471782,334.839
0.169481106,335.657
0.169490428,335.595
0.169499755,335.768
0.169509068,335.272
0.169518422,336.715
0.169527754,335.961
0.169537071,335.432
0.169546404,335.978
0.169555700,334.642
0.169564997,334.694
0.169574322,335.694
0.169583619,334.711
0.169592937,335.460
0.169602264,335.763
0.169611575,335.188
0.169620910,336.055
0.169630236,335.744
0.169639534,334.713
0.169648887,336.736
0.169658183,334.639
0.169667481,334.715
0.169676805,335.688
0.169686129,335.668
0.169695478,336.539
0.169704783,334.991
0.169714080,334.700
0.169723423,336.323
0.169732724,334.849
0.169742041,335.402
0.169751365,335.688
0.169760691,335.721
0.169770006,335.347
0.169779306,334.796
0.169788611,334.986
0.169797961,336.605
0.169807260,334.748
0.169816569,335.117
0.169825864,334.645
0.169835165,334.816
0.169844473,335.091
0.169853811,336.173
0.169863111,334.802
0.169872428,335.421
0.169881754,335.745
0.169891053,334.755
0.169900397,336.381
0.169909719,335.569
0.169919045,335.770
0.169928341,334.637
0.169937668,335.758
0.169946991,335.643
0.169956313,335.597
0.169965613,334.808
0.169974909,334.637
0.169984233,335.672
0.169993558,335.686
0.170002870,335.232
0.170012174,334.969
0.170021482,335.080
0.170030780,334.709
0.170040075,334.644
0.170049376,334.816
0.170058671,334.635
0.170067969,334.708
0.170077319,336.628
0.170086617,334.721
0.170095917,334.792
0.170105213,334.643
0.170114536,335.645
0.170123861,335.695
0.170133161,334.808
0.170142457,334.645
0.170151784,335.779
0.170161080,334.643
0.170170378,334.724
0.170179704,335.741
0.170188999,334.648
0.170198297,334.703
0.170207648,336.649
0.170216964,335.391
0.170226289,335.686
0.170235596,335.060
0.170244892,334.632
0.170254219,335.769
0.170263516,334.696
0.170272831,335.366
0.170282135,334.914
0.170291457,335.597
0.170300755,334.750
0.170310054,334.763
0.170319379,335.683
0.170328674,334.631
0.170337974,334.809
0.170347299,335.695
0.170356647,336.509
0.170365956,335.145
0.170375254,334.704
0.170384581,335.789
0.170393903,335.592
0.170403220,335.419
0.170412520,334.797
0.170421816,334.642
0.170431113,334.700
0.170440411,334.740
0.170449709,334.714
0.170459027,335.432
0.170468327,334.822
0.170477623,334.639
0.170486920,334.719
0.170496247,335.750
0.170505569,335.598
0.170514866,334.699
0.170524164,334.733
0.170533462,334.714
0.170542787,335.689
0.170552085,334.732
0.170561380,334.625
0.170570689,335.136
0.170580013,335.657
0.170589329,335.381
0.170598688,336.931
0.170608016,335.782
0.170617343,335.794
0.170626675,335.936
0.170635989,335.299
0.170645311,335.596
0.170654612,334.849
0.170663927,335.335
0.170673223,334.652
0.170682524,334.842
0.170691820,334.657
0.170701147,335.777
0.170710443,334.638
0.170719760,335.433
0.170729086,335.742
0.170738382,334.640
0.170747693,335.207
0.170756992,334.736
0.170766316,335.665
0.170775634,335.471
0.170784961,335.768
0.170794256,334.631
0.170803580,335.669
0.170812907,335.738
0.170822229,335.594
0.170831551,335.621
0.170840847,334.653
0.170850145,334.711
0.170859447,334.867
0.170868746,334.768
0.170878041,334.640
0.170887342,334.824
0.170896639,334.690
0.170905971,335.938
0.170915276,334.987
0.170924598,335.594
0.170933919,335.564
0.170943243,335.678
0.170952567,335.662
0.170961915,336.497
0.170971225,335.173
0.170980523,334.724
0.170989822,334.765
0.170999120,334.719
0.171008416,334.676
0.171017717,334.834
0.171027039,335.590
0.171036337,334.721
0.171045663,335.747
0.171054985,335.598
0.171064309,335.650
0.171073634,335.694
0.171082931,334.710
0.171092278,336.472
0.171101578,334.810
0.171110876,334.720
0.171120183,335.074
0.171129511,335.782
0.171138807,334.657
0.171148107,334.825
0.171157428,335.543
0.171166752,335.667
0.171176050,334.737
0.171185374,335.672
0.171194706,335.927
0.171204006,334.806
0.171213303,334.699
0.171222625,335.596
0.171231925,334.809
0.171241236,335.197
0.171250545,335.105
0.171259870,335.687
0.171269186,335.384
0.171278486,334.800
0.171287782,334.645
0.171297132,336.606
0.171306457,335.697
0.171315765,335.114
0.171325087,335.589
0.171334388,334.815
0.171343683,334.642
0.171353006,335.606
0.171362332,335.759
0.171371628,334.640
0.171380963,336.065
0.171390282,335.496
0.171399581,334.748
0.171408903,335.610
0.171418231,335.786
0.171427527,334.661
0.171436827,334.811
0.171446161,336.026
0.171455483,335.588
0.171464786,334.912
0.171474081,334.629
0.171483379,334.715
0.171492677,334.731
0.171501975,334.724
0.171511293,335.452
0.171520624,335.897
0.171529921,334.698
0.171539217,334.644
0.171548517,334.802
0.171557855,336.186
0.171567153,334.712
0.171576451,334.747
0.171585749,334.711
0.171595051,334.885
0.171604347,334.653
0.171613644,334.706
0.171622969,335.691
0.171632267,334.716
0.171641577,335.167
0.171650878,334.853
0.171660174,334.636
0.171669472,334.729
0.171678778,335.003
0.171688088,335.160
0.171697408,335.547
0.171706733,335.688
0.171716057,335.663
0.171725353,334.644
0.171734653,334.816
0.171743949,334.662
0.171753250,334.818
0.171762573,335.640
0.171771895,335.590
0.171781229,336.023
0.171790560,335.933
0.171799858,334.716
0.171809156,334.734
0.171818480,335.668
0.171827776,334.631
0.171837105,335.858
0.171846444,336.216
0.171855765,335.535
0.171865065,334.808
0.171874387,335.592
0.171883694,335.053
0.171893019,335.686
0.171902335,335.392
0.171911688,336.697
0.171920984,334.647
0.171930281,334.700
0.171939601,335.514
0.171948922,335.583
0.171958244,335.590
0.171967581,336.103
0.171976903,335.615
0.171986239,336.087
0.171995539,334.791
0.172004851,335.249
0.172014158,335.044
0.172023456,334.739
0.172032754,334.712
0.172042078,335.685
0.172051412,336.013
0.172060728,335.362
0.172070028,334.808
0.172079325,334.699
0.172088627,334.879
0.172097955,335.811
0.172107269,335.280
0.172116578,335.146
0.172125901,335.617
0.172135199,334.721
0.172144506,335.069
0.172153829,335.623
0.172163153,335.653
0.172172483,335.901
0.172181807,335.661
0.172191126,335.484
0.172200483,336.833
0.172209794,335.210
0.172219129,336.046
0.172228467,336.174
0.172237790,335.622
0.172247091,334.857
0.172256413,335.593
0.172265711,334.714
0.172275009,334.731
0.172284357,336.524
0.172293652,334.635
0.172302953,334.814
0.172312250,334.703
0.172321546,334.644
0.172330849,334.921
0.172340160,335.182
0.172349457,334.719
0.172358782,335.684
0.172368080,334.713
0.172377375,334.634
0.172386702,335.762
0.172395999,334.695
0.172405324,335.693
0.172414621,334.712
0.172423917,334.638
0.172433243,335.756
0.172442565,335.585
0.172451863,334.721
0.172461189,335.746
0.172470511,335.595
0.172479835,335.647
0.172489133,334.751
0.172498454,335.529
0.172507749,334.655
0.172517077,335.795
0.172526373,334.650
0.172535698,335.703
0.172545024,335.747
0.172554339,335.318
0.172563665,335.763
0.172573001,336.074
0.172582299,334.740
0.172591624,335.688
0.172600944,335.537
0.172610279,336.056
0.172619580,334.823
0.172628877,334.695
0.172638197,335.521
0.172647550,336.710
0.172656872,335.594
0.172666199,335.769
0.172675494,334.634
0.172684819,335.675
0.172694145,335.747
0.172703465,335.529
0.172712778,335.240
0.172722079,334.862
0.172731416,336.136
0.172740738,335.589
0.172750039,334.817
0.172759349,335.155
0.172768682,336.015
0.172778011,335.833
0.172787308,334.676
0.172796658,336.599
0.172805982,335.692
0.172815283,334.821
0.172824589,335.029
0.172833887,334.728
0.172843183,334.636
0.172852483,334.813
0.172861807,335.652
0.172871129,335.595
0.172880482,336.717
0.172889819,336.116
0.172899128,335.134
0.172908433,334.971
0.172917730,334.708
0.172927052,335.587
0.172936353,334.845
0.172945650,334.697
0.172954975,335.698
0.172964299,335.664
0.172973614,335.339
0.172982941,335.766
0.172992263,335.584
0.173001561,334.716
0.173010860,334.795
0.173020196,336.079
0.173029506,335.163
0.173038804,334.742
0.173048118,335.288
0.173057416,334.716
0.173066779,337.092
0.173076103,335.643
0.173085404,334.859
0.173094728,335.664
0.173104024,334.654
0.173113325,334.811
0.173122657,335.984
0.173131991,336.004
0.173141316,335.709
0.173150627,335.188
0.173159922,334.635
0.173169249,335.761
0.173178546,334.700
0.173187842,334.644
0.173197142,334.804
0.173206438,334.638
0.173215735,334.717
0.173225033,334.723
0.173234331,334.719
0.173243653,335.586
0.173252979,335.762
0.173262294,335.316
0.173271596,334.887
0.173280894,334.731
0.173290190,334.637
0.173299523,335.991
0.173308820,334.702
0.173318118,334.739
0.173327445,335.758
0.173336749,334.958
0.173346076,335.748
0.173355374,334.744
0.173364672,334.718
0.173373967,334.633
0.173383268,334.815
0.173392563,334.635
0.173401861,334.715
0.173411187,335.757
0.173420519,335.943
0.173429829,335.144
0.173439124,334.641
0.173448422,334.717
0.173457726,334.962
0.173467024,334.714
0.173476355,335.923
0.173485687,335.930
0.173494998,335.199
0.173504329,335.943
0.173513636,335.046
0.173522932,334.642
0.173532229,334.713
0.173541528,334.737
0.173550834,335.014
0.173560161,335.796
0.173569467,334.992
0.173578765,334.728
0.173588090,335.718
0.173597388,334.715
0.173606705,335.418
0.173616034,335.845
0.173625330,334.664
0.173634642,335.230
0.173643948,334.996
0.173653244,334.674
0.173662592,336.515
0.173671893,334.832
0.173681253,336.973
0.173690549,334.644
0.173699849,334.825
0.173709171,335.590
0.173718472,334.815
0.173727769,334.694
0.173737064,334.642
0.173746367,334.884
0.173755715,336.537
0.173765034,335.479
0.173774332,334.728
0.173783656,335.668
0.173792980,335.678
0.173802282,334.845
0.173811579,334.707
0.173820875,334.647
0.173830202,335.760
0.173839497,334.635
0.173848804,335.068
0.173858155,336.636
0.173867453,334.717
0.173876753,334.801
0.173886101,336.509
0.173895434,335.993
0.173904733,334.768
0.173914043,335.178
0.173923361,335.435
0.173932714,336.720
0.173942046,335.932
0.173951355,335.132
0.173960657,334.877
0.173969989,335.945
0.173979286,334.698
0.173988585,334.767
0.173997883,334.738
0.174007235,336.643
0.174016560,335.697
0.174025875,335.373
0.174035176,334.821
0.174044476,334.814
0.174053772,334.655
0.174063073,334.819
0.174072395,335.592
0.174081719,335.672
0.174091023,334.947
0.174100336,335.267
0.174109669,335.979
0.174118969,334.810
0.174128319,336.600
0.174137617,334.732
0.174146968,336.610
0.174156282,335.337
0.174165611,335.810
0.174174906,334.646
0.174184231,335.704
0.174193532,334.813
0.174202855,335.626
0.174212152,334.696
0.174221450,334.745
0.174230774,335.659
0.174240070,334.639
0.174249370,334.821
0.174258666,334.630
0.174267989,335.627
0.174277297,335.088
0.174286594,334.714
0.174295930,336.095
0.174305262,335.965
0.174314586,335.665
0.174323911,335.682
0.174333235,335.672
0.174342557,335.588
0.174351884,335.764
0.174361208,335.649
0.174370503,334.645
0.174379830,335.759
0.174389141,335.216
0.174398491,336.590
0.174407842,336.636
0.174417157,335.335
0.174426483,335.743
0.174435790,335.035
0.174445114,335.667
0.174454440,335.727
0.174463737,334.723
0.174473055,335.427
0.174482360,334.979
0.174491655,334.638
0.174500953,334.715
0.174510279,335.751
0.174519575,334.652
0.174528875,334.777
0.174538181,335.049
0.174547525,336.358
0.174556849,335.682
0.174566199,336.602
0.174575495,334.629
0.174584821,335.763
0.174594118,334.690
0.174603414,334.643
0.174612720,335.008
0.174622028,335.095
0.174631348,335.514
0.174640672,335.684
0.174649996,335.667
0.174659292,334.636
0.174668594,334.888
0.174677911,335.397
0.174687242,335.930
0.174696543,334.828
0.174705865,335.590
0.174715218,336.699
0.174724514,334.670
0.174733839,335.688
0.174743139,334.808
0.174752435,334.659
0.174761755,335.512
0.174771081,335.754
0.174780401,335.515
0.174789697,334.643
0.174798997,334.822
0.174808293,334.638
0.174817617,335.666
0.174826917,334.791
0.174836230,335.261
0.174845527,334.697
0.174854825,334.746
0.174864123,334.715
0.174873421,334.726
0.174882744,335.622
0.174892039,334.635
0.174901339,334.817
0.174910637,334.701
0.174919932,334.641
0.174929263,335.903
0.174938625,337.038
0.174947935,335.161
0.174957260,335.687
0.174966557,334.714
0.174975904,336.490
0.174985206,334.851
0.174994503,334.713
0.175003819,335.372
0.175013154,336.039
0.175022482,335.835
0.175031837,336.775
0.175041174,336.133
0.175050499,335.699
0.175059800,334.828
0.175069096,334.651
0.175078404,335.081
0.175087729,335.717
0.175097044,335.346
0.175106396,336.659
0.175115705,335.116
0.175125000,334.647
0.175134301,334.811
0.175143624,335.646
0.175152920,334.645
0.175162278,336.887
0.175171595,335.413
0.175180919,335.668
0.175190244,335.681
0.175199541,334.714
0.175208836,334.626
0.175218137,334.809
0.175227434,334.692
0.175236741,335.065
0.175246039,334.715
0.175255334,334.636
0.175264664,335.860
0.175273993,335.857
0.175283292,334.755
0.175292619,335.784
0.175301915,334.666
0.175311227,335.221
0.175320578,336.646
0.175329876,334.714
0.175339171,334.638
0.175348472,334.815
0.175357783,335.216
0.175367117,336.017
0.175376443,335.747
0.175385766,335.601
0.175395066,334.810
0.175404413,336.501
0.175413711,334.712
0.175423009,334.740
0.175432307,334.721
0.175441602,334.635
0.175450929,335.766
0.175460226,334.704
0.175469572,336.429
0.175478878,335.026
0.175488200,335.585
0.175497535,336.066
0.175506836,334.825
0.175516160,335.690
0.175525513,336.704
0.175534846,335.962
0.175544143,334.692
0.175553468,335.700
0.175562777,335.149
0.175572094,335.413
0.175581399,334.971
0.175590708,335.120
0.175600019,335.184
0.175609318,334.792
0.175618677,336.902
0.175627974,334.700
0.175637272,334.739
0.175646570,334.711
0.175655865,334.638
0.175665193,335.790
0.175674488,334.640
0.175683797,335.108
0.175693094,334.695
0.175702436,336.305
0.175711736,334.815
0.175721032,334.637
0.175730329,334.712
0.175739658,335.827
0.175748984,335.761
0.175758306,335.594
0.175767607,334.828
0.175776904,334.700
0.175786227,335.597
0.175795553,335.761
0.175804849,334.640
0.175814173,335.662
0.175823484,335.204
0.175832803,335.486
0.175842137,336.029
0.175851442,334.966
0.175860760,335.459
0.175870086,335.725
0.175879384,334.718
0.175888679,334.636
0.175897984,334.981
0.175907279,334.634
0.175916577,334.724
0.175925877,334.790
0.175935220,336.355
0.175944526,335.008
0.175953853,335.786
0.175963178,335.695
0.175972485,335.049
0.175981810,335.692
0.175991106,334.656
0.176000410,334.939
0.176009732,335.614
0.176019055,335.613
0.176028356,334.828
0.176037678,335.611
0.176046976,334.734
0.176056275,334.738
0.176065572,334.716
0.176074868,334.627
0.176084194,335.765
0.176093518,335.646
0.176102839,335.576
0.176112149,335.142
0.176121473,335.661
0.176130774,334.832
0.176140094,335.544
0.176149392,334.720
0.176158725,335.982
0.176168021,334.645
0.176177318,334.689
0.176186643,335.695
0.176195940,334.713
0.176205258,335.459
0.176214559,334.808
0.176223854,334.631
0.176233178,335.662
0.176242480,334.873
0.176251821,336.295
0.176261148,335.767
0.176270444,334.636
0.176279741,334.712
0.176289039,334.733
0.176298337,334.715
0.176307633,334.635
0.176316959,335.760
0.176326256,334.702
0.176335552,334.650
0.176344879,335.764
0.176354174,334.634
0.176363495,335.531
0.176372793,334.730
0.176382111,335.461
0.176391407,334.659
0.176400708,334.823
0.176410033,335.703
0.176419339,335.017
0.176428640,334.824
0.176437935,334.638
0.176447272,336.113
0.176456594,335.589
0.176465918,335.667
0.176475244,335.746
0.176484549,334.980
0.176493848,334.763
0.176503173,335.717
0.176512471,334.728
0.176521767,334.659
0.176531095,335.787
0.176540390,334.644
0.176549689,334.750
0.176558991,334.867
0.176568287,334.652
0.176577611,335.670
0.176586936,335.688
0.176596260,335.666
0.176605584,335.684
0.176614882,334.716
0.176624198,335.371
0.176633525,335.764
0.176642822,334.693
0.176652144,335.592
0.176661448,334.972
0.176670780,335.952
0.176680102,335.597
0.176689429,335.761
0.176698727,334.712
0.176708048,335.559
0.176717375,335.767
0.176726693,335.464
0.176735992,334.755
0.176745316,335.668
0.176754658,336.324
0.176763985,335.771
0.176773293,335.089
0.176782591,334.722
0.176791944,336.694
0.176801239,334.643
0.176810536,334.692
0.176819861,335.685
0.176829160,334.746
0.176838481,335.560
0.176847808,335.791
0.176857131,335.614
0.176866458,335.778
0.176875782,335.660
0.176885078,334.666
0.176894379,334.822
0.176903698,335.492
0.176913022,335.669
0.176922325,334.907
0.176931649,335.666
0.176940988,336.209
0.176950298,335.150
0.176959601,334.912
0.176968903,334.879
0.176978238,336.039
0.176987536,334.730
0.176996836,334.800
0.177006131,334.641
0.177015455,335.647
0.177024806,336.638
0.177034130,335.660
0.177043452,335.590
0.177052778,335.764
0.177062074,334.632
0.177071401,335.782
0.177080698,334.701
0.177089994,334.644
0.177099294,334.809
0.177108590,334.632
0.177117923,336.011
0.177127232,335.121
0.177136545,335.281
0.177145868,335.596
0.177155168,334.815
0.177164492,335.652
0.177173787,334.637
0.177183094,335.047
0.177192416,335.591
0.177201743,335.772
0.177211068,335.692
0.177220366,334.727
0.177229692,335.746
0.177238998,335.012
0.177248312,335.304
0.177257621,335.124
0.177266932,335.182
0.177276227,334.643
0.177285560,335.974
0.177294870,335.149
0.177304167,334.714
0.177313468,334.833
0.177322811,336.361
0.177332135,335.656
0.177341442,335.055
0.177350793,336.644
0.177360118,335.690
0.177369426,335.075
0.177378721,334.631
0.177388048,335.759
0.177397374,335.730
0.177406670,334.674
0.177415997,335.763
0.177425320,335.640
0.177434619,334.739
0.177443970,336.637
0.177453309,336.233
0.177462608,334.733
0.177471910,334.901
0.177481225,335.316
0.177490549,335.688
0.177499910,336.977
0.177509205,334.634
0.177518506,334.816
0.177527839,336.004
0.177537184,336.428
0.177546484,334.790
0.177555793,335.123
0.177565090,334.696
0.177574392,334.877
0.177583690,334.714
0.177593009,335.504
0.177602310,334.819
0.177611625,335.338
0.177620949,335.667
0.177630275,335.748
0.177639571,334.646
0.177648871,334.810
0.177658193,335.588
0.177667491,334.714
0.177676818,335.787
0.177686151,335.990
0.177695447,334.658
0.177704748,334.835
0.177714094,336.459
0.177723431,336.117
0.177732732,334.836
0.177742043,335.202
0.177751341,334.723
0.177760639,334.734
0.177769937,334.718
0.177779242,334.977
0.177788543,334.824
0.177797866,335.650
0.177807191,335.690
0.177816488,334.711
0.177825784,334.637
0.177835084,334.818
0.177844380,334.638
0.177853677,334.713
0.177863030,336.699
0.177872340,335.146
0.177881650,335.149
0.177890974,335.693
0.177900272,334.710
0.177909567,334.639
0.177918929,337.002
0.177928242,335.298
0.177937543,334.810
0.177946840,334.704
0.177956165,335.701
0.177965474,335.120
0.177974785,335.209
0.177984111,335.719
0.177993436,335.723
0.178002761,335.699
0.178012062,334.811
0.178021369,335.060
0.178030667,334.719
0.178039965,334.741
0.178049275,335.170
0.178058624,336.561
0.178067952,335.782
0.178077247,334.633
0.178086545,334.716
0.178095844,334.791
0.178105166,335.596
0.178114464,334.696
0.178123815,336.649
0.178133113,334.720
0.178142408,334.638
0.178151709,334.828
0.178161004,334.638
0.178170331,335.761
0.178179628,334.704
0.178188924,334.647
0.178198227,334.901
0.178207522,334.635
0.178216872,336.576
0.178226197,335.694
0.178235495,334.738
0.178244804,335.112
0.178254105,334.844
0.178263402,334.712
0.178272723,335.539
0.178282031,335.097
0.178291353,335.586
0.178300680,335.764
0.178309975,334.641
0.178319292,335.396
0.178328652,336.967
0.178337974,335.599
0.178347286,335.226
0.178356637,336.646
0.178365935,334.715
0.178375293,336.896
0.178384620,335.768
0.178393915,334.634
0.178403238,335.619
0.178412538,334.795
0.178421860,335.597
0.178431160,334.806
0.178440456,334.637
0.178449753,334.711
0.178459080,335.750
0.178468378,334.745
0.178477674,334.639
0.178487007,335.989
0.178496330,335.651
0.178505677,336.479
0.178515037,336.975
0.178524333,334.647
0.178533632,334.759
0.178542957,335.705
0.178552282,335.676
0.178561634,336.701
0.178570939,334.982
0.178580254,335.314
0.178589613,336.919
0.178598935,335.593
0.178608245,335.170
0.178617572,335.772
0.178626867,334.631
0.178636187,335.529
0.178645492,334.957
0.178654802,335.181
0.178664126,335.646
0.178673424,334.747
0.178682738,335.307
0.178692034,334.640
0.178701361,335.769
0.178710676,335.346
0.178720038,337.037
0.178729387,336.540
0.178738709,335.598
0.178748009,334.811
0.178757357,336.537
0.178766668,335.183
0.178775966,334.741
0.178785306,336.221
0.178794601,334.624
0.178803902,334.854
0.178813200,334.700
0.178822522,335.594
0.178831822,334.815
0.178841135,335.278
0.178850436,334.822
0.178859731,334.636
0.178869055,335.661
0.178878382,335.751
0.178887713,335.934
0.178897010,334.695
0.178906335,335.697
0.178915633,334.714
0.178924928,334.639
0.178934229,334.816
0.178943524,334.633
0.178952850,335.746
0.178962177,335.757
0.178971516,336.206
0.178980813,334.700
0.178990138,335.691
0.178999436,334.717
0.179008761,335.717
0.179018059,334.728
0.179027381,335.587
0.179036707,335.749
0.179046006,334.740
0.179055302,334.674
0.179064659,336.829
0.179073956,334.689
0.179083277,335.582
0.179092576,334.756
0.179101901,335.696
0.179111223,335.610
0.179120551,335.807
0.179129849,334.701
0.179139173,335.687
0.179148471,334.717
0.179157812,336.291
0.179167113,334.815
0.179176432,335.501
0.179185730,334.722
0.179195086,336.806
0.179204430,336.404
0.179213728,334.700
0.179223052,335.693
0.179232350,334.720
0.179241699,336.542
0.179251026,335.771
0.179260347,335.584
0.179269648,334.817
0.179278997,336.570
0.179288313,335.362
0.179297613,334.806
0.179306935,335.591
0.179316259,335.668
0.179325557,334.732
0.179334903,336.457
0.179344225,335.598
0.179353562,336.109
0.179362859,334.723
0.179372155,334.646
0.179381456,334.815
0.179390795,336.210
0.179400095,334.813
0.179409427,335.938
0.179418743,335.404
0.179428077,336.009
0.179437373,334.646
0.179446728,336.774
0.179456027,334.784
0.179465339,335.222
0.179474635,334.670
0.179483937,334.845
0.179493258,335.585
0.179502557,334.739
0.179511857,334.827
0.179521170,335.249
0.179530468,334.721
0.179539767,334.777
0.179549091,335.674
0.179558389,334.730
0.179567687,334.712
0.179576982,334.633
0.179586309,335.767
0.179595606,334.698
0.179604928,335.597
0.179614251,335.613
0.179623575,335.672
0.179632900,335.700
0.179642203,334.892
0.179651528,335.687
0.179660850,335.620
0.179670151,334.829
0.179679448,334.697
0.179688756,335.070
0.179698057,334.843
0.179707353,334.642
0.179716653,334.821
0.179725986,335.972
0.179735330,336.402
0.179744630,334.799
0.179753927,334.694
0.179763246,335.485
0.179772597,336.641
0.179781895,334.724
0.179791243,336.533
0.179800573,335.853
0.179809887,335.329
0.179819185,334.717
0.179828485,334.795
0.179837781,334.645
0.179847081,334.809
0.179856376,334.634
0.179865691,335.320
0.179874996,335.001
0.179884332,336.077
0.179893627,334.632
0.179902928,334.819
0.179912226,334.751
0.179921522,334.657
0.179930830,335.082
0.179940162,335.940
0.179949460,334.721
0.179958784,335.681
0.179968108,335.671
0.179977404,334.641
0.179986731,335.793
0.179996029,334.699
0.180005362,336.000
0.180014696,336.031
0.180023991,334.628
0.180033318,335.764
0.180042614,334.664
0.180051912,334.728
0.180061240,335.776
0.180070571,335.945
0.180079881,335.150
0.180089232,336.649
0.180098530,334.721
0.180107852,335.594
0.180117154,334.865
0.180126450,334.638
0.180135776,335.761
0.180145100,335.652
0.180154396,334.642
0.180163696,334.816
0.180173014,335.443
0.180182313,334.764
0.180191644,335.928
0.180200944,334.810
0.180210267,335.610
0.180219568,334.826
0.180228865,334.703
0.180238161,334.648
0.180247488,335.769
0.180256783,334.641
0.180266081,334.719
0.180275379,334.745
0.180284704,335.678
0.180294030,335.750
0.180303336,334.993
0.180312659,335.653
0.180321984,335.695
0.180331282,334.720
0.180340577,334.635
0.180349908,335.898
0.180359243,336.057
0.180368540,334.715
0.180377840,334.798
0.180387136,334.646
0.180396472,336.081
0.180405797,335.695
0.180415094,334.716
0.180424418,335.642
0.180433719,334.834
0.180443032,335.283
0.180452341,335.138
0.180461660,335.475
0.180470983,335.617
0.180480283,334.816
0.180489591,335.067
0.180498924,336.009
0.180508249,335.695
0.180517573,335.666
0.180526895,335.586
0.180536228,336.002
0.180545525,334.693
0.180554846,335.554
0.180564147,334.814
0.180573442,334.631
0.180582740,334.713
0.180592064,335.691
0.180601379,335.328
0.180610679,334.790
0.180619985,335.038
0.180629282,334.696
0.180638607,335.692
0.180647905,334.709
0.180657200,334.640
0.180666529,335.851
0.180675825,334.638
0.180685123,334.718
0.180694449,335.749
0.180703760,335.205
0.180713057,334.697
0.180722382,335.693
0.180731699,335.390
0.180741024,335.707
0.180750375,336.637
0.180759687,335.243
0.180768991,334.926
0.180778288,334.707
0.180787652,337.086
0.180796978,335.762
0.180806274,334.637
0.180815598,335.665
0.180824926,335.806
0.180834223,334.715
0.180843556,335.988
0.180852883,335.768
0.180862180,334.696
0.180871505,335.687
0.180880829,335.664
0.180890170,336.278
0.180899471,334.823
0.180908775,334.966
0.180918095,335.523
0.180927401,334.998
0.180936698,334.681
0.180945995,334.718
0.180955294,334.744
0.180964640,336.454
0.180973987,336.494
0.180983314,335.774
0.180992610,334.661
0.181001934,335.669
0.181011234,334.810
0.181020539,334.969
0.181029866,335.784
0.181039173,335.028
0.181048470,334.713
0.181057769,334.735
0.181067066,334.717
0.181076362,334.635
0.181085688,335.761
0.181094985,334.694
0.181104304,335.465
0.181113630,335.754
0.181122952,335.585
0.181132250,334.717
0.181141576,335.743
0.181150894,335.441
0.181160221,335.763
0.181169544,335.625
0.181178868,335.662
0.181188166,334.752
0.181197488,335.592
0.181206784,334.642
0.181216084,334.811
0.181225392,335.100
0.181234690,334.720
0.181244017,335.756
0.181253354,336.133
0.181262677,335.653
0.181272005,335.776
0.181281321,335.402
0.181290645,335.657
0.181299946,334.849
0.181309243,334.667
0.181318571,335.803
0.181327895,335.660
0.181337237,336.329
0.181346540,334.911
0.181355863,335.635
0.181365188,335.697
0.181374513,335.692
0.181383811,334.746
0.181393134,335.607
0.181402490,336.807
0.181411788,334.746
0.181421137,336.545
0.181430463,335.765
0.181439759,334.658
0.181449095,336.062
0.181458426,335.929
0.181467765,336.214
0.181477123,336.898
0.181486441,335.444
0.181495739,334.699
0.181505041,334.872
0.181514338,334.719
0.181523660,335.593
0.181532987,335.770
0.181542282,334.628
0.181551606,335.666
0.181560933,335.755
0.181570238,334.966
0.181579542,334.947
0.181588848,335.021
0.181598172,335.673
0.181607497,335.681
0.181616794,334.712
0.181626130,336.092
0.181635461,335.925
0.181644787,335.735
0.181654110,335.606
0.181663417,335.063
0.181672755,336.185
0.181682053,334.714
0.181691351,334.727
0.181700693,336.318
0.181709994,334.821
0.181719300,335.006
0.181728597,334.701
0.181737922,335.698
0.181747219,334.717
0.181756529,335.160
0.181765856,335.761
0.181775174,335.438
0.181784511,336.133
0.181793837,335.742
0.181803159,335.597
0.181812467,335.086
0.181821765,334.736
0.181831063,334.706
0.181840377,335.311
0.181849705,335.819
0.181859000,334.625
0.181868302,334.865
0.181877600,334.740
0.181886898,334.716
0.181896199,334.833
0.181905495,334.637
0.181914792,334.719
0.181924117,335.675
0.181933428,335.210
0.181942747,335.471
0.181952047,334.814
0.181961344,334.700
0.181970640,334.651
0.181979950,335.147
0.181989262,335.231
0.181998559,334.713
0.182007867,335.064
0.182017164,334.721
0.182026490,335.737
0.182035838,336.512
0.182045161,335.646
0.182054460,334.747
0.182063758,334.715
0.182073053,334.636
0.182082353,334.811
0.182091712,336.893
0.182101059,336.520
0.182110359,334.794
0.182119691,335.955
0.182129000,335.099
0.182138299,334.769
0.182147623,335.673
0.182156947,335.682
0.182166245,334.720
0.182175541,334.635
0.182184867,335.764
0.182194164,334.692
0.182203523,336.897
0.182212849,335.753
0.182222171,335.582
0.182231492,335.552
0.182240790,334.732
0.182250088,334.721
0.182259410,335.592
0.182268763,336.716
0.182278086,335.652
0.182287411,335.694
0.182296709,334.718
0.182306040,335.931
0.182315341,334.817
0.182324648,335.043
0.182333960,335.253
0.182343264,334.917
0.182352572,335.107
0.182361918,336.451
0.182371222,334.936
0.182380528,335.042
0.182389887,336.923
0.182399210,335.626
0.182408533,335.631
0.182417862,335.824
0.182427160,334.721
0.182436482,335.601
0.182445809,335.793
0.182455105,334.657
0.182464403,334.724
0.182473702,334.763
0.182483013,335.179
0.182492322,335.129
0.182501649,335.774
0.182510946,334.702
0.182520281,336.031
0.182529588,335.052
0.182538883,334.644
0.182548181,334.717
0.182557514,335.981
0.182566811,334.718
0.182576111,334.796
0.182585443,335.948
0.182594741,334.702
0.182604039,334.745
0.182613337,334.722
0.182622635,334.718
0.182631936,334.839
0.182641244,335.087
0.182650541,334.719
0.182659841,334.794
0.182669137,334.645
0.182678461,335.661
0.182687796,336.064
0.182697094,334.722
0.182706416,335.586
0.182715717,334.864
0.182725049,335.930
0.182734358,335.134
0.182743655,334.699
0.182753013,336.896
0.182762340,335.767
0.182771662,335.594
0.182780960,334.706
0.182790289,335.870
0.182799609,335.520
0.182808941,335.928
0.182818241,334.810
0.182827538,334.701
0.182836834,334.628
0.182846162,335.808
0.182855484,335.592
0.182864784,334.803
0.182874082,334.741
0.182883397,335.353
0.182892697,334.801
0.182901993,334.641
0.182911290,334.696
0.182920615,335.697
0.182929913,334.717
0.182939234,335.586
0.182948580,336.436
0.182957902,335.606
0.182967227,335.687
0.182976557,335.894
0.182985854,334.667
0.182995151,334.715
0.183004476,335.697
0.183013774,334.717
0.183023072,334.739
0.183032379,335.056
0.183041675,334.638
0.183051002,335.771
0.183060310,335.098
0.183069626,335.378
0.183078926,334.809
0.183088222,334.638
0.183097546,335.657
0.183106873,335.777
0.183116193,335.517
0.183125512,335.511
0.183134839,335.771
0.183144136,334.694
0.183153468,335.936
0.183162777,335.126
0.183172073,334.639
0.183181373,334.815
0.183190668,334.630
0.183200012,336.367
0.183209338,335.747
0.183218672,336.036
0.183227996,335.659
0.183237307,335.203
0.183246620,335.243
0.183255943,335.630
0.183265270,335.777
0.183274566,334.639
0.183283890,335.670
0.183293216,335.748
0.183302556,336.239
0.183311857,334.831
0.183321162,334.994
0.183330460,334.719
0.183339758,334.732
0.183349056,334.720
0.183358353,334.709
0.183367681,335.793
0.183377005,335.660
0.183386314,335.134
0.183395620,335.003
0.183404915,334.638
0.183414239,335.669
0.183423538,334.737
0.183432881,336.373
0.183442177,334.631
0.183451503,335.765
0.183460801,334.700
0.183470125,335.687
0.183479423,334.717
0.183488719,334.641
0.183498026,335.073
0.183507393,337.202
0.183516692,334.757
0.183525992,334.803
0.183535314,335.611
0.183544635,335.530
0.183553937,334.897
0.183563256,335.464
0.183572614,336.891
0.183581914,334.815
0.183591227,335.254
0.183600530,334.904
0.183609854,335.658
0.183619166,335.253
0.183628500,336.026
0.183637796,334.641
0.183647120,335.667
0.183656418,334.727
0.183665742,335.668
0.183675086,336.400
0.183684413,335.767
0.183693737,335.650
0.183703059,335.593
0.183712367,335.090
0.183721662,334.631
0.183730986,335.665
0.183740320,336.013
0.183749618,334.719
0.183758917,334.789
0.183768240,335.601
0.183777537,334.697
0.183786862,335.711
0.183796160,334.720
0.183805456,334.644
0.183814757,334.857
0.183824052,334.633
0.183833363,335.188
0.183842670,335.048
0.183851967,334.676
0.183861268,334.829
0.183870590,335.621
0.183879889,334.738
0.183889240,336.647
0.183898538,334.739
0.183907834,334.656
0.183917140,335.014
0.183926438,334.726
0.183935760,335.602
0.183945093,335.963
0.183954388,334.635
0.183963686,334.714
0.183973010,335.688
0.183982334,335.668
0.183991630,334.632
0.184000956,335.757
0.184010280,335.648
0.184019579,334.781
0.184028877,334.717
0.184038173,334.636
0.184047473,334.820
0.184056786,335.253
0.184066113,335.768
0.184075439,335.757
0.184084761,335.571
0.184094085,335.691
0.184103411,335.741
0.184112709,334.728
0.184122005,334.638
0.184131332,335.769
0.184140653,335.577
0.184149954,334.820
0.184159261,335.040
0.184168575,335.323
0.184177876,334.812
0.184187209,336.002
0.184196507,334.738
0.184205864,336.861
0.184215176,335.201
0.184224511,336.088
0.184233838,335.770
0.184243136,334.719
0.184252433,334.682
0.184261760,335.780
0.184271099,336.205
0.184280397,334.713
0.184289721,335.683
0.184299038,335.389
0.184308337,334.792
0.184317660,335.599
0.184326957,334.696
0.184336257,334.815
0.184345564,335.052
0.184354862,334.721
0.184364163,334.836
0.184373485,335.590
0.184382783,334.726
0.184392109,335.750
0.184401405,334.650
0.184410728,335.646
0.184420027,334.741
0.184429325,334.718
0.184438630,334.987
0.184447930,334.826
0.184457244,335.289
0.184466544,334.804
0.184475868,335.644
0.184485163,334.650
0.184494493,335.861
0.184503788,334.634
0.184513100,335.233
0.184522425,335.684
0.184531736,335.216
0.184541032,334.635
0.184550360,335.809
0.184559660,334.793
0.184568959,334.771
0.184578264,334.982
0.184587560,334.657
0.184596885,335.706
0.184606210,335.687
0.184615546,336.117
0.184624874,335.795
0.184634196,335.598
0.184643515,335.469
0.184652814,334.759
0.184662112,334.757
0.184671408,334.648
0.184680709,334.818
0.184690052,336.358
0.184699412,336.970
0.184708712,334.798
0.184718008,334.647
0.184727305,334.699
0.184736630,335.699
0.184745928,334.719
0.184755252,335.687
0.184764577,335.669
0.184773918,336.303
0.184783245,335.765
0.184792592,336.495
0.184801915,335.605
0.184811215,334.813
0.184820513,334.712
0.184829837,335.690
0.184839135,334.738
0.184848460,335.670
0.184857781,335.577
0.184867109,335.797
0.184876424,335.342
0.184885723,334.752
0.184895021,334.757
0.184904317,334.638
0.184913618,334.850
0.184922914,334.637
0.184932259,336.425
0.184941559,334.804
0.184950868,335.118
0.184960165,334.702
0.184969490,335.695
0.184978788,334.716
0.184988083,334.635
0.184997384,334.815
0.185006679,334.636
0.185015987,335.101
0.185025288,334.840
0.185034584,334.646
0.185043920,336.096
0.185053216,334.637
0.185062516,334.812
0.185071814,334.741
0.185081112,334.729
0.185090461,336.538
0.185099761,334.817
0.185109059,334.706
0.185118381,335.595
0.185127686,334.986
0.185137003,335.412
0.185146339,336.104
0.185155663,335.680
0.185164988,335.669
0.185174328,336.256
0.185183629,334.849
0.185192936,335.022
0.185202261,335.727
0.185211612,336.608
0.185220907,334.639
0.185230207,334.814
0.185239515,335.080
0.185248861,336.452
0.185258187,335.747
0.185267483,334.644
0.185276793,335.144
0.185286091,334.742
0.185295409,335.438
0.185304715,335.021
0.185314025,335.164
0.185323339,335.303
0.185332640,334.830
0.185341964,335.673
0.185351260,334.669
0.185360587,335.773
0.185369884,334.671
0.185379182,334.739
0.185388510,335.815
0.185397822,335.205
0.185407143,335.584
0.185416497,336.720
0.185425794,334.702
0.185435090,334.644
0.185444424,336.027
0.185453720,334.658
0.185463029,335.129
0.185472355,335.725
0.185481697,336.344
0.185491024,335.752
0.185500357,336.002
0.185509654,334.695
0.185518979,335.698
0.185528277,334.716
0.185537573,334.642
0.185546873,334.811
0.185556185,335.233
0.185565507,335.589
0.185574807,334.798
0.185584102,334.645
0.185593410,335.084
0.185602762,336.649
0.185612078,335.391
0.185621403,335.692
0.185630726,335.644
0.185640068,336.283
0.185649370,334.880
0.185658668,334.719
0.185667991,335.632
0.185677297,335.029
0.185686593,334.637
0.185695914,335.558
0.185705265,336.660
0.185714563,334.723
0.185723879,335.389
0.185733210,335.907
0.185742525,335.334
0.185751860,336.043
0.185761184,335.676
0.185770479,334.636
0.185779781,334.848
0.185789102,335.552
0.185798424,335.594
0.185807730,335.046
0.185817066,336.086
0.185826390,335.654
0.185835715,335.697
0.185845013,334.719
0.185854346,335.993
0.185863646,334.816
0.185872968,335.588
0.185882266,334.716
0.185891566,334.805
0.185900862,334.648
0.185910170,335.107
0.185919465,334.631
0.185928779,335.296
0.185938104,335.682
0.185947413,335.148
0.185956730,335.407
0.185966030,334.809
0.185975328,334.695
0.185984686,336.895
0.185993986,334.809
0.186003308,335.604
0.186012613,334.982
0.186021940,335.762
0.186031239,334.751
0.186040542,334.903
0.186049847,334.993
0.186059144,334.709
0.186068469,335.697
0.186077767,334.720
0.186087063,334.638
0.186096390,335.774
0.186105685,334.638
0.186115009,335.664
0.186124309,334.788
0.186133605,334.646
0.186142928,335.652
0.186152280,336.645
0.186161604,335.669
0.186170935,335.931
0.186180236,334.842
0.186189558,335.586
0.186198911,336.715
0.186208235,335.648
0.186217531,334.646
0.186226831,334.810
0.186236153,335.587
0.186245477,335.665
0.186254775,334.732
