time_h,avg_ns
0.000009329,335.849
0.000018634,334.987
0.000027934,334.792
0.000037265,335.902
0.000046595,335.881
0.000055915,335.518
0.000065237,335.595
0.000074570,336.003
0.000083866,334.644
0.000093190,335.667
0.000102541,336.627
0.000111838,334.716
0.000121165,335.746
0.000130460,334.645
0.000139757,334.692
0.000149063,334.992
0.000158387,335.663
0.000167697,335.170
0.000177050,336.722
0.000186408,336.887
0.000195745,336.112
0.000205047,334.894
0.000214343,334.644
0.000223666,335.642
0.000232966,334.782
0.000242264,334.715
0.000251598,336.024
0.000260925,335.802
0.000270267,336.307
0.000279568,334.824
0.000288891,335.648
0.000298187,334.654
0.000307537,336.596
0.000316847,335.149
0.000326151,334.928
0.000335451,334.817
0.000344750,334.762
0.000354083,336.000
0.000363412,335.817
0.000372710,334.743
0.000382006,334.651
0.000391333,335.786
0.000400692,336.918
0.000410019,335.787
0.000419378,336.897
0.000428676,334.743
0.000437976,334.809
0.000447285,335.125
0.000456595,335.160
0.000465894,334.744
0.000475213,335.475
0.000484508,334.641
0.000493811,334.905
0.000503170,336.912
0.000512469,334.783
0.000521799,335.865
0.000531113,335.324
0.000540441,335.773
0.000549736,334.633
0.000559034,334.718
0.000568384,336.614
0.000577712,335.796
0.000587030,335.447
0.000596341,335.200
0.000605665,335.659
0.000614988,335.627
0.000624288,334.824
0.000633584,334.644
0.000642881,334.711
0.000652207,335.721
0.000661531,335.666
0.000670857,335.745
0.000680178,335.562
0.000689476,334.702
0.000698774,334.741
0.000708072,334.708
0.000717394,335.592
0.000726694,334.811
0.000735989,334.632
0.000745300,335.195
0.000754600,334.792
0.000763922,335.594
0.000773237,335.330
0.000782564,335.785
0.000791906,336.297
0.000801201,334.644
0.000810502,334.815
0.000819797,334.633
0.000829124,335.760
0.000838421,334.694
0.000847716,334.645
0.000857019,334.900
0.000866316,334.683
0.000875676,336.974
0.000885006,335.867
0.000894304,334.723
0.000903599,334.631
0.000912899,334.804
0.000922217,335.438
0.000931551,336.006
0.000940858,335.081
0.000950154,334.639
0.000959487,336.007
0.000968786,334.740
0.000978102,335.375
0.000987428,335.745
0.000996750,335.593
0.001006047,334.695
0.001015345,334.736
0.001024643,334.714
0.001033940,334.707
0.001043272,335.958
0.001052582,335.145
0.001061880,334.717
0.001071206,335.743
0.001080528,335.598
0.001089825,334.692
0.001099125,334.788
0.001108422,334.715
0.001117756,336.024
0.001127084,335.789
0.001136380,334.666
0.001145681,334.828
0.001154980,334.759
0.001164276,334.671
0.001173603,335.777
0.001182925,335.586
0.001192263,336.164
0.001201588,335.682
0.001210885,334.720
0.001220205,335.493
0.001229505,334.809
0.001238802,334.701
0.001248124,335.590
0.001257424,334.805
0.001266720,334.634
0.001276049,335.877
0.001285345,334.646
0.001294643,334.717
0.001303943,334.793
0.001313301,336.901
0.001322639,336.179
0.001331991,336.649
0.001341288,334.709
0.001350596,335.095
0.001359897,334.817
0.001369193,334.674
0.001378518,335.687
0.001387844,335.750
0.001397140,334.651
0.001406437,334.701
0.001415745,335.069
0.001425044,334.752
0.001434368,335.688
0.001443666,334.721
0.001452961,334.633
0.001462262,334.817
0.001471559,334.700
0.001480855,334.647
0.001490159,334.947
0.001499494,336.063
0.001508805,335.191
0.001518131,335.754
0.001527456,335.695
0.001536752,334.639
0.001546107,336.784
0.001555431,335.652
0.001564755,335.687
0.001574053,334.717
0.001583367,335.325
0.001592668,334.814
0.001601999,335.931
0.001611338,336.207
0.001620644,334.987
0.001629952,335.118
0.001639250,334.698
0.001648552,334.890
0.001657876,335.664
0.001667195,335.499
0.001676498,334.896
0.001685821,335.635
0.001695120,334.762
0.001704474,336.735
0.001713770,334.650
0.001723071,334.851
0.001732367,334.638
0.001741664,334.717
0.001750963,334.734
0.001760260,334.722
0.001769611,336.611
0.001778938,335.796
0.001788289,336.605
0.001797608,335.485
0.001806908,334.809
0.001816246,336.160
0.001825580,336.043
0.001834887,335.061
0.001844185,334.720
0.001853511,335.744
0.001862833,335.581
0.001872150,335.393
0.001881448,334.742
0.001890770,335.593
0.001900065,334.636
0.001909371,335.015
0.001918689,335.445
0.001927987,334.715
0.001937313,335.745
0.001946609,334.644
0.001955906,334.696
0.001965231,335.705
0.001974529,334.739
0.001983862,335.960
0.001993162,334.816
0.002002484,335.583
0.002011792,335.104
0.002021117,335.684
0.002030439,335.609
0.002039740,334.841
0.002049037,334.660
0.002058334,334.725
0.002067634,334.767
0.002076972,336.184
0.002086280,335.091
0.002095581,334.839
0.002104880,334.760
0.002114187,335.064
0.002123514,335.761
0.002132872,336.897
0.002142170,334.715
0.002151465,334.623
0.002160781,335.384
0.002170123,336.293
0.002179455,335.953
0.002188753,334.743
0.002198053,334.777
0.002207350,334.719
0.002216647,334.665
0.002226000,336.718
0.002235320,335.541
0.002244622,334.860
0.002253953,335.902
0.002263284,335.914
0.002272582,334.751
0.002281908,335.735
0.002291224,335.382
0.002300523,334.765
0.002309832,335.103
0.002319127,334.641
0.002328461,335.997
0.002337781,335.544
0.002347077,334.648
0.002356382,334.970
0.002365691,335.123
0.002374988,334.714
0.002384313,335.689
0.002393637,335.671
0.002402984,336.490
0.002412311,335.767
0.002421653,336.307
0.002430978,335.694
0.002440276,334.718
0.002449571,334.635
0.002458871,334.816
0.002468205,336.000
0.002477523,335.474
0.002486850,335.750
0.002496172,335.606
0.002505472,334.782
0.002514771,334.767
0.002524077,335.035
0.002533400,335.611
0.002542701,334.834
0.002551996,334.644
0.002561321,335.678
0.002570621,334.799
0.002579952,335.936
0.002589279,335.764
0.002598585,335.019
0.002607930,336.401
0.002617234,334.944
0.002626558,335.669
0.002635853,334.627
0.002645180,335.760
0.002654477,334.697
0.002663772,334.641
0.002673099,335.759
0.002682394,334.632
0.002691692,334.711
0.002701017,335.687
0.002710333,335.381
0.002719628,334.627
0.002728924,334.644
0.002738239,335.370
0.002747539,334.794
0.002756838,334.740
0.002766133,334.642
0.002775440,335.052
0.002784736,334.639
0.002794055,335.490
0.002803382,335.788
0.002812700,335.430
0.002822025,335.701
0.002831377,336.677
0.002840701,335.677
0.002850007,335.004
0.002859308,334.847
0.002868622,335.278
0.002877957,336.075
0.002887254,334.698
0.002896550,334.653
0.002905877,335.757
0.002915208,335.932
0.002924527,335.488
0.002933852,335.688
0.002943212,336.972
0.002952508,334.638
0.002961835,335.762
0.002971132,334.698
0.002980454,335.602
0.002989783,335.848
0.002999079,334.643
0.003008379,334.821
0.003017675,334.629
0.003026972,334.724
0.003036299,335.748
0.003045606,335.074
0.003054904,334.706
0.003064261,336.865
0.003073559,334.732
0.003082882,335.605
0.003092182,334.825
0.003101478,334.638
0.003110812,336.016
0.003120165,336.708
0.003129460,334.643
0.003138767,335.053
0.003148092,335.694
0.003157390,334.716
0.003166688,334.742
0.003176012,335.670
0.003185308,334.639
0.003194635,335.766
0.003203958,335.651
0.003213275,335.415
0.003222607,335.943
0.003231945,336.178
0.003241267,335.585
0.003250592,335.692
0.003259890,334.728
0.003269196,335.008
0.003278496,334.810
0.003287793,334.697
0.003297101,335.065
0.003306425,335.668
0.003315720,334.641
0.003325047,335.759
0.003334369,335.591
0.003343693,335.665
0.003353013,335.533
0.003362336,335.620
0.003371642,335.020
0.003380968,335.716
0.003390293,335.713
0.003399624,335.930
0.003408951,335.762
0.003418247,334.636
0.003427544,334.719
0.003436870,335.743
0.003446166,334.651
0.003455494,335.811
0.003464816,335.593
0.003474130,335.272
0.003483437,335.071
0.003492736,334.773
0.003502032,334.643
0.003511360,335.796
0.003520657,334.724
0.003529953,334.653
0.003539281,335.791
0.003548604,335.619
0.003557901,334.716
0.003567200,334.755
0.003576525,335.702
0.003585826,334.820
0.003595122,334.657
0.003604419,334.700
0.003613744,335.694
0.003623041,334.712
0.003632337,334.646
0.003641649,335.235
0.003650945,334.652
0.003660243,334.728
0.003669543,334.800
0.003678865,335.591
0.003688162,334.690
0.003697460,334.738
0.003706758,334.713
0.003716080,335.593
0.003725383,334.909
0.003734678,334.639
0.003744032,336.717
0.003753329,334.701
0.003762651,335.597
0.003771959,335.088
0.003781279,335.526
0.003790577,334.713
0.003799907,335.905
0.003809231,335.657
0.003818527,334.636
0.003827853,335.763
0.003837151,334.698
0.003846473,335.590
0.003855773,334.809
0.003865131,336.894
0.003874481,336.614
0.003883807,335.719
0.003893123,335.388
0.003902472,336.554
0.003911796,335.657
0.003921109,335.265
0.003930434,335.730
0.003939759,335.700
0.003949078,335.449
0.003958405,335.801
0.003967729,335.657
0.003977028,334.746
0.003986354,335.755
0.003995650,334.642
0.004004947,334.697
0.004014245,334.744
0.004023543,334.706
0.004032902,336.943
0.004042251,336.570
0.004051573,335.586
0.004060879,335.022
0.004070176,334.694
0.004079499,335.596
0.004088799,334.815
0.004098121,335.590
0.004107418,334.709
0.004116723,334.954
0.004126020,334.716
0.004135316,334.639
0.004144644,335.823
0.004153987,336.323
0.004163311,335.695
0.004172609,334.716
0.004181931,335.593
0.004191232,334.833
0.004200528,334.646
0.004209849,335.556
0.004219149,334.806
0.004228445,334.651
0.004237742,334.702
0.004247093,336.643
0.004256391,334.713
0.004265686,334.636
0.004274989,334.912
0.004284301,335.209
0.004293598,334.711
0.004302898,334.796
0.004312194,334.643
0.004321520,335.754
0.004330816,334.636
0.004340140,335.661
0.004349438,334.728
0.004358747,335.118
0.004368042,334.631
0.004377342,334.813
0.004386666,335.651
0.004395988,335.601
0.004405288,334.811
0.004414606,335.422
0.004423930,335.667
0.004433254,335.683
0.004442598,336.379
0.004451946,336.527
0.004461321,337.495
0.004470619,334.739
0.004479926,335.053
0.004489225,334.748
0.004498537,335.219
0.004507837,334.820
0.004517156,335.474
0.004526454,334.718
0.004535780,335.750
0.004545076,334.647
0.004554399,335.646
0.004563700,334.845
0.004573014,335.280
0.004582336,335.592
0.004591636,334.814
0.004600932,334.635
0.004610258,335.762
0.004619555,334.697
0.004628851,334.648
0.004638153,334.863
0.004647449,334.644
0.004656766,335.429
0.004666064,334.728
0.004675374,335.155
0.004684696,335.587
0.004694023,335.766
0.004703349,335.736
0.004712645,334.656
0.004721945,334.813
0.004731256,335.204
0.004740579,335.625
0.004749889,335.152
0.004759188,334.750
0.004768488,334.797
0.004777793,334.989
0.004787090,334.698
0.004796415,335.693
0.004805712,334.717
0.004815055,336.321
0.004824355,334.824
0.004833651,334.635
0.004842949,334.722
0.004852275,335.735
0.004861570,334.654
0.004870907,336.100
0.004880234,335.803
0.004889532,334.714
0.004898828,334.647
0.004908128,334.814
0.004917424,334.634
0.004926750,335.764
0.004936048,334.701
0.004945371,335.656
0.004954702,335.891
0.004964009,335.052
0.004973334,335.702
0.004982659,335.711
0.004991957,334.728
0.005001253,334.659
0.005010604,336.634
0.005019925,335.538
0.005029246,335.577
0.005038547,334.826
0.005047843,334.667
0.005057141,334.731
0.005066466,335.689
0.005075763,334.710
0.005085063,334.794
0.005094359,334.646
0.005103656,334.700
0.005112955,334.747
0.005122303,336.553
0.005131626,335.596
0.005140979,336.718
0.005150301,335.586
0.005159598,334.711
0.005168901,334.904
0.005178197,334.645
0.005187497,334.803
0.005196822,335.701
0.005206120,334.720
0.005215415,334.638
0.005224716,334.816
0.005234011,334.638
0.005243312,334.816
0.005252609,334.698
0.005261931,335.603
0.005271231,334.814
0.005280539,335.069
0.005289851,335.239
0.005299156,334.990
0.005308470,335.291
0.005317792,335.596
0.005327119,335.771
0.005336416,334.702
0.005345763,336.491
0.005355071,335.090
0.005364367,334.645
0.005373665,334.724
0.005383016,336.643
0.005392340,335.664
0.005401666,335.744
0.005410973,335.052
0.005420318,336.400
0.005429616,334.744
0.005438917,334.821
0.005448235,335.451
0.005457535,334.812
0.005466857,335.585
0.005476181,335.665
0.005485485,334.925
0.005494800,335.340
0.005504097,334.698
0.005513395,334.748
0.005522693,334.716
0.005531991,334.730
0.005541325,336.025
0.005550647,335.594
0.005559974,335.764
0.005569291,335.416
0.005578614,335.622
0.005587914,334.806
0.005597211,334.691
0.005606509,334.742
0.005615834,335.693
0.005625153,335.465
0.005634499,336.484
0.005643826,335.766
0.005653123,334.698
0.005662475,336.647
0.005671782,335.068
0.005681080,334.707
0.005690407,335.789
0.005699703,334.634
0.005709027,335.681
0.005718327,334.791
0.005727622,334.643
0.005736919,334.695
0.005746244,335.691
0.005755589,336.429
0.005764885,334.636
0.005774192,335.049
0.005783503,335.210
0.005792826,335.639
0.005802180,336.729
0.005811493,335.272
0.005820820,335.765
0.005830153,335.981
0.005839477,335.663
0.005848828,336.645
0.005858149,335.554
0.005867445,334.646
0.005876804,336.921
0.005886101,334.697
0.005895421,335.528
0.005904748,335.763
0.005914060,335.243
0.005923386,335.753
0.005932681,334.610
0.005941979,334.721
0.005951305,335.742
0.005960637,335.940
0.005969934,334.698
0.005979265,335.913
0.005988563,334.717
0.005997858,334.625
0.006007158,334.812
0.006016453,334.632
0.006025774,335.549
0.006035101,335.749
0.006044423,335.595
0.006053746,335.646
0.006063045,334.742
0.006072359,335.331
0.006081693,336.005
0.006091043,336.597
0.006100364,335.584
0.006109691,335.765
0.006118988,334.693
0.006128323,336.062
0.006137651,335.814
0.006146947,334.639
0.006156268,335.554
0.006165622,336.757
0.006174921,334.749
0.006184242,335.553
0.006193542,334.820
0.006202840,334.703
0.006212164,335.690
0.006221499,336.036
0.006230821,335.590
0.006240148,335.766
0.006249469,335.584
0.006258767,334.717
0.006268067,334.792
0.006277363,334.647
0.006286686,335.653
0.006296011,335.688
0.006305329,335.458
0.006314676,336.478
0.006323976,334.812
0.006333307,335.927
0.006342660,336.711
0.006351958,334.698
0.006361296,336.197
0.006370597,334.811
0.006379893,334.650
0.006389191,334.737
0.006398489,334.733
0.006407814,335.694
0.006417125,335.197
0.006426427,334.870
0.006435725,334.722
0.006445051,335.741
0.006454385,336.041
0.006463700,335.336
0.006473028,335.793
0.006482350,335.605
0.006491648,334.731
0.006500975,335.777
0.006510271,334.651
0.006519568,334.696
0.006528867,334.748
0.006538191,335.664
0.006547513,335.590
0.006556813,334.821
0.006566135,335.587
0.006575459,335.665
0.006584785,335.747
0.006594081,334.646
0.006603382,334.815
0.006612704,335.588
0.006622017,335.297
0.006631315,334.730
0.006640640,335.671
0.006649935,334.629
0.006659238,334.909
0.006668535,334.707
0.006677877,336.288
0.006687180,334.911
0.006696475,334.641
0.006705785,335.165
0.006715084,334.758
0.006724382,334.722
0.006733678,334.667
0.006742988,335.143
0.006752285,334.697
0.006761611,335.720
0.006770935,335.660
0.006780266,335.940
0.006789594,335.793
0.006798889,334.635
0.006808187,334.715
0.006817492,334.984
0.006826801,335.130
0.006836098,334.696
0.006845423,335.692
0.006854721,334.717
0.006864043,335.590
0.006873345,334.890
0.006882641,334.637
0.006891938,334.714
0.006901241,334.887
0.006910563,335.609
0.006919891,335.807
0.006929197,335.012
0.006938521,335.669
0.006947819,334.727
0.006957156,336.118
0.006966477,335.574
0.006975810,335.987
0.006985107,334.700
0.006994403,334.646
0.007003703,334.812
0.007013025,335.589
0.007022350,335.668
0.007031701,336.643
0.007040999,334.721
0.007050298,334.795
0.007059630,335.945
0.007068927,334.697
0.007078252,335.701
0.007087586,336.016
0.007096908,335.589
0.007106208,334.803
0.007115504,334.638
0.007124801,334.716
0.007134132,335.889
0.007143429,334.714
0.007152727,334.719
0.007162025,334.742
0.007171323,334.719
0.007180645,335.591
0.007189945,334.816
0.007199277,335.926
0.007208577,334.809
0.007217900,335.646
0.007227196,334.642
0.007236515,335.482
0.007245837,335.607
0.007255156,335.478
0.007264488,335.954
0.007273814,335.714
0.007283109,334.634
0.007292436,335.762
0.007301733,334.695
0.007311029,334.643
0.007320384,336.781
0.007329724,336.257
0.007339025,334.821
0.007348320,334.639
0.007357618,334.713
0.007366918,334.796
0.007376276,336.895
0.007385615,336.195
0.007394973,336.910
0.007404272,334.741
0.007413606,336.056
0.007422910,334.938
0.007432232,335.592
0.007441555,335.611
0.007450907,336.692
0.007460221,335.281
0.007469547,335.764
0.007478869,335.568
0.007488167,334.720
0.007497491,335.677
0.007506789,334.717
0.007516099,335.181
0.007525415,335.370
0.007534713,334.724
0.007544009,334.649
0.007553341,335.963
0.007562651,335.171
0.007571975,335.658
0.007581300,335.679
0.007590597,334.714
0.007599919,335.589
0.007609246,335.765
0.007618588,336.318
0.007627913,335.694
0.007637213,334.804
0.007646556,336.337
0.007655862,335.023
0.007665184,335.594
0.007674482,334.719
0.007683808,335.749
0.007693104,334.646
0.007702401,334.698
0.007711728,335.785
0.007721026,334.715
0.007730321,334.634
0.007739623,334.863
0.007748981,336.885
0.007758308,335.772
0.007767632,335.658
0.007776929,334.683
0.007786271,336.339
0.007795569,334.707
0.007804867,334.738
0.007814193,335.718
0.007823504,335.218
0.007832800,334.663
0.007842105,334.953
0.007851402,334.697
0.007860698,334.653
0.007870032,336.021
0.007879336,334.966
0.007888661,335.711
0.007897960,334.739
0.007907258,334.747
0.007916585,335.769
0.007925881,334.654
0.007935179,334.734
0.007944478,334.766
0.007953776,334.714
0.007963099,335.617
0.007972425,335.764
0.007981721,334.635
0.007991045,335.663
0.008000345,334.793
0.008009640,334.644
0.008018964,335.648
0.008028262,334.744
0.008037560,334.717
0.008046855,334.630
0.008056156,334.812
0.008065451,334.633
0.008074751,334.814
0.008084076,335.683
0.008093391,335.338
0.008102693,334.884
0.008112000,335.051
0.008121301,334.817
0.008130625,335.696
0.008139950,335.679
0.008149269,335.495
0.008158570,334.824
0.008167867,334.692
0.008177198,335.937
0.008186499,334.805
0.008195821,335.589
0.008205118,334.716
0.008214417,334.747
0.008223759,336.308
0.008233085,335.743
0.008242381,334.644
0.008251698,335.412
0.008260996,334.736
0.008270293,334.717
0.008279610,335.405
0.008288911,334.812
0.008298206,334.635
0.008307504,334.726
0.008316804,334.798
0.008326114,335.178
0.008335438,335.651
0.008344790,336.660
0.008354115,335.705
0.008363410,334.638
0.008372749,336.202
0.008382089,336.225
0.008391390,334.832
0.008400713,335.652
0.008410009,334.647
0.008419336,335.767
0.008428681,336.405
0.008437978,334.718
0.008447280,334.869
0.008456604,335.670
0.008465951,336.468
0.008475253,334.880
0.008484550,334.708
0.008493846,334.657
0.008503147,334.811
0.008512442,334.640
0.008521742,334.806
0.008531038,334.633
0.008540362,335.678
0.008549662,334.792
0.008558969,335.055
0.008568266,334.694
0.008577564,334.740
0.008586862,334.714
0.008596184,335.590
0.008605484,334.815
0.008614782,334.716
0.008624107,335.701
0.008633445,336.155
0.008642741,334.666
0.008652038,334.702
0.008661363,335.685
0.008670661,334.722
0.008679959,334.731
0.008689256,334.712
0.008698552,334.626
0.008707878,335.756
0.008717202,335.648
0.008726518,335.390
0.008735822,334.936
0.008745130,335.098
0.008754428,334.708
0.008763779,336.633
0.008773091,335.238
0.008782410,335.502
0.008791737,335.762
0.008801034,334.701
0.008810330,334.648
0.008819657,335.792
0.008828953,334.638
0.008838253,334.807
0.008847558,334.987
0.008856878,335.505
0.008866178,334.804
0.008875474,334.656
0.008884798,335.655
0.008894123,335.695
0.008903439,335.395
0.008912758,335.479
0.008922060,334.866
0.008931356,334.676
0.008940654,334.726
0.008949957,334.909
0.008959270,335.237
0.008968567,334.702
0.008977865,334.744
0.008987163,334.714
0.008996461,334.725
0.009005785,335.674
0.009015117,335.934
0.009024417,334.809
0.009033714,334.697
0.009043030,335.395
0.009052357,335.764
0.009061679,335.589
0.009070977,334.722
0.009080302,335.691
0.009089635,336.000
0.009098933,334.719
0.009108234,334.842
0.009117558,335.655
0.009126880,335.592
0.009136206,335.756
0.009145502,334.632
0.009154802,334.811
0.009164139,336.126
0.009173464,335.703
0.009182766,334.863
0.009192071,334.979
0.009201368,334.723
0.009210668,334.775
0.009219992,335.690
0.009229288,334.644
0.009238616,335.802
0.009247912,334.651
0.009257235,335.626
0.009266543,335.109
0.009275858,335.340
0.009285185,335.773
0.009294507,335.587
0.009303805,334.714
0.009313103,334.733
0.009322427,335.664
0.009331722,334.636
0.009341049,335.769
0.009350355,335.014
0.009359678,335.627
0.009369011,335.978
0.009378308,334.676
0.009387630,335.613
0.009396935,334.994
0.009406260,335.698
0.009415557,334.662
0.009424857,334.816
0.009434155,334.726
0.009443454,334.767
0.009452799,336.431
0.009462097,334.714
0.009471431,336.034
0.009480728,334.674
0.009490052,335.674
0.009499379,335.771
0.009508675,334.654
0.009517998,335.643
0.009527323,335.692
0.009536621,334.715
0.009545941,335.531
0.009555270,335.829
0.009564566,334.668
0.009573864,334.719
0.009583163,334.783
0.009592486,335.614
0.009601813,335.771
0.009611108,334.638
0.009620406,334.713
0.009629730,335.683
0.009639041,335.182
0.009648336,334.634
0.009657663,335.771
0.009666982,335.470
0.009676278,334.643
0.009685578,334.811
0.009694873,334.639
0.009704171,334.725
0.009713496,335.687
0.009722820,335.669
0.009732120,334.798
0.009741451,335.921
0.009750752,334.812
0.009760053,334.850
0.009769351,334.726
0.009778647,334.669
0.009787952,334.954
0.009797247,334.643
0.009806567,335.523
0.009815896,335.847
0.009825192,334.658
0.009834490,334.699
0.009843814,335.694
0.009853112,334.720
0.009862419,335.038
0.009871719,334.818
0.009881041,335.583
0.009890368,335.768
0.009899665,334.691
0.009908961,334.646
0.009918261,334.809
0.009927567,335.021
0.009936907,336.229
0.009946258,336.634
0.009955582,335.667
0.009964877,334.636
0.009974183,334.998
0.009983506,335.646
0.009992802,334.648
0.010002129,335.761
0.010011470,336.288
0.010020769,334.754
0.010030067,334.749
0.010039384,335.414
0.010048714,335.879
0.010058037,335.607
0.010067334,334.698
0.010076659,335.701
0.010085983,335.671
0.010095305,335.591
0.010104606,334.815
0.010113927,335.584
0.010123237,335.153
0.010132563,335.733
0.010141859,334.644
0.010151156,334.694
0.010160481,335.691
0.010169804,335.660
0.010179103,334.731
0.010188426,335.658
0.010197748,335.580
0.010207075,335.758
0.010216396,335.566
0.010225692,334.642
0.010234995,334.938
0.010244304,335.102
0.010253615,335.198
0.010262939,335.685
0.010272239,334.788
0.010281559,335.513
0.010290867,335.077
0.010300199,335.967
0.010309495,334.665
0.010318796,334.816
0.010328109,335.281
0.010337436,335.770
0.010346731,334.630
0.010356029,334.713
0.010365362,335.998
0.010374658,334.651
0.010383976,335.459
0.010393301,335.686
0.010402621,335.511
0.010411929,335.096
0.010421256,335.760
0.010430551,334.630
0.010439849,334.718
0.010449148,334.788
0.010458470,335.602
0.010467768,334.697
0.010477066,334.738
0.010486363,334.711
0.010495696,335.990
0.010504997,334.802
0.010514334,336.166
0.010523661,335.764
0.010532985,335.656
0.010542281,334.652
0.010551586,334.972
0.010560922,336.099
0.010570252,335.896
0.010579580,335.793
0.010588895,335.339
0.010598191,334.652
0.010607518,335.798
0.010616842,335.658
0.010626141,334.750
0.010635464,335.634
0.010644776,335.218
0.010654076,334.820
0.010663372,334.635
0.010672696,335.665
0.010682022,335.743
0.010691318,334.647
0.010700615,334.692
0.010709913,334.747
0.010719211,334.713
0.010728533,335.592
0.010737862,335.857
0.010747164,334.861
0.010756488,335.671
0.010765814,335.754
0.010775110,334.646
0.010784410,334.811
0.010793733,335.598
0.010803030,334.714
0.010812328,334.732
0.010821626,334.709
0.010830936,335.156
0.010840241,335.007
0.010849539,334.708
0.010858835,334.672
0.010868140,334.962
0.010877477,336.124
0.010886798,335.582
0.010896096,334.734
0.010905421,335.665
0.010914742,335.582
0.010924043,334.820
0.010933340,334.698
0.010942638,334.738
0.010951946,335.073
0.010961241,334.646
0.010970579,336.158
0.010979876,334.675
0.010989175,334.767
0.010998502,335.783
0.011007799,334.673
0.011017096,334.706
0.011026399,334.911
0.011035733,336.039
0.011045065,335.935
0.011054368,334.908
0.011063664,334.652
0.011072988,335.660
0.011082314,335.762
0.011091610,334.654
0.011100937,335.759
0.011110243,335.021
0.011119574,335.921
0.011128901,335.755
0.011138199,334.748
0.011147504,334.974
0.011156806,334.864
0.011166130,335.655
0.011175452,335.603
0.011184779,335.760
0.011194090,335.213
0.011203391,334.822
0.011212742,336.646
0.011222040,334.727
0.011231375,336.050
0.011240681,335.022
0.011249978,334.697
0.011259305,335.786
0.011268629,335.664
0.011277961,335.934
0.011287261,334.818
0.011296571,335.134
0.011305895,335.668
0.011315195,334.794
0.011324511,335.374
0.011333808,334.694
0.011343106,334.740
0.011352404,334.714
0.011361725,335.579
0.011371026,334.823
0.011380321,334.632
0.011389648,335.756
0.011398945,334.706
0.011408266,335.546
0.011417569,334.911
0.011426865,334.647
0.011436165,334.800
0.011445463,334.739
0.011454761,334.726
0.011464083,335.589
0.011473416,335.980
0.011482713,334.699
0.011492060,336.488
0.011501386,335.758
0.011510682,334.636
0.011519979,334.709
0.011529304,335.688
0.011538602,334.720
0.011547928,335.748
0.011557224,334.649
0.011566521,334.697
0.011575846,335.689
0.011585156,335.156
0.011594451,334.644
0.011603752,334.814
0.011613047,334.631
0.011622345,334.714
0.011631671,335.752
0.011640987,335.380
0.011650284,334.696
0.011659609,335.691
0.011668909,334.799
0.011678224,335.331
0.011687526,334.867
0.011696821,334.627
0.011706149,335.812
0.011715447,334.732
0.011724769,335.604
0.011734096,335.760
0.011743404,335.084
0.011752728,335.661
0.011762057,335.847
0.011771402,336.437
0.011780698,334.638
0.011790025,335.762
0.011799322,334.697
0.011808617,334.640
0.011817918,334.809
0.011827230,335.266
0.011836531,334.822
0.011845827,334.638
0.011855143,335.395
0.011864443,334.791
0.011873765,335.593
0.011883062,334.699
0.011892393,335.913
0.011901706,335.283
0.011911024,335.446
0.011920325,334.824
0.011929621,334.640
0.011938918,334.724
0.011948218,334.793
0.011957557,336.191
0.011966890,335.974
0.011976189,334.765
0.011985486,334.721
0.011994784,334.730
0.012004092,335.069
0.012013387,334.627
0.012022740,336.711
0.012032037,334.702
0.012041396,336.891
0.012050701,334.991
0.012060010,335.112
0.012069333,335.659
0.012078631,334.730
0.012087950,335.461
0.012097272,335.583
0.012106598,335.759
0.012115922,335.642
0.012125217,334.645
0.012134516,334.766
0.012143839,335.608
0.012153140,334.839
0.012162435,334.628
0.012171748,335.273
0.012181048,334.794
0.012190356,335.091
0.012199694,336.165
0.012209019,335.695
0.012218343,335.663
0.012227639,334.644
0.012236962,335.643
0.012246284,335.601
0.012255608,335.672
0.012264962,336.710
0.012274276,335.306
0.012283576,334.816
0.012292882,335.010
0.012302179,334.712
0.012311504,335.685
0.012320802,334.715
0.012330097,334.636
0.012339424,335.767
0.012348734,335.178
0.012358057,335.600
0.012367393,336.105
0.012376709,335.394
0.012386034,335.692
0.012395333,334.765
0.012404658,335.689
0.012413958,334.812
0.012423281,335.626
0.012432579,334.721
0.012441904,335.694
0.012451202,334.742
0.012460498,334.634
0.012469798,334.816
0.012479130,335.932
0.012488449,335.514
0.012497776,335.748
0.012507071,334.648
0.012516369,334.714
0.012525668,334.776
0.012534982,335.292
0.012544304,335.591
0.012553604,334.816
0.012562926,335.586
0.012572280,336.719
0.012581577,334.695
0.012590890,335.263
0.012600193,334.923
0.012609525,335.940
0.012618837,335.228
0.012628140,334.911
0.012637437,334.712
0.012646733,334.638
0.012656059,335.758
0.012665383,335.655
0.012674679,334.641
0.012683986,335.070
0.012693282,334.634
0.012702616,336.026
0.012711967,336.635
0.012721264,334.719
0.012730591,335.747
0.012739886,334.646
0.012749204,335.419
0.012758528,335.692
0.012767827,334.740
0.012777185,336.894
0.012786511,335.730
0.012795808,334.699
0.012805133,335.695
0.012814461,335.804
0.012823776,335.366
0.012833076,334.804
0.012842376,334.785
0.012851691,335.356
0.012861016,335.681
0.012870314,334.718
0.012879609,334.634
0.012888936,335.757
0.012898245,335.120
0.012907588,336.370
0.012916915,335.761
0.012926210,334.636
0.012935508,334.705
0.012944859,336.634
0.012954156,334.722
0.012963452,334.630
0.012972780,335.820
0.012982103,335.645
0.012991428,335.689
0.013000778,336.603
0.013010093,335.334
0.013019393,334.814
0.013028689,334.631
0.013037986,334.713
0.013047292,334.997
0.013056627,336.066
0.013065953,335.745
0.013075287,336.028
0.013084586,334.760
0.013093908,335.590
0.013103209,334.815
0.013112548,336.203
0.013121845,334.717
0.013131145,334.793
0.013140467,335.596
0.013149767,334.809
0.013159088,335.542
0.013168386,334.713
0.013177710,335.689
0.013187008,334.718
0.013196303,334.630
0.013205630,335.761
0.013214954,335.653
0.013224276,335.593
0.013233576,334.808
0.013242871,334.636
0.013252205,336.001
0.013261529,335.682
0.013270827,334.718
0.013280153,335.744
0.013289458,334.987
0.013298758,334.775
0.013308058,334.808
0.013317356,334.717
0.013326678,335.590
0.013335978,334.820
0.013345294,335.354
0.013354592,334.759
0.013363893,334.827
0.013373189,334.662
0.013382514,335.679
0.013391839,335.697
0.013401136,334.717
0.013410468,335.934
0.013419796,335.809
0.013429118,335.587
0.013438445,335.766
0.013447768,335.646
0.013457064,334.646
0.013466391,335.765
0.013475725,336.025
0.013485048,335.658
0.013494346,334.728
0.013503684,336.158
0.013513042,336.898
0.013522352,335.150
0.013531705,336.690
0.013541027,335.596
0.013550329,334.872
0.013559652,335.620
0.013568952,334.824
0.013578258,335.003
0.013587572,335.296
0.013596878,335.041
0.013606200,335.593
0.013615497,334.688
0.013624822,335.701
0.013634134,335.223
0.013643456,335.594
0.013652809,336.713
0.013662120,335.203
0.013671443,335.617
0.013680743,334.793
0.013690039,334.646
0.013699336,334.698
0.013708661,335.696
0.013718004,336.359
0.013727311,335.061
0.013736633,335.597
0.013745929,334.634
0.013755229,334.819
0.013764535,335.007
0.013773832,334.680
0.013783132,334.818
0.013792428,334.663
0.013801777,336.545
0.013811102,335.695
0.013820427,335.704
0.013829749,335.584
0.013839076,335.773
0.013848400,335.675
0.013857726,335.740
0.013867061,336.058
0.013876357,334.637
0.013885657,334.813
0.013894995,336.183
0.013904296,334.816
0.013913596,334.803
0.013922901,334.978
0.013932198,334.717
0.013941554,336.793
0.013950852,334.721
0.013960158,335.027
0.013969513,336.764
0.013978808,334.635
0.013988144,336.084
0.013997444,334.804
0.014006740,334.683
0.014016067,335.770
0.014025416,336.538
0.014034740,335.663
0.014044091,336.634
0.014053429,336.183
0.014062748,335.497
0.014072075,335.763
0.014081392,335.395
0.014090713,335.569
0.014100040,335.756
0.014109335,334.635
0.014118635,334.813
0.014127941,335.003
0.014137265,335.662
0.014146565,334.792
0.014155860,334.644
0.014165184,335.644
0.014174509,335.699
0.014183838,335.835
0.014193174,336.126
0.014202481,335.057
0.014211777,334.643
0.014221075,334.722
0.014230377,334.876
0.014239690,335.258
0.014248987,334.702
0.014258286,334.753
0.014267610,335.663
0.014276908,334.739
0.014286206,334.720
0.014295521,335.347
0.014304821,334.811
0.014314119,334.702
0.014323414,334.641
0.014332714,334.810
0.014342036,335.584
0.014351334,334.708
0.014360632,334.726
0.014369929,334.714
0.014379237,335.061
0.014388563,335.762
0.014397887,335.646
0.014407193,335.011
0.014416519,335.762
0.014425841,335.587
0.014435142,334.822
0.014444437,334.639
0.014453753,335.355
0.014463055,334.891
0.014472377,335.592
0.014481676,334.757
0.014491002,335.729
0.014500300,334.719
0.014509621,335.586
0.014518922,334.817
0.014528253,335.922
0.014537551,334.714
0.014546903,336.699
0.014556199,334.645
0.014565526,335.753
0.014574821,334.641
0.014584119,334.713
0.014593443,335.685
0.014602766,335.611
0.014612061,334.626
0.014621362,334.820
0.014630712,336.610
0.014640008,334.644
0.014649313,334.981
0.014658634,335.584
0.014667932,334.707
0.014677283,336.631
0.014686607,335.669
0.014695931,335.658
0.014705285,336.748
0.014714582,334.707
0.014723889,335.037
0.014733187,334.726
0.014742491,334.950
0.014751795,334.946
0.014761090,334.635
0.014770388,334.716
0.014779720,335.944
0.014789016,334.651
0.014798326,335.176
0.014807625,334.749
0.014816949,335.662
0.014826295,336.471
0.014835648,336.720
0.014844944,334.637
0.014854271,335.763
0.014863568,334.696
0.014872890,335.598
0.014882190,334.807
0.014891486,334.639
0.014900783,334.705
0.014910134,336.634
0.014919455,335.548
0.014928752,334.707
0.014938053,334.822
0.014947351,334.727
0.014956646,334.650
0.014965948,334.857
0.014975280,335.933
0.014984577,334.719
0.014993928,336.636
0.015003252,335.671
0.015012608,336.785
0.015021904,334.664
0.015031201,334.703
0.015040526,335.707
0.015049837,335.174
0.015059168,335.943
0.015068496,335.784
0.015077832,336.097
0.015087180,336.519
0.015096506,335.750
0.015105847,336.295
0.015115145,334.694
0.015124469,335.697
0.015133767,334.722
0.015143065,334.732
0.015152373,335.081
0.015161678,334.967
0.015170980,334.863
0.015180277,334.705
0.015189600,335.622
0.015198927,335.788
0.015208236,335.128
0.015217535,334.751
0.015226834,334.759
0.015236146,335.250
0.015245469,335.614
0.015254804,336.059
0.015264120,335.383
0.015273416,334.647
0.015282716,334.809
0.015292030,335.305
0.015301375,336.400
0.015310670,334.649
0.015319968,334.722
0.015329268,334.795
0.015338576,335.082
0.015347873,334.695
0.015357224,336.644
0.015366548,335.663
0.015375844,334.636
0.015385144,334.813
0.015394442,334.726
0.015403740,334.747
0.015413067,335.756
0.015422363,334.651
0.015431687,335.680
0.015441009,335.585
0.015450307,334.714
0.015459631,335.688
0.015468940,335.113
0.015478309,337.295
0.015487610,334.816
0.015496907,334.702
0.015506216,335.122
0.015515516,334.802
0.015524826,335.156
0.015534124,334.717
0.015543448,335.686
0.015552792,336.377
0.015562107,335.325
0.015571462,336.806
0.015580760,334.702
0.015590086,335.736
0.015599384,334.743
0.015608680,334.647
0.015617981,334.854
0.015627292,335.186
0.015636591,334.756
0.015645892,334.833
0.015655188,334.666
0.015664486,334.712
0.015673785,334.772
0.015683083,334.718
0.015692402,335.502
0.015701729,335.765
0.015711051,335.583
0.015720375,335.667
0.015729701,335.751
0.015739015,335.309
0.015748317,334.853
0.015757637,335.543
0.015766951,335.276
0.015776249,334.733
0.015785570,335.562
0.015794879,335.138
0.015804180,334.813
0.015813503,335.656
0.015822799,334.643
0.015832099,334.807
0.015841395,334.645
0.015850726,335.912
0.015860054,335.795
0.015869352,334.751
0.015878648,334.637
0.015887948,334.817
0.015897245,334.697
0.015906570,335.681
0.015915867,334.708
0.015925183,335.356
0.015934483,334.811
0.015943828,336.433
0.015953148,335.498
0.015962447,334.790
0.015971769,335.592
0.015981067,334.700
0.015990394,335.799
0.015999692,334.711
0.016008988,334.645
0.016018290,334.879
0.016027585,334.640
0.016036883,334.706
0.016046183,334.803
0.016055478,334.642
0.016064787,335.101
0.016074082,334.639
0.016083380,334.713
0.016092680,334.791
0.016101978,334.744
0.016111295,335.397
0.016120615,335.514
0.016129912,334.722
0.016139230,335.447
0.016148559,335.823
0.016157882,335.624
0.016167179,334.714
0.016176530,336.631
0.016185846,335.389
0.016195151,334.970
0.016204461,335.150
0.016213758,334.702
0.016223091,335.976
0.016232389,334.716
0.016241684,334.638
0.016251011,335.762
0.016260332,335.578
0.016269630,334.708
0.016278930,334.795
0.016288239,335.144
0.016297536,334.695
0.016306861,335.690
0.016316159,334.712
0.016325456,334.708
0.016334784,335.795
0.016344080,334.668
0.016353378,334.727
0.016362678,334.794
0.016371973,334.645
0.016381274,334.810
0.016390595,335.546
0.016399919,335.675
0.016409250,335.937
0.016418572,335.571
0.016427867,334.633
0.016437194,335.768
0.016446491,334.698
0.016455823,335.941
0.016465123,334.807
0.016474418,334.634
0.016483727,335.108
0.016493033,335.005
0.016502330,334.716
0.016511652,335.587
0.016520953,334.818
0.016530250,334.693
0.016539548,334.751
0.016548846,334.716
0.016558149,334.909
0.016567478,335.824
0.016576800,335.593
0.016586098,334.743
0.016595399,334.826
0.016604695,334.651
0.016613993,334.728
0.016623348,336.795
0.016632646,334.724
0.016641942,334.663
0.016651244,334.851
0.016660539,334.645
0.016669837,334.710
0.016679158,335.549
0.016688454,334.664
0.016697791,336.135
0.016707097,335.036
0.016716396,334.754
0.016725747,336.643
0.016735081,336.011
0.016744403,335.588
0.016753703,334.822
0.016763049,336.430
0.016772416,337.233
0.016781713,334.672
0.016791038,335.712
0.016800364,335.748
0.016809660,334.652
0.016818957,334.696
0.016828256,334.745
0.016837553,334.710
0.016846875,335.584
0.016856202,335.779
0.016865510,335.079
0.016874811,334.817
0.016884111,334.800
0.016893433,335.604
0.016902786,336.716
0.016912082,334.638
0.016921379,334.715
0.016930704,335.678
0.016940040,336.113
0.016949336,334.643
0.016958641,334.978
0.016967938,334.692
0.016977260,335.595
0.016986566,335.032
0.016995862,334.635
0.017005159,334.717
0.017014458,334.736
0.017023759,334.851
0.017033055,334.643
0.017042408,336.722
0.017051749,336.265
0.017061047,334.738
0.017070344,334.708
0.017079640,334.633
0.017088940,334.818
0.017098236,334.634
0.017107560,335.658
0.017116912,336.696
0.017126208,334.647
0.017135547,336.220
0.017144846,334.763
0.017154144,334.719
0.017163468,335.643
0.017172804,336.099
0.017182099,334.637
0.017191434,336.076
0.017200742,335.071
0.017210064,335.596
0.017219391,335.761
0.017228739,336.541
0.017238051,335.218
0.017247375,335.680
0.017256699,335.668
0.017265995,334.638
0.017275322,335.768
0.017284622,334.794
0.017293944,335.612
0.017303253,335.107
0.017312548,334.632
0.017321849,334.821
0.017331144,334.639
0.017340487,336.354
0.017349821,336.011
0.017359128,335.060
0.017368446,335.453
0.017377797,336.643
0.017387095,334.708
0.017396403,335.104
0.017405704,334.813
0.017414999,334.647
0.017424308,335.114
0.017433609,334.829
0.017442906,334.686
0.017452203,334.705
0.017461510,335.034
0.017470826,335.372
0.017480132,335.050
0.017489440,335.071
0.017498735,334.630
0.017508036,334.811
0.017517333,334.700
0.017526664,335.937
0.017535991,335.758
0.017545288,334.708
0.017554613,335.687
0.017563938,335.682
0.017573250,335.253
0.017582557,335.048
0.017591857,334.804
0.017601154,334.697
0.017610450,334.641
0.017619750,334.807
0.017629063,335.265
0.017638390,335.762
0.017647698,335.086
0.017657041,336.356
0.017666342,334.845
0.017675639,334.677
0.017684962,335.650
0.017694295,335.988
0.017703595,334.778
0.017712930,336.072
0.017722232,334.859
0.017731528,334.658
0.017740850,335.610
0.017750151,334.824
0.017759448,334.682
0.017768745,334.698
0.017778043,334.744
0.017787341,334.716
0.017796642,334.831
0.017805940,334.739
0.017815255,335.334
0.017824589,336.021
0.017833886,334.697
0.017843218,335.937
0.017852518,334.806
0.017861827,335.119
0.017871164,336.133
0.017880515,336.640
0.017889813,334.722
0.017899108,334.634
0.017908408,334.812
0.017917724,335.376
0.017927020,334.649
0.017936347,335.776
0.017945660,335.252
0.017954987,335.766
0.017964309,335.589
0.017973607,334.735
0.017982908,334.832
0.017992204,334.656
0.018001534,335.911
0.018010860,335.720
0.018020173,335.268
0.018029495,335.604
0.018038799,334.946
0.018048122,335.629
0.018057447,335.669
0.018066800,336.710
0.018076140,336.254
0.018085449,335.116
0.018094755,335.029
0.018104053,334.740
0.018113378,335.686
0.018122676,334.718
0.018131971,334.635
0.018141272,334.813
0.018150582,335.186
0.018159901,335.470
0.018169201,334.818
0.018178512,335.179
0.018187836,335.667
0.018197189,336.695
0.018206503,335.334
0.018215856,336.692
0.018225162,334.998
0.018234459,334.692
0.018243784,335.733
0.018253134,336.601
0.018262456,335.592
0.018271772,335.343
0.018281070,334.740
0.018290381,335.209
0.018299708,335.752
0.018309003,334.641
0.018318327,335.648
0.018327625,334.739
0.018336940,335.318
0.018346235,334.637
0.018355572,336.119
0.018364886,335.314
0.018374223,336.126
0.018383520,334.712
0.018392837,335.387
0.018402164,335.793
0.018411460,334.661
0.018420758,334.719
0.018430083,335.688
0.018439402,335.487
0.018448721,335.488
0.018458021,334.815
0.018467345,335.655
0.018476667,335.598
0.018485977,335.153
0.018495325,336.537
0.018504626,334.812
0.018513921,334.638
0.018523246,335.679
0.018532559,335.285
0.018541882,335.625
0.018551206,335.665
0.018560536,335.864
0.018569859,335.660
0.018579155,334.637
0.018588458,334.916
0.018597753,334.628
0.018607051,334.720
0.018616351,334.796
0.018625690,336.210
0.018634987,334.694
0.018644312,335.695
0.018653610,334.714
0.018662934,335.675
0.018672243,335.109
0.018681538,334.630
0.018690865,335.765
0.018700162,334.697
0.018709506,336.389
0.018718806,334.805
0.018728123,335.414
0.018737421,334.716
0.018746745,335.687
0.018756086,336.243
0.018765381,334.634
0.018774684,334.895
0.018783981,334.707
0.018793279,334.741
0.018802653,337.448
0.018812002,336.554
0.018821303,334.849
0.018830599,334.644
0.018839897,334.749
0.018849202,334.974
0.018858520,335.446
0.018867817,334.701
0.018877116,334.743
0.018886440,335.661
0.018895735,334.639
0.018905036,334.816
0.018914331,334.633
0.018923654,335.642
0.018932954,334.797
0.018942250,334.648
0.018951550,334.811
0.018960872,335.589
0.018970170,334.705
0.018979494,335.682
0.018988792,334.722
0.018998103,335.182
0.019007403,334.807
0.019016703,334.799
0.019026048,336.420
0.019035375,335.762
0.019044697,335.623
0.019053996,334.732
0.019063295,334.768
0.019072593,334.728
0.019081888,334.650
0.019091225,336.116
0.019100541,335.369
0.019109839,334.746
0.019119137,334.727
0.019128479,336.297
0.019137779,334.813
0.019147113,336.021
0.019156473,336.966
0.019165800,335.744
0.019175117,335.414
0.019184440,335.649
0.019193738,334.734
0.019203036,334.715
0.019212332,334.643
0.019221632,334.810
0.019230927,334.627
0.019240254,335.761
0.019249551,334.696
0.019258883,335.942
0.019268185,334.902
0.019277481,334.642
0.019286779,334.717
0.019296130,336.637
0.019305454,335.665
0.019314763,335.114
0.019324063,334.810
0.019333360,334.698
0.019342706,336.464
0.019352026,335.521
0.019361324,334.714
0.019370622,334.746
0.019379949,335.750
0.019389265,335.369
0.019398565,334.825
0.019407887,335.601
0.019417204,335.406
0.019426503,334.746
0.019435800,334.710
0.019445122,335.588
0.019454449,335.765
0.019463771,335.586
0.019473069,334.717
0.019482368,334.796
0.019491679,335.182
0.019501014,336.054
0.019510353,336.215
0.019519652,334.739
0.019528950,334.754
0.019538249,334.749
0.019547545,334.655
0.019556846,334.826
0.019566141,334.655
0.019575479,336.158
0.019584806,335.756
0.019594129,335.623
0.019603426,334.697
0.019612724,334.742
0.019622022,334.724
0.019631344,335.593
0.019640651,335.065
0.019649967,335.367
0.019659268,334.829
0.019668592,335.657
0.019677887,334.642
0.019687188,334.817
0.019696483,334.635
0.019705802,335.484
0.019715100,334.728
0.019724424,335.666
0.019733743,335.460
0.019743096,336.714
0.019752422,335.758
0.019761718,334.652
0.019771019,334.812
0.019780331,335.258
0.019789658,335.764
0.019798963,334.977
0.019808280,335.406
0.019817587,335.060
0.019826894,335.049
0.019836191,334.690
0.019845522,335.908
0.019854819,334.714
0.019864115,334.633
0.019873415,334.808
0.019882710,334.634
0.019892034,335.669
0.019901335,334.804
0.019910654,335.503
0.019919978,335.646
0.019929303,335.697
0.019938602,334.773
0.019947927,335.714
0.019957261,336.030
0.019966557,334.640
0.019975857,334.814
0.019985154,334.694
0.019994452,334.714
0.020003780,335.794
0.020013098,335.456
0.020022396,334.721
0.020031698,334.875
0.020040995,334.716
0.020050291,334.634
0.020059617,335.761
0.020068915,334.696
0.020078236,335.556
0.020087545,335.145
0.020096867,335.588
0.020106194,335.781
0.020115516,335.565
0.020124859,336.375
0.020134166,335.035
0.020143488,335.590
0.020152785,334.695
0.020162110,335.691
0.020171407,334.712
0.020180752,336.422
0.020190053,334.820
0.020199430,337.581
0.020208755,335.701
0.020218055,334.793
0.020227350,334.642
0.020236651,334.805
0.020245948,334.705
0.020255292,336.379
0.020264616,335.682
0.020273914,334.719
0.020283257,336.351
0.020292558,334.814
0.020301855,334.699
0.020311177,335.591
0.020320477,334.797
0.020329772,334.639
0.020339094,335.579
0.020348445,336.632
0.020357742,334.715
0.020367037,334.623
0.020376338,334.811
0.020385661,335.640
0.020394960,334.749
0.020404284,335.676
0.020413579,334.636
0.020422906,335.768
0.020432225,335.485
0.020441537,335.224
0.020450864,335.767
0.020460182,335.438
0.020469501,335.498
0.020478829,335.820
0.020488146,335.380
0.020497441,334.646
0.020506769,335.803
0.020516065,334.643
0.020525401,336.092
0.020534698,334.699
0.020544013,335.340
0.020553340,335.766
0.020562647,335.056
0.020571944,334.713
0.020581243,334.734
0.020590540,334.714
0.020599836,334.635
0.020609162,335.765
0.020618459,334.694
0.020627818,336.894
0.020637118,334.812
0.020646456,336.177
0.020655754,334.712
0.020665078,335.687
0.020674420,336.300
0.020683720,334.794
0.020693042,335.599
0.020702339,334.691
0.020711664,335.692
0.020720961,334.719
0.020730259,334.704
0.020739564,334.995
0.020748874,335.137
0.020758171,334.716
0.020767471,334.804
0.020776768,334.678
0.020786065,334.702
0.020795390,335.685
0.020804714,335.667
0.020814036,335.579
0.020823336,334.812
0.020832631,334.634
0.020841958,335.758
0.020851255,334.702
0.020860577,335.589
0.020869880,334.904
0.020879187,335.064
0.020888533,336.437
0.020897835,334.882
0.020907155,335.503
0.020916450,334.635
0.020925777,335.762
0.020935147,337.334
0.020944469,335.600
0.020953778,335.110
0.020963091,335.273
0.020972452,337.007
0.020981775,335.618
0.020991109,336.019
0.021000436,335.784
0.021009733,334.675
0.021019048,335.354
0.021028376,335.795
0.021037675,334.756
0.021047002,335.794
0.021056331,335.830
0.021065654,335.617
0.021074978,335.677
0.021084304,335.751
0.021093600,334.653
0.021102900,334.807
0.021112206,335.003
0.021121504,334.711
0.021130804,334.806
0.021140128,335.668
0.021149450,335.585
0.021158782,335.958
0.021168079,334.699
0.021177375,334.643
0.021186680,335.001
0.021195976,334.644
0.021205309,336.008
0.021214634,335.681
0.021223951,335.424
0.021233247,334.638
0.021242547,334.819
0.021251844,334.695
0.021261169,335.692
0.021270467,334.712
0.021279788,335.584
0.021289089,334.819
0.021298411,335.590
0.021307717,335.028
0.021317046,335.840
0.021326342,334.657
0.021335639,334.702
0.021344943,334.940
0.021354241,334.714
0.021363536,334.635
0.021372836,334.801
0.021382152,335.372
0.021391451,334.740
0.021400751,334.803
0.021410047,334.668
0.021419357,335.158
0.021428652,334.634
0.021437970,335.422
0.021447275,334.990
0.021456573,334.716
0.021465870,334.716
0.021475171,334.834
0.021484469,334.710
0.021493764,334.638
0.021503065,334.817
0.021512374,335.139
0.021521672,334.709
0.021530999,335.802
0.021540344,336.397
0.021549639,334.631
0.021558966,335.765
0.021568263,334.698
0.021577581,335.458
0.021586890,335.097
0.021596211,335.584
0.021605521,335.133
0.021614853,335.955
0.021624177,335.682
0.021633504,335.749
0.021642812,335.119
0.021652110,334.699
0.021661408,334.746
0.021670706,334.711
0.021680001,334.648
0.021689302,334.820
0.021698597,334.634
0.021707897,334.803
0.021717224,335.752
0.021726520,334.652
0.021735829,335.139
0.021745125,334.635
0.021754422,334.713
0.021763722,334.788
0.021773046,335.663
0.021782341,334.639
0.021791668,335.762
0.021800965,334.704
0.021810283,335.440
0.021819584,334.814
0.021828893,335.145
0.021838191,334.719
0.021847516,335.720
0.021856815,334.756
0.021866136,335.541
0.021875437,334.844
0.021884761,335.649
0.021894059,334.744
0.021903357,334.713
0.021912679,335.590
0.021922005,335.763
0.021931337,335.927
0.021940661,335.670
0.021949964,334.899
0.021959286,335.616
0.021968584,334.704
0.021977882,334.740
0.021987180,334.715
0.021996499,335.500
0.022005800,334.818
0.022015111,335.211
0.022024435,335.668
0.022033761,335.743
0.022043093,335.939
0.022052446,336.710
0.022061741,334.627
0.022071055,335.284
0.022080353,334.728
0.022089650,334.717
0.022098946,334.630
0.022108272,335.760
0.022117583,335.189
0.022126915,335.936
0.022136234,335.483
0.022145530,334.659
0.022154836,335.018
0.022164161,335.709
0.022173460,334.757
0.022182813,336.701
0.022192118,334.991
0.022201444,335.731
0.022210769,335.702
0.022220103,336.016
0.022229446,336.369
0.022238747,334.813
0.022248056,335.123
0.022257366,335.177
0.022266719,336.691
0.022276030,335.203
0.022285337,335.077
0.022294662,335.691
0.022303978,335.373
0.022313312,336.024
0.022322620,335.066
0.022331951,335.925
0.022341251,334.818
0.022350549,334.702
0.022359844,334.649
0.022369145,334.814
0.022378466,335.583
0.022387764,334.718
0.022397089,335.681
0.022406427,336.192
0.022415747,335.511
0.022425059,335.215
0.022434356,334.707
0.022443691,336.051
0.022452993,334.874
0.022462333,336.261
0.022471635,334.843
0.022480931,334.663
0.022490249,335.447
0.022499576,335.783
0.022508873,334.676
0.022518170,334.700
0.022527469,334.777
0.022536767,334.732
0.022546063,334.630
0.022555363,334.810
0.022564685,335.584
0.022573982,334.706
0.022583308,335.741
0.022592647,336.200
0.022601944,334.692
0.022611243,334.743
0.022620540,334.710
0.022629864,335.676
0.022639162,334.714
0.022648484,335.585
0.022657810,335.761
0.022667108,334.695
0.022676403,334.640
0.022685752,336.571
0.022695048,334.659
0.022704409,336.993
0.022713716,335.053
0.022723015,334.757
0.022732347,335.940
0.022741675,335.809
0.022750990,335.349
0.022760288,334.740
0.022769586,334.710
0.022778901,335.333
0.022788254,336.715
0.022797588,336.025
0.022806926,336.181
0.022816257,335.913
0.022825553,334.647
0.022834877,335.646
0.022844201,335.698
0.022853515,335.287
0.022862836,335.550
0.022872136,334.809
0.022881503,337.197
0.022890803,334.819
0.022900127,335.647
0.022909439,335.227
0.022918772,336.002
0.022928082,335.164
0.022937395,335.251
0.022946719,335.689
0.022956031,335.230
0.022965350,335.492
0.022974689,336.199
0.022984004,335.319
0.022993352,336.526
0.023002679,335.772
0.023011974,334.638
0.023021274,334.811
0.023030607,335.958
0.023039904,334.713
0.023049204,334.790
0.023058500,334.647
0.023067797,334.700
0.023077122,335.694
0.023086420,334.724
0.023095768,336.534
0.023105068,334.816
0.023114364,334.640
0.023123697,336.010
0.023133024,335.747
0.023142319,334.646
0.023151626,335.046
0.023160924,334.738
0.023170222,334.717
0.023179522,334.801
0.023188820,334.736
0.023198116,334.633
0.023207450,336.017
0.023216773,335.644
0.023226095,335.598
0.023235400,334.963
0.023244716,335.384
0.023254041,335.698
0.023263392,336.650
0.023272717,335.682
0.023282013,334.664
0.023291340,335.780
0.023300682,336.288
0.023309980,334.738
0.023319330,336.599
0.023328625,334.629
0.023337926,334.821
0.023347274,336.541
0.023356572,334.717
0.023365898,335.745
0.023375207,335.127
0.023384504,334.696
0.023393802,334.741
0.023403100,334.711
0.023412396,334.641
0.023421699,334.905
0.023430994,334.637
0.023440292,334.727
0.023449592,334.790
0.023458887,334.642
0.023468196,335.131
0.023477493,334.667
0.023486791,334.731
0.023496089,334.731
0.023505423,336.013
0.023514718,334.637
0.023524019,334.827
0.023533317,334.734
0.023542635,335.431
0.023551966,335.937
0.023561302,336.106
0.023570600,334.709
0.023579931,335.924
0.023589229,334.716
0.023598549,335.545
0.023607886,336.113
0.023617183,334.704
0.023626534,336.639
0.023635832,334.717
0.023645144,335.217
0.023654470,335.760
0.023663768,334.702
0.023673092,335.694
0.023682392,334.802
0.023691688,334.653
0.023701012,335.644
0.023710337,335.695
0.023719650,335.265
0.023728981,335.935
0.023738283,334.874
0.023747596,335.257
0.023756894,334.722
0.023766247,336.699
0.023775542,334.648
0.023784844,334.872
0.023794180,336.076
0.023803495,335.347
0.023812793,334.742
0.023822092,334.748
0.023831387,334.637
0.023840720,335.966
0.023850080,336.953
0.023859411,335.941
0.023868764,336.716
0.023878077,335.254
0.023887375,334.719
0.023896682,335.055
0.023906014,335.952
0.023915315,334.838
0.023924611,334.658
0.023933935,335.682
0.023943261,335.724
0.023952582,335.545
0.023961878,334.663
0.023971206,335.795
0.023980527,335.584
0.023989826,334.745
0.023999129,334.911
0.024008441,335.222
0.024017738,334.696
0.024027062,335.685
0.024036387,335.669
0.024045685,334.733
0.024054982,334.709
0.024064331,336.542
0.024073658,335.772
0.024082989,335.920
0.024092286,334.711
0.024101587,334.826
0.024110882,334.642
0.024120180,334.714
0.024129505,335.684
0.024138817,335.256
0.024148137,335.509
0.024157440,334.908
0.024166737,334.706
0.024176059,335.579
0.024185386,335.761
0.024194681,334.637
0.024203982,334.823
0.024213303,335.579
0.024222603,334.777
0.024231956,336.722
0.024241252,334.650
0.024250550,334.725
0.024259875,335.715
0.024269173,334.726
0.024278469,334.661
0.024287770,334.823
0.024297066,334.634
0.024306389,335.661
0.024315716,335.746
0.024325028,335.244
0.024334325,334.691
0.024343650,335.690
0.024352968,335.450
0.024362267,334.766
0.024371591,335.677
0.024380888,334.682
0.024390215,335.791
0.024399515,334.790
0.024408811,334.656
0.024418116,334.978
0.024427412,334.634
0.024436722,335.177
0.024446073,336.639
0.024455371,334.717
0.024464693,335.587
0.024474046,336.710
0.024483369,335.650
0.024492668,334.742
0.024501991,335.636
0.024511286,334.634
0.024520587,334.815
0.024529882,334.630
0.024539200,335.459
0.024548527,335.742
0.024557862,336.073
0.024567182,335.516
0.024576507,335.698
0.024585851,336.407
0.024595198,336.495
0.024604499,334.814
0.024613857,336.890
0.024623183,335.754
0.024632481,334.707
0.024641779,334.727
0.024651106,335.795
0.024660429,335.614
0.024669742,335.253
0.024679040,334.731
0.024688337,334.710
0.024697655,335.457
0.024706956,334.807
0.024716253,334.696
0.024725548,334.644
0.024734851,334.900
0.024744147,334.635
0.024753455,335.094
0.024762754,334.772
0.024772078,335.666
0.024781404,335.747
0.024790727,335.597
0.024800050,335.656
0.024809349,334.736
0.024818670,335.578
0.024828002,335.935
0.024837302,334.814
0.024846597,334.630
0.024855921,335.656
0.024865221,334.794
0.024874517,334.645
0.024883841,335.668
0.024893166,335.706
0.024902464,334.723
0.024911804,336.264
0.024921106,334.850
0.024930410,334.941
0.024939746,336.089
0.024949070,335.680
0.024958366,334.645
0.024967666,334.812
0.024976962,334.639
0.024986286,335.664
0.024995610,335.682
0.025004970,336.966
0.025014290,335.495
0.025023616,335.765
0.025032940,335.658
0.025042262,335.596
0.025051563,334.822
0.025060876,335.290
0.025070185,335.115
0.025079481,334.633
0.025088831,336.609
0.025098130,334.784
0.025107438,335.079
0.025116735,334.702
0.025126034,334.747
0.025135334,334.811
0.025144653,335.464
0.025153953,334.820
0.025163290,336.135
0.025172588,334.723
0.025181914,335.747
0.025191237,335.614
0.025200546,335.111
0.025209871,335.705
0.025219186,335.333
0.025228485,334.785
0.025237794,335.108
0.025247116,335.583
0.025256416,334.819
0.025265740,335.647
0.025275035,334.640
0.025284335,334.804
0.025293631,334.634
0.025302928,334.716
0.025312253,335.689
0.025321577,335.674
0.025330898,335.533
0.025340198,334.805
0.025349495,334.695
0.025358800,334.987
0.025368100,334.810
0.025377432,335.923
0.025386760,335.821
0.025396067,335.045
0.025405365,334.745
0.025414692,335.776
0.025424015,335.605
0.025433335,335.528
0.025442634,334.766
0.025451958,335.671
0.025461272,335.311
0.025470576,334.951
0.025479889,335.237
0.025489224,336.062
0.025498551,335.778
0.025507847,334.655
0.025517174,335.765
0.025526480,335.019
0.025535813,336.009
0.025545164,336.635
0.025554511,336.494
0.025563833,335.587
0.025573137,334.950
0.025582455,335.452
0.025591789,336.014
0.025601097,335.073
0.025610428,335.931
0.025619758,335.878
0.025629080,335.588
0.025638378,334.725
0.025647704,335.747
0.025657026,335.598
0.025666324,334.698
0.025675648,335.691
0.025684946,334.719
0.025694241,334.632
0.025703542,334.809
0.025712837,334.637
0.025722135,334.715
0.025731434,334.793
0.025740730,334.655
0.025750027,334.680
0.025759353,335.728
0.025768667,335.325
0.025777963,334.633
0.025787263,334.817
0.025796577,335.286
0.025805877,334.815
0.025815201,335.648
0.025824516,335.351
0.025833816,334.810
0.025843150,336.018
0.025852462,335.220
0.025861789,335.769
0.025871087,334.737
0.025880382,334.632
0.025889736,336.713
0.025899033,334.699
0.025908380,336.511
0.025917681,334.810
0.025927020,336.229
0.025936320,334.809
0.025945626,334.995
0.025954923,334.709
0.025964276,336.696
0.025973598,335.595
0.025982895,334.695
0.025992246,336.638
0.026001544,334.716
0.026010840,334.641
0.026020184,336.408
0.026029516,335.939
0.026038839,335.620
0.026048167,335.835
0.026057491,335.650
0.026066827,336.111
0.026076160,335.959
0.026085458,334.746
0.026094783,335.693
0.026104117,336.028
0.026113416,334.765
0.026122722,335.027
0.026132042,335.495
0.026141364,335.622
0.026150665,334.835
0.026159987,335.591
0.026169285,334.712
0.026178609,335.677
0.026187933,335.666
0.026197286,336.706
0.026206608,335.600
0.026215925,335.404
0.026225250,335.694
0.026234548,334.711
0.026243858,335.157
0.026253190,335.961
0.026262534,336.376
0.026271831,334.715
0.026281131,334.789
0.026290447,335.387
0.026299771,335.658
0.026309089,335.464
0.026318388,334.744
0.026327684,334.646
0.026336984,334.826
0.026346281,334.697
0.026355609,335.783
0.026364933,335.657
0.026374228,334.647
0.026383555,335.761
0.026392851,334.638
0.026402162,335.216
0.026411487,335.684
0.026420784,334.713
0.026430080,334.635
0.026439383,334.932
0.026448716,335.987
0.026458049,335.983
0.026467349,334.803
0.026476689,336.216
0.026485989,334.809
0.026495284,334.630
0.026504599,335.327
0.026513906,335.060
0.026523253,336.483
0.026532576,335.644
0.026541901,335.684
0.026551221,335.530
0.026560529,335.101
0.026569849,335.499
0.026579174,335.696
0.026588499,335.706
0.026597826,335.794
0.026607140,335.275
0.026616467,335.799
0.026625789,335.592
0.026635087,334.713
0.026644385,334.736
0.026653710,335.673
0.026663005,334.637
0.026672332,335.759
0.026681629,334.701
0.026690938,335.137
0.026700243,334.970
0.026709565,335.591
0.026718889,335.669
0.026728240,336.636
0.026737538,334.720
0.026746869,335.925
0.026756196,335.757
0.026765493,334.701
0.026774791,334.745
0.026784089,334.715
0.026793385,334.646
0.026802685,334.813
0.026811989,334.947
0.026821315,335.728
0.026830619,334.960
0.026839942,335.624
0.026849267,335.678
0.026858599,335.963
0.026867898,334.769
0.026877231,335.970
0.026886533,334.879
0.026895829,334.646
0.026905156,335.797
0.026914454,334.703
0.026923795,336.281
0.026933095,334.812
0.026942417,335.585
0.026951714,334.714
0.026961039,335.685
0.026970363,335.671
0.026979659,334.633
0.026988959,334.820
0.026998271,335.211
0.027007566,334.646
0.027016867,334.818
0.027026225,336.895
0.027035536,335.188
0.027044887,336.643
0.027054185,334.722
0.027063511,335.746
0.027072859,336.511
0.027082156,334.703
0.027091454,334.740
0.027100778,335.665
0.027110074,334.633
0.027119374,334.819
0.027128692,335.427
0.027137991,334.770
0.027147291,334.793
0.027156588,334.696
0.027165886,334.732
0.027175185,334.755
0.027184502,335.413
0.027193797,334.639
0.027203097,334.812
0.027212411,335.281
0.027221773,337.029
0.027231096,335.651
0.027240419,335.616
0.027249723,334.931
0.027259019,334.663
0.027268320,334.827
0.027277645,335.699
0.027286943,334.741
0.027296239,334.654
0.027305539,334.821
0.027314852,335.247
0.027324174,335.595
0.027333481,335.073
0.027342777,334.634
0.027352127,336.614
0.027361423,334.631
0.027370764,336.287
0.027380071,335.065
0.027389367,334.653
0.027398664,334.692
0.027407963,334.751
0.027417311,336.526
0.027426633,335.604
0.027435936,334.893
0.027445257,335.586
0.027454556,334.752
0.027463857,334.828
0.027473153,334.652
0.027482451,334.728
0.027491776,335.712
0.027501077,334.825
0.027510412,336.060
0.027519747,336.055
0.027529069,335.588
0.027538377,335.096
0.027547701,335.669
0.027556997,334.653
0.027566297,334.815
0.027575593,334.640
0.027584917,335.660
0.027594245,335.829
0.027603569,335.664
0.027612865,334.639
0.027622192,335.765
0.027631506,335.298
0.027640828,335.596
0.027650128,334.810
0.027659423,334.634
0.027668724,334.813
0.027678019,334.631
0.027687357,336.161
0.027696657,334.823
0.027705966,335.101
0.027715304,336.192
0.027724630,335.728
0.027733931,334.824
0.027743277,336.452
0.027752607,335.874
0.027761902,334.634
0.027771200,334.720
0.027780552,336.693
0.027789866,335.291
0.027799167,334.833
0.027808462,334.634
0.027817760,334.712
0.027827058,334.732
0.027836382,335.671
0.027845740,336.888
0.027855041,334.819
0.027864338,334.697
0.027873656,335.460
0.027882956,334.801
0.027892252,334.637
0.027901588,336.094
0.027910914,335.758
0.027920231,335.397
0.027929536,334.985
0.027938837,334.826
0.027948152,335.336
0.027957450,334.736
0.027966776,335.756
0.027976082,334.997
0.027985436,336.741
0.027994797,337.002
0.028004131,336.016
0.028013457,335.747
0.028022753,334.647
0.028032050,334.697
0.028041348,334.737
0.028050646,334.720
0.028059941,334.641
0.028069242,334.813
0.028078537,334.640
0.028087838,334.821
0.028097135,334.695
0.028106457,335.596
0.028115757,334.804
0.028125063,335.025
0.028134361,334.704
0.028143712,336.629
0.028153009,334.720
0.028162367,336.886
0.028171668,334.813
0.028180965,334.703
0.028190287,335.598
0.028199590,334.899
0.028208902,335.223
0.028218225,335.640
0.028227549,335.681
0.028236891,336.311
0.028246194,334.887
0.028255516,335.609
0.028264835,335.461
0.028274136,334.864
0.028283434,334.725
0.028292756,335.596
0.028302090,336.010
0.028311388,334.738
0.028320687,334.756
0.028330014,335.754
0.028339336,335.620
0.028348659,335.617
0.028357958,334.745
0.028367273,335.356
0.028376599,335.717
0.028385896,334.724
0.028395219,335.609
0.028404519,334.815
0.028413816,334.700
0.028423112,334.649
0.028432416,334.918
0.028441751,336.061
0.028451071,335.518
0.028460369,334.734
0.028469703,336.018
0.028479034,335.926
0.028488337,334.897
0.028497634,334.698
0.028506955,335.565
0.028516291,336.089
0.028525622,335.918
0.028534925,334.909
0.028544272,336.492
0.028553596,335.668
0.028562955,336.915
0.028572273,335.460
0.028581583,335.175
0.028590935,336.640
0.028600247,335.250
0.028609569,335.592
0.028618903,336.040
0.028628216,335.248
0.028637513,334.711
0.028646813,334.797
0.028656109,334.647
0.028665412,334.909
0.028674733,335.548
0.028684057,335.674
0.028693382,335.684
0.028702719,336.129
0.028712040,335.582
0.028721367,335.766
0.028730664,334.696
0.028739984,335.510
0.028749318,336.021
0.028758640,335.590
0.028767938,334.714
0.028777236,334.751
0.028786560,335.670
0.028795881,335.551
0.028805178,334.676
0.028814482,334.946
0.028823809,335.766
0.028833108,334.764
0.028842425,335.408
0.028851752,335.805
0.028861048,334.635
0.028870368,335.542
0.028879668,334.798
0.028888991,335.598
0.028898317,335.742
0.028907623,335.023
0.028916938,335.334
0.028926272,336.021
0.028935596,335.671
0.028944891,334.638
0.028954192,334.813
0.028963489,334.700
0.028972811,335.594
0.028982111,334.812
0.028991407,334.638
0.029000731,335.664
0.029010055,335.675
0.029019353,334.718
0.029028675,335.584
0.029038004,335.870
0.029047328,335.648
0.029056624,334.644
0.029065932,335.103
0.029075254,335.601
0.029084566,335.216
0.029093871,335.000
0.029103196,335.684
0.029112496,334.796
0.029121818,335.599
0.029131165,336.505
0.029140495,335.882
0.029149846,336.629
0.029159142,334.643
0.029168442,334.816
0.029177738,334.633
0.029187062,335.673
0.029196363,334.827
0.029205675,335.262
0.029214974,334.733
0.029224299,335.725
0.029233616,335.394
0.029242941,335.713
0.029252240,334.747
0.029261535,334.635
0.029270835,334.812
0.029280133,334.700
0.029289455,335.601
0.029298755,334.808
0.029308113,336.896
0.029317449,336.101
0.029326774,335.688
0.029336088,335.309
0.029345409,335.553
0.029354755,336.446
0.029364073,335.466
0.029373426,336.683
0.029382724,334.725
0.029392020,334.669
0.029401320,334.813
0.029410628,335.081
0.029419926,334.714
0.029429230,334.966
0.029438540,335.145
0.029447850,335.144
0.029457177,335.806
0.029466501,335.661
0.029475797,334.639
0.029485097,334.812
0.029494393,334.634
0.029503690,334.718
0.029513017,335.757
0.029522313,334.643
0.029531639,335.752
0.029540934,334.634
0.029550232,334.710
0.029559532,334.820
0.029568830,334.716
0.029578152,335.580
0.029587478,335.762
0.029596778,334.795
0.029606101,335.614
0.029615405,334.929
0.029624720,335.363
0.029634043,335.627
0.029643351,335.069
0.029652685,336.033
0.029661994,335.124
0.029671290,334.644
0.029680587,334.700
0.029689911,335.688
0.029699260,336.546
0.029708603,336.346
0.029717909,335.011
0.029727217,335.106
0.029736528,335.189
0.029745854,335.746
0.029755150,334.654
0.029764474,335.646
0.029773799,335.692
0.029783140,336.275
0.029792474,336.025
0.029801771,334.716
0.029811066,334.630
0.029820367,334.816
0.029829697,335.884
0.029839021,335.650
0.029848328,335.079
0.029857640,335.207
0.029866963,335.641
0.029876288,335.699
0.029885586,334.724
0.029894913,335.777
0.029904231,335.438
0.029913529,334.753
0.029922888,336.908
0.029932211,335.625
0.029941507,334.657
0.029950834,335.775
0.029960182,336.537
0.029969480,334.712
0.029978780,334.793
0.029988102,335.599
0.029997399,334.703
0.030006698,334.742
0.030016014,335.397
0.030025310,334.646
0.030034637,335.771
0.030043977,336.256
0.030053304,335.762
0.030062604,334.798
0.030071920,335.394
0.030081221,334.821
0.030090543,335.590
0.030099867,335.666
0.030109174,335.064
0.030118472,334.715
0.030127767,334.631
0.030137070,334.912
0.030146394,335.642
0.030155716,335.594
0.030165016,334.806
0.030174311,334.631
0.030183621,335.154
0.030192970,336.557
0.030202311,336.275
0.030211637,335.750
0.030220959,335.591
0.030230283,335.640
0.030239608,335.721
0.030248906,334.735
0.030258225,335.476
0.030267526,334.815
0.030276821,334.634
0.030286145,335.667
0.030295474,335.824
0.030304769,334.649
0.030314105,336.102
0.030323401,334.632
0.030332725,335.666
0.030342050,335.688
0.030351371,335.589
0.030360708,336.131
0.030370014,335.011
0.030379334,335.512
0.030388665,335.930
0.030397966,334.809
0.030407324,336.894
0.030416657,336.006
0.030426008,336.639
0.030435306,334.718
0.030444606,334.796
0.030453902,334.656
0.030463245,336.354
0.030472544,334.766
0.030481843,334.748
0.030491139,334.656
0.030500446,335.058
0.030509742,334.639
0.030519039,334.723
0.030528368,335.844
0.030537705,336.123
0.030547053,336.531
0.030556378,335.700
0.030565695,335.404
0.030574990,334.637
0.030584291,334.813
0.030593604,335.286
0.030602905,334.817
0.030612228,335.647
0.030621524,334.644
0.030630824,334.811
0.030640120,334.637
0.030649417,334.715
0.030658716,334.735
0.030668062,336.486
0.030677394,335.925
0.030686727,335.984
0.030696024,334.693
0.030705331,335.052
0.030714631,334.807
0.030723926,334.639
0.030733250,335.664
0.030742575,335.701
0.030751882,335.037
0.030761211,335.835
0.030770507,334.658
0.030779804,334.708
0.030789129,335.695
0.030798427,334.723
0.030807722,334.636
0.030817049,335.760
0.030826344,334.635
0.030835655,335.170
0.030844984,335.871
0.030854280,334.642
0.030863577,334.700
0.030872902,335.698
0.030882200,334.709
0.030891495,334.636
0.030900796,334.815
0.030910109,335.274
0.030919436,335.767
0.030928758,335.606
0.030938089,335.936
0.030947396,335.038
0.030956744,336.534
0.030966042,334.704
0.030975340,334.726
0.030984637,334.716
0.030993934,334.689
0.031003262,335.792
0.031012577,335.336
0.031021874,334.714
0.031031177,334.886
0.031040472,334.647
0.031049826,336.726
0.031059159,335.978
0.031068519,336.979
0.031077845,335.742
0.031087141,334.647
0.031096459,335.466
0.031105758,334.741
0.031115055,334.717
0.031124351,334.638
0.031133655,334.943
0.031142977,335.584
0.031152299,335.595
0.031161599,334.794
0.031170921,335.594
0.031180218,334.694
0.031189551,336.006
0.031198849,334.713
0.031208147,334.732
0.031217445,334.713
0.031226800,336.787
0.031236102,334.864
0.031245446,336.407
0.031254743,334.676
0.031264044,334.835
0.031273339,334.643
0.031282638,334.748
0.031291963,335.718
0.031301268,334.965
0.031310569,334.851
0.031319866,334.685
0.031329164,334.705
0.031338495,335.951
0.031347820,335.667
0.031357142,335.592
0.031366442,334.824
0.031375778,336.078
0.031385102,335.664
0.031394401,334.792
0.031403712,335.194
0.031413010,334.695
0.031422334,335.699
0.031431632,334.709
0.031440927,334.638
0.031450228,334.816
0.031459526,334.723
0.031468827,334.846
0.031478150,335.611
0.031487465,335.367
0.031496769,334.916
0.031506076,335.075
0.031515374,334.715
0.031524672,334.740
0.031534010,336.165
0.031543306,334.643
0.031552642,336.102
0.031561939,334.691
0.031571256,335.427
0.031580585,335.813
0.031589880,334.630
0.031599218,336.162
0.031608514,334.667
0.031617812,334.728
0.031627172,336.979
0.031636493,335.550
0.031645817,335.660
0.031655115,334.737
0.031664439,335.662
0.031673748,335.113
0.031683075,335.786
0.031692373,334.707
0.031701723,336.611
0.031711024,334.830
0.031720337,335.251
0.031729634,334.727
0.031738934,334.773
0.031748250,335.378
0.031757556,335.022
0.031766879,335.629
0.031776174,334.631
0.031785501,335.756
0.031794798,334.699
0.031804120,335.595
0.031813447,335.761
0.031822742,334.642
0.031832040,334.721
0.031841365,335.681
0.031850663,334.726
0.031859969,335.030
0.031869271,334.863
0.031878568,334.716
0.031887900,335.940
0.031897210,335.138
0.031906505,334.642
0.031915806,334.815
0.031925113,335.080
0.031934438,335.686
0.031943738,334.799
0.031953084,336.445
0.031962407,335.649
0.031971732,335.693
0.031981051,335.484
0.031990347,334.643
0.031999647,334.814
0.032008969,335.583
0.032018277,335.095
0.032027578,334.838
0.032036874,334.650
0.032046201,335.761
0.032055496,334.633
0.032064820,335.666
0.032074118,334.735
0.032083442,335.669
0.032092738,334.642
0.032102038,334.811
0.032111335,334.699
0.032120653,335.428
0.032129972,335.500
0.032139295,335.606
0.032148620,335.700
0.032157947,335.775
0.032167246,334.773
0.032176542,334.640
0.032185842,334.827
0.032195166,335.654
0.032204491,335.694
0.032213815,335.665
0.032223130,335.347
0.032232457,335.766
0.032241779,335.586
0.032251076,334.712
0.032260403,335.747
0.032269725,335.596
0.032279022,334.696
0.032288373,336.649
0.032297671,334.719
0.032306966,334.637
0.032316293,335.762
0.032325589,334.636
0.032334886,334.717
0.032344186,334.793
0.032353482,334.647
0.032362782,334.804
0.032372077,334.634
0.032381375,334.714
0.032390675,334.819
0.032399985,335.162
0.032409281,334.648
0.032418591,335.140
0.032427889,334.724
0.032437234,336.423
0.032446537,334.936
0.032455848,335.174
0.032465145,334.714
0.032474443,334.727
0.032483741,334.717
0.032493037,334.636
0.032502363,335.759
0.032511660,334.700
0.032520968,335.053
0.032530265,334.710
0.032539587,335.592
0.032548940,336.720
0.032558236,334.627
0.032567533,334.710
0.032576833,334.788
0.032586128,334.646
0.032595439,335.181
0.032604742,334.898
0.032614061,335.482
0.032623365,334.952
0.032632701,336.086
0.032642032,335.936
0.032651367,336.039
0.032660694,335.778
0.032670016,335.594
0.032679371,336.793
0.032688695,335.647
0.032698020,335.696
0.032707345,335.712
0.032716643,334.746
0.032725952,335.104
0.032735285,336.004
0.032744583,334.730
0.032753904,335.527
0.032763211,335.077
0.032772533,335.589
0.032781831,334.721
0.032791129,334.732
0.032800445,335.375
0.032809753,335.091
0.032819101,336.504
0.032828418,335.419
0.032837722,334.964
0.032847020,334.713
0.032856339,335.504
0.032865640,334.836
0.032874977,336.103
0.032884275,334.731
0.032893575,334.796
0.032902870,334.650
0.032912168,334.701
0.032921466,334.739
0.032930764,334.717
0.032940059,334.644
0.032949360,334.811
0.032958656,334.654
0.032967983,335.791
0.032977307,335.671
0.032986650,336.322
0.032995950,334.808
0.033005258,335.082
0.033014555,334.719
0.033023880,335.676
0.033033177,334.706
0.033042500,335.627
0.033051800,334.816
0.033061098,334.703
0.033070431,336.003
0.033079739,335.088
0.033089037,334.705
0.033098335,334.732
0.033107659,335.687
0.033116993,336.013
0.033126293,334.798
0.033135624,335.935
0.033144937,335.252
0.033154267,335.895
0.033163614,336.482
0.033172932,335.454
0.033182259,335.759
0.033191575,335.371
0.033200910,336.065
0.033210263,336.691
0.033219585,335.596
0.033228885,334.822
0.033238209,335.668
0.033247508,334.747
0.033256807,334.765
0.033266132,335.687
0.033275469,336.158
0.033284770,334.818
0.033294080,335.168
0.033303398,335.458
0.033312704,335.002
0.033322029,335.685
0.033331353,335.696
0.033340712,336.923
0.033350010,334.721
0.033359336,335.745
0.033368658,335.594
0.033377955,334.689
0.033387290,336.034
0.033396587,334.716
0.033405919,335.932
0.033415246,335.774
0.033424541,334.628
0.033433839,334.721
0.033443165,335.745
0.033452487,335.596
0.033461784,334.693
0.033471085,334.832
0.033480383,334.720
0.033489705,335.594
0.033499005,334.814
0.033508345,336.237
0.033517646,334.826
0.033526979,335.974
0.033536316,336.139
0.033545625,335.138
0.033554950,335.698
0.033564245,334.632
0.033573546,334.835
0.033582843,334.693
0.033592168,335.695
0.033601466,334.710
0.033610781,335.336
0.033620081,334.817
0.033629403,335.582
0.033638722,335.480
0.033648022,334.791
0.033657317,334.645
0.033666614,334.694
0.033675916,334.877
0.033685255,336.202
0.033694581,335.731
0.033703885,334.937
0.033713181,334.648
0.033722532,336.646
0.033731859,335.776
0.033741155,334.654
0.033750465,335.148
0.033759787,335.592
0.033769085,334.720
0.033778409,335.681
0.033787750,336.272
0.033797068,335.455
0.033806369,334.822
0.033815666,334.701
0.033824986,335.504
0.033834313,335.772
0.033843608,334.636
0.033852906,334.716
0.033862230,335.690
0.033871528,334.710
0.033880828,334.793
0.033890124,334.651
0.033899421,334.697
0.033908719,334.742
0.033918017,334.716
0.033927312,334.637
0.033936619,335.052
0.033945914,334.625
0.033955239,335.668
0.033964538,334.788
0.033973856,335.450
0.033983164,335.075
0.033992465,334.839
0.034001763,334.731
0.034011085,335.592
0.034020386,334.821
0.034029681,334.632
0.034038979,334.722
0.034048292,335.260
0.034057615,335.637
0.034066942,335.782
0.034076266,335.666
0.034085611,336.426
0.034094963,336.642
0.034104274,335.215
0.034113593,335.473
0.034122893,334.822
0.034132218,335.678
0.034141538,335.543
0.034150839,334.820
0.034160134,334.639
0.034169459,335.666
0.034178783,335.696
0.034188108,335.668
0.034197434,335.750
0.034206730,334.644
0.034216073,336.381
0.034225398,335.691
0.034234696,334.710
0.034243991,334.627
0.034253352,337.015
0.034262669,335.407
0.034271994,335.692
0.034281324,335.888
0.034290621,334.680
0.034299944,335.631
0.034309245,334.832
0.034318543,334.742
0.034327868,335.687
0.034337201,335.984
0.034346501,334.792
0.034355803,334.895
0.034365113,335.153
0.034374409,334.650
0.034383741,335.948
0.034393063,335.614
0.034402362,334.736
0.034411661,334.773
0.034420959,334.740
0.034430255,334.629
0.034439556,334.838
0.034448853,334.718
0.034458149,334.649
0.034467450,334.847
0.034476746,334.649
0.034486056,335.139
0.034495352,334.663
0.034504650,334.716
0.034513976,335.742
0.034523298,335.599
0.034532622,335.656
0.034541932,335.173
0.034551244,335.219
0.034560541,334.712
0.034569873,335.935
0.034579195,335.594
0.034588492,334.718
0.034597792,334.792
0.034607088,334.638
0.034616385,334.698
0.034625710,335.693
0.034635025,335.357
0.034644323,334.726
0.034653657,336.016
0.034662995,336.166
0.034672328,335.995
0.034681625,334.699
0.034690921,334.649
0.034700221,334.810
0.034709565,336.380
0.034718902,336.114
0.034728229,335.784
0.034737553,335.666
0.034746849,334.641
0.034756202,336.717
0.034765499,334.696
0.034774832,336.000
0.034784130,334.715
0.034793445,335.333
0.034802774,335.834
0.034812072,334.726
0.034821370,334.754
0.034830707,336.105
0.034840029,335.617
0.034849327,334.727
0.034858652,335.697
0.034867950,334.712
0.034877245,334.637
0.034886574,335.825
0.034895905,335.926
0.034905203,334.718
0.034914502,334.792
0.034923815,335.263
0.034933142,335.759
0.034942437,334.633
0.034951735,334.706
0.034961059,335.686
0.034970357,334.712
0.034979679,335.590
0.034989005,335.755
0.034998329,335.659
0.035007625,334.649
0.035016925,334.803
0.035026241,335.361
0.035035563,335.612
0.035044863,334.804
0.035054188,335.699
0.035063515,335.751
0.035072863,336.549
0.035082161,334.696
0.035091495,336.032
0.035100795,334.812
0.035110117,335.597
0.035119418,334.821
0.035128735,335.435
0.035138069,336.013
0.035147422,336.703
0.035156718,334.644
0.035166015,334.692
0.035175313,334.736
0.035184610,334.711
0.035193961,336.633
0.035203285,335.662
0.035212581,334.642
0.035221934,336.715
0.035231231,334.697
0.035240548,335.392
0.035249901,336.713
0.035259196,334.636
0.035268520,335.663
0.035277818,334.727
0.035287131,335.252
0.035296428,334.706
0.035305790,337.011
0.035315087,334.700
0.035324409,335.599
0.035333718,335.139
0.035343032,335.305
0.035352333,334.815
0.035361652,335.484
0.035370951,334.761
0.035380251,334.820
0.035389601,336.594
0.035398925,335.676
0.035408277,336.644
0.035417574,334.707
0.035426896,335.590
0.035436197,334.819
0.035445535,336.176
0.035454859,335.663
0.035464159,334.793
0.035473472,335.296
0.035482800,335.793
0.035492095,334.642
0.035501393,334.717
0.035510691,334.728
0.035520015,335.666
0.035529332,335.394
0.035538642,335.165
0.035547967,335.696
0.035557313,336.455
0.035566614,334.842
0.035575910,334.651
0.035585259,336.581
0.035594558,334.775
0.035603874,335.366
0.035613227,336.708
0.035622524,334.672
0.035631821,334.718
0.035641146,335.701
0.035650445,334.733
0.035659761,335.397
0.035669063,334.856
0.035678385,335.594
0.035687705,335.531
0.035697005,334.791
0.035706363,336.893
0.035715671,335.107
0.035724972,334.808
0.035734269,334.709
0.035743565,334.660
0.035752874,335.131
0.035762214,336.234
0.035771523,335.108
0.035780823,334.819
0.035790139,335.368
0.035799440,334.825
0.035808762,335.589
0.035818081,335.497
0.035827379,334.729
0.035836717,336.173
0.035846063,336.438
0.035855416,336.716
0.035864740,335.647
0.035874045,335.002
0.035883372,335.757
0.035892667,334.635
0.035901994,335.760
0.035911289,334.636
0.035920610,335.559
0.035929938,335.781
0.035939242,334.954
0.035948566,335.685
0.035957871,334.964
0.035967191,335.521
0.035976486,334.633
0.035985813,335.768
0.035995109,334.637
0.036004433,335.668
0.036013785,336.694
0.036023125,336.223
0.036032455,335.866
0.036041777,335.596
0.036051101,335.674
0.036060426,335.687
0.036069747,335.562
0.036079064,335.413
0.036088390,335.762
0.036097688,334.693
0.036107033,336.445
0.036116340,335.044
0.036125655,335.348
0.036134979,335.662
0.036144285,335.028
0.036153583,334.725
0.036162883,334.792
0.036172179,334.651
0.036181502,335.646
0.036190827,335.687
0.036200151,335.671
0.036209458,335.053
0.036218760,334.844
0.036228068,335.104
0.036237392,335.677
0.036246696,334.938
0.036256028,335.940
0.036265325,334.699
0.036274652,335.753
0.036283950,334.739
0.036293245,334.639
0.036302546,334.818
0.036311841,334.637
0.036321168,335.762
0.036330518,336.602
0.036339856,336.175
0.036349163,335.041
0.036358485,335.588
0.036367783,334.714
0.036377112,335.852
0.036386409,334.718
0.036395705,334.638
0.036405005,334.814
0.036414355,336.604
0.036423676,335.548
0.036432977,334.825
0.036442299,335.585
0.036451626,335.771
0.036460947,335.572
0.036470263,335.357
0.036479591,335.838
0.036488914,335.600
0.036498238,335.690
0.036507564,335.721
0.036516864,334.809
0.036526210,336.437
0.036535510,334.818
0.036544806,334.639
0.036554128,335.615
0.036563428,334.798
0.036572741,335.257
0.036582038,334.694
0.036591363,335.693
0.036600661,334.721
0.036609959,334.737
0.036619267,335.099
0.036628583,335.352
0.036637909,335.768
0.036647219,335.139
0.036656515,334.646
0.036665841,335.756
0.036675163,335.590
0.036684461,334.716
0.036693785,335.688
0.036703083,334.717
0.036712379,334.638
0.036721705,335.766
0.036731048,336.320
0.036740373,335.703
0.036749671,334.724
0.036759002,335.915
0.036768331,335.871
0.036777663,335.931
0.036786982,335.500
0.036796282,334.793
0.036805614,335.941
0.036814937,335.648
0.036824236,334.742
0.036833580,336.396
0.036842886,335.021
0.036852187,334.815
0.036861499,335.251
0.036870797,334.715
0.036880123,335.748
0.036889419,334.643
0.036898719,334.810
0.036908015,334.641
0.036917339,335.667
0.036926689,336.628
0.036935987,334.714
0.036945283,334.638
0.036954609,335.755
0.036963907,334.707
0.036973202,334.643
0.036982502,334.804
0.036991798,334.643
0.037001107,335.112
0.037010414,335.053
0.037019739,335.718
0.037029062,335.622
0.037038395,335.994
0.037047719,335.677
0.037057045,335.716
0.037066355,335.176
0.037075673,335.421
0.037085000,335.778
0.037094346,336.447
0.037103667,335.582
0.037112994,335.756
0.037122305,335.203
0.037131602,334.700
0.037140909,335.045
0.037150207,334.740
0.037159532,335.687
0.037168840,335.074
0.037178136,334.650
0.037187444,335.109
0.037196742,334.730
0.037206039,334.671
0.037215339,334.817
0.037224662,335.616
0.037233986,335.681
0.037243289,334.901
0.037252604,335.353
0.037261900,334.645
0.037271230,335.879
0.037280527,334.696
0.037289823,334.642
0.037299123,334.807
0.037308419,334.647
0.037317717,334.731
0.037327015,334.736
0.037336331,335.371
0.037345657,335.745
0.037354990,335.980
0.037364287,334.698
0.037373612,335.689
0.037382933,335.559
0.037392228,334.639
0.037401555,335.766
0.037410851,334.636
0.037420148,334.721
0.037429475,335.744
0.037438770,334.649
0.037448119,336.531
0.037457419,334.831
0.037466744,335.699
0.037476043,334.755
0.037485350,335.064
0.037494648,334.727
0.037503984,336.073
0.037513334,336.605
0.037522630,334.645
0.037531930,334.810
0.037541225,334.633
0.037550536,335.205
0.037559887,336.635
0.037569232,336.416
0.037578528,334.632
0.037587855,335.795
0.037597180,335.671
0.037606476,334.674
0.037615813,336.122
0.037625135,335.619
0.037634444,335.089
0.037643739,334.630
0.037653052,335.277
0.037662378,335.744
0.037671687,335.099
0.037680984,334.702
0.037690282,334.743
0.037699606,335.668
0.037708914,335.085
0.037718215,334.811
0.037727552,336.153
0.037736853,334.811
0.037746179,335.761
0.037755511,335.939
0.037764812,334.834
0.037774107,334.638
0.037783405,334.711
0.037792703,334.728
0.037802051,336.547
0.037811347,334.634
0.037820647,334.812
0.037829944,334.695
0.037839266,335.602
0.037848567,334.819
0.037857889,335.588
0.037867213,335.681
0.037876520,335.057
0.037885819,334.740
0.037895115,334.648
0.037904415,334.822
0.037913713,334.705
0.037923037,335.692
0.037932335,334.725
0.037941657,335.585
0.037950958,334.818
0.037960253,334.632
0.037969571,335.452
0.037978877,335.017
0.037988227,336.607
0.037997525,334.715
0.038006823,334.736
0.038016147,335.668
0.038025443,334.634
0.038034743,334.811
0.038044038,334.641
0.038053336,334.718
0.038062664,335.800
0.038071977,335.269
0.038081278,334.819
0.038090573,334.638
0.038099897,335.660
0.038109195,334.729
0.038118493,334.721
0.038127814,335.581
0.038137161,336.474
0.038146486,335.693
0.038155808,335.607
0.038165110,334.852
0.038174420,335.187
0.038183742,335.596
0.038193041,334.732
0.038202338,334.720
0.038211634,334.639
0.038220987,336.719
0.038230287,334.783
0.038239586,334.766
0.038248894,335.094
0.038258209,335.348
0.038267509,334.807
0.038276829,335.493
0.038286126,334.722
0.038295453,335.745
0.038304748,334.643
0.038314068,335.512
0.038323393,335.686
0.038332690,334.716
0.038342012,335.597
0.038351339,335.766
0.038360635,334.635
0.038369959,335.662
0.038379285,335.749
0.038388598,335.260
0.038397898,334.809
0.038407194,334.639
0.038416518,335.672
0.038425819,334.851
0.038435117,334.731
0.038444461,336.369
0.038453788,335.773
0.038463085,334.698
0.038472390,334.984
0.038481692,334.858
0.038491014,335.590
0.038500338,335.658
0.038509663,335.711
0.038518961,334.732
0.038528288,335.770
0.038537584,334.668
0.038546882,334.708
0.038556181,334.763
0.038565479,334.734
0.038574774,334.634
0.038584075,334.813
0.038593370,334.637
0.038602668,334.719
0.038611994,335.744
0.038621304,335.149
0.038630601,334.696
0.038639899,334.746
0.038649197,334.716
0.038658517,335.525
0.038667844,335.764
0.038677139,334.632
0.038686437,334.716
0.038695758,335.560
0.038705054,334.666
0.038714401,336.469
0.038723697,334.667
0.038733011,335.311
0.038742336,335.698
0.038751634,334.721
0.038760982,336.534
0.038770309,335.761
0.038779606,334.703
0.038788902,334.640
0.038798205,334.905
0.038807526,335.589
0.038816850,335.661
0.038826210,336.953
0.038835508,334.715
0.038844808,334.796
0.038854104,334.650
0.038863400,334.691
0.038872699,334.739
0.038882008,335.133
0.038891351,336.347
0.038900651,334.812
0.038909969,335.444
0.038919267,334.716
0.038928566,334.786
0.038937888,335.593
0.038947197,335.113
0.038956496,334.741
0.038965812,335.393
0.038975108,334.665
0.038984420,335.235
0.038993734,335.291
0.039003061,335.778
0.039012384,335.613
0.039021706,335.592
0.039031033,335.764
0.039040364,335.925
0.039049662,334.719
0.039058969,335.063
0.039068314,336.443
0.039077660,336.451
0.039086961,334.810
0.039096258,334.698
0.039105579,335.555
0.039114932,336.711
0.039124254,335.598
0.039133581,335.769
0.039142954,337.438
0.039152288,336.008
0.039161587,334.791
0.039170883,334.648
0.039180180,334.702
0.039189505,335.695
0.039198824,335.482
0.039208148,335.652
0.039217458,335.179
0.039226770,335.229
0.039236095,335.674
0.039245410,335.356
0.039254707,334.701
0.039264043,336.087
0.039273340,334.680
0.039282658,335.440
0.039291983,335.724
0.039301281,334.729
0.039310577,334.636
0.039319877,334.820
0.039329201,335.654
0.039338497,334.648
0.039347803,335.013
0.039357125,335.590
0.039366434,335.126
0.039375758,335.688
0.039385073,335.321
0.039394368,334.635
0.039403668,334.809
0.039412984,335.351
0.039422308,335.690
0.039431643,336.058
0.039440966,335.596
0.039450295,335.865
0.039459617,335.593
0.039468915,334.717
0.039478241,335.745
0.039487537,334.645
0.039496834,334.694
0.039506160,335.726
0.039515474,335.312
0.039524796,335.585
0.039534096,334.814
0.039543419,335.630
0.039552728,335.129
0.039562025,334.695
0.039571321,334.642
0.039580621,334.812
0.039589943,335.596
0.039599282,336.207
0.039608586,334.941
0.039617884,334.720
0.039627179,334.632
0.039636510,335.914
0.039645807,334.696
0.039655103,334.651
0.039664406,334.908
0.039673728,335.589
0.039683052,335.667
0.039692353,334.809
0.039701669,335.391
0.039710969,334.805
0.039720265,334.652
0.039729562,334.698
0.039738861,334.739
0.039748158,334.704
0.039757454,334.645
0.039766786,335.978
0.039776105,335.460
0.039785402,334.713
0.039794755,336.687
0.039804083,335.818
0.039813408,335.689
0.039822739,335.934
0.039832039,334.799
0.039841335,334.659
0.039850662,335.779
0.039859984,335.585
0.039869292,335.099
0.039878590,334.698
0.039887885,334.642
0.039897192,335.057
0.039906500,335.069
0.039915824,335.666
0.039925148,335.680
0.039934472,335.649
0.039943802,335.889
0.039953131,335.828
0.039962429,334.732
0.039971750,335.572
0.039981052,334.853
0.039990348,334.658
0.039999649,334.823
0.040008944,334.654
0.040018262,335.417
0.040027614,336.702
0.040036911,334.668
0.040046234,335.649
0.040055559,335.691
0.040064856,334.704
0.040074152,334.638
0.040083452,334.818
0.040092800,336.521
0.040102099,334.747
0.040111426,335.780
0.040120722,334.649
0.040130056,336.017
0.040139354,334.756
0.040148670,335.369
0.040157995,335.685
0.040167292,334.716
0.040176604,335.204
0.040185933,335.860
0.040195257,335.654
0.040204553,334.646
0.040213857,334.973
0.040223175,335.422
0.040232472,334.715
0.040241770,334.731
0.040251083,335.269
0.040260379,334.630
0.040269686,335.071
0.040278983,334.699
0.040288279,334.648
0.040297607,335.800
0.040306903,334.658
0.040316230,335.774
0.040325553,335.610
0.040334851,334.737
0.040344180,335.859
0.040353477,334.675
0.040362830,336.709
0.040372182,336.660
0.040381480,334.745
0.040390776,334.651
0.040400130,336.750
0.040409425,334.635
0.040418734,335.097
0.040428063,335.846
0.040437359,334.657
0.040446659,334.811
0.040455980,335.565
0.040465278,334.720
0.040474603,335.685
0.040483925,335.586
0.040493241,335.395
0.040502594,336.720
0.040511892,334.708
0.040521188,334.646
0.040530488,334.810
0.040539783,334.632
0.040549092,335.119
0.040558424,335.950
0.040567740,335.395
0.040577036,334.630
0.040586336,334.805
0.040595633,334.696
0.040604958,335.695
0.040614281,335.622
0.040623596,335.352
0.040632896,334.810
0.040642204,335.074
0.040651503,334.756
0.040660829,335.751
0.040670179,336.606
0.040679504,335.672
0.040688828,335.692
0.040698126,334.711
0.040707421,334.639
0.040716748,335.764
0.040726043,334.633
0.040735371,335.776
0.040744694,335.633
0.040753989,334.642
0.040763290,334.809
0.040772585,334.635
0.040781909,335.666
0.040791260,336.633
0.040800584,335.663
0.040809906,335.585
0.040819210,334.937
0.040828507,334.703
0.040837829,335.596
0.040847129,334.814
0.040856425,334.629
0.040865722,334.711
0.040875047,335.677
0.040884362,335.360
0.040893688,335.746
0.040902984,334.648
0.040912324,336.234
0.040921625,334.822
0.040930935,335.179
0.040940240,334.977
0.040949551,335.198
0.040958860,335.133
0.040968211,336.630
0.040977564,336.706
0.040986886,335.594
0.040996183,334.695
0.041005490,335.039
0.041014787,334.712
0.041024147,336.961
0.041033445,334.715
0.041042741,334.638
0.041052041,334.822
0.041061338,334.697
0.041070634,334.645
0.041079937,334.925
0.041089246,335.088
0.041098543,334.714
0.041107841,334.735
0.041117139,334.711
0.041126457,335.471
0.041135784,335.766
0.041145082,334.705
0.041154404,335.593
0.041163715,335.194
0.041173028,335.294
0.041182329,334.817
0.041191624,334.641
0.041200976,336.663
0.041210305,335.848
0.041219601,334.659
0.041228925,335.655
0.041238276,336.642
0.041247574,334.718
0.041256922,336.539
0.041266249,335.756
0.041275571,335.586
0.041284869,334.721
0.041294170,334.848
0.041303492,335.592
0.041312789,334.700
0.041322140,336.643
0.041331455,335.321
0.041340754,334.767
0.041350090,336.088
0.041359421,335.938
0.041368727,335.004
0.041378051,335.655
0.041387382,335.936
0.041396709,335.763
0.041406014,334.967
0.041415339,335.708
0.041424645,335.017
0.041433943,334.746
0.041443270,335.777
0.041452576,334.989
0.041461874,334.726
0.041471193,335.501
0.041480492,334.770
0.041489815,335.616
0.041499117,334.872
0.041508413,334.641
0.041517711,334.754
0.041527011,334.797
0.041536357,336.432
0.041545654,334.699
0.041554952,334.744
0.041564250,334.714
0.041573570,335.527
0.041582870,334.809
0.041592185,335.316
0.041601518,336.005
0.041610841,335.641
0.041620137,334.650
0.041629466,335.823
0.041638761,334.644
0.041648062,334.827
0.041657361,334.751
0.041666682,335.563
0.041675977,334.637
0.041685304,335.763
0.041694601,334.701
0.041703936,336.040
0.041713243,335.044
0.041722554,335.208
0.041731904,336.594
0.041741228,335.689
0.041750526,334.723
0.041759836,335.133
0.041769132,334.666
0.041778446,335.292
0.041787771,335.704
0.041797093,335.590
0.041806388,334.634
0.041815689,334.818
0.041824984,334.645
0.041834308,335.666
0.041843608,334.798
0.041852904,334.651
0.041862240,336.080
0.041871565,335.700
0.041880882,335.408
0.041890187,334.989
0.041899490,334.916
0.041908786,334.640
0.041918086,334.823
0.041927409,335.620
0.041936751,336.312
0.041946051,334.810
0.041955385,336.030
0.041964683,334.721
0.041974008,335.682
0.041983305,334.713
0.041992624,335.461
0.042001950,335.764
0.042011248,334.700
0.042020554,335.039
0.042029883,335.841
0.042039196,335.271
0.042048498,334.853
0.042057793,334.644
0.042067092,334.742
0.042076392,334.804
0.042085698,335.030
0.042095016,335.421
0.042104340,335.693
0.042113664,335.667
0.042122960,334.637
0.042132260,334.813
0.042141558,334.710
0.042150880,335.584
0.042160180,334.803
0.042169491,335.205
0.042178825,336.044
0.042188150,335.698
0.042197448,334.714
0.042206746,334.728
0.042216096,336.615
0.042225392,334.637
0.042234719,335.765
0.042244016,334.697
0.042253311,334.642
0.042262638,335.758
0.042271933,334.625
0.042281257,335.662
0.042290608,336.638
0.042299906,334.712
0.042309202,334.649
0.042318532,335.877
0.042327829,334.708
0.042337135,335.013
0.042346435,334.814
0.042355784,336.539
0.042365092,335.122
0.042374414,335.587
0.042383735,335.531
0.042393035,334.804
0.042402369,336.042
0.042411693,335.655
0.042421044,336.642
0.042430368,335.666
0.042439664,334.634
0.042448964,334.818
0.042458260,334.636
0.042467557,334.717
0.042476857,334.795
0.042486170,335.264
0.042495480,335.146
0.042504775,334.634
0.042514090,335.333
0.042523388,334.730
0.042532712,335.663
0.042542027,335.361
0.042551354,335.759
0.042560651,334.689
0.042569947,334.638
0.042579291,336.408
0.042588601,335.169
0.042597950,336.551
0.042607248,334.736
0.042616546,334.727
0.042625845,334.768
0.042635155,335.143
0.042644497,336.307
0.042653821,335.690
0.042663145,335.664
0.042672483,336.165
0.042681790,335.039
0.042691085,334.634
0.042700424,336.179
0.042709781,336.855
0.042719076,334.637
0.042728373,334.696
0.042737722,336.548
0.042747066,336.403
0.042756362,334.653
0.042765690,335.807
0.042775031,336.266
0.042784366,336.060
0.042793664,334.725
0.042803013,336.569
0.042812366,336.715
0.042821663,334.668
0.042830983,335.545
0.042840291,335.073
0.042849642,336.641
0.042858938,334.638
0.042868249,335.221
0.042877555,334.990
0.042886861,335.041
0.042896162,334.844
0.042905458,334.646
0.042914759,334.842
0.042924082,335.603
0.042933380,334.730
0.042942680,334.813
0.042951976,334.664
0.042961275,334.739
0.042970574,334.766
0.042979884,335.187
0.042989180,334.638
0.042998507,335.764
0.043007802,334.627
0.043017112,335.150
0.043026414,334.890
0.043035726,335.219
0.043045023,334.698
0.043054347,335.688
0.043063663,335.351
0.043072961,334.736
0.043082259,334.720
0.043091554,334.635
0.043100855,334.820
0.043110154,334.786
0.043119466,335.207
0.043128802,336.108
0.043138121,335.500
0.043147420,334.757
0.043156772,336.663
0.043166085,335.268
0.043175408,335.620
0.043184708,334.818
0.043194025,335.400
0.043203347,335.579
0.043212656,335.128
0.043221951,334.639
0.043231252,334.816
0.043240600,336.544
0.043249924,335.668
0.043259224,334.792
0.043268546,335.599
0.043277843,334.695
0.043287147,334.920
0.043296444,334.718
0.043305766,335.589
0.043315067,334.838
0.043324363,334.638
0.043333661,334.743
0.043342991,335.877
0.043352306,335.344
0.043361604,334.726
0.043370904,334.775
0.043380201,334.721
0.043389500,334.768
0.043398798,334.724
0.043408094,334.633
0.043417394,334.825
0.043426703,335.120
0.043436026,335.613
0.043445330,334.953
0.043454665,336.067
0.043463963,334.722
0.043473291,335.817
0.043482616,335.668
0.043491937,335.584
0.043501266,335.834
0.043510563,334.706
0.043519859,334.647
0.043529168,335.131
0.043538490,335.585
0.043547799,335.103
0.043557094,334.637
0.043566428,336.015
0.043575757,335.841
0.043585076,335.482
0.043594373,334.700
0.043603698,335.690
0.043612995,334.712
0.043622343,336.537
0.043631644,334.814
0.043640939,334.631
0.043650237,334.712
0.043659536,334.790
0.043668849,335.265
0.043678149,334.806
0.043687488,336.175
0.043696788,334.810
0.043706113,335.695
0.043715420,335.050
0.043724742,335.601
0.043734043,334.854
0.043743341,334.703
0.043752637,334.652
0.043761942,334.992
0.043771264,335.593
0.043780585,335.567
0.043789883,334.728
0.043799184,334.811
0.043808506,335.597
0.043817859,336.723
0.043827157,334.707
0.043836455,334.732
0.043845752,334.713
0.043855074,335.588
0.043864375,334.814
0.043873708,336.007
0.043883006,334.715
0.043892306,334.791
0.043901601,334.643
0.043910898,334.695
0.043920223,335.694
0.043929521,334.718
0.043938816,334.634
0.043948117,334.820
0.043957428,335.197
0.043966751,335.627
0.043976060,335.117
0.043985358,334.734
0.043994685,335.780
0.044003980,334.628
0.044013297,335.406
0.044022595,334.730
0.044031895,334.803
0.044041217,335.593
0.044050518,334.826
0.044059815,334.708
0.044069125,335.134
0.044078429,334.976
0.044087739,335.144
0.044097087,336.529
0.044106411,335.679
0.044115709,334.717
0.044125005,334.634
0.044134333,335.806
0.044143630,334.703
0.044152929,334.756
0.044162226,334.711
0.044171548,335.589
0.044180848,334.813
0.044190144,334.636
0.044199442,334.716
0.044208794,336.699
0.044218090,334.651
0.044227427,336.133
0.044236752,335.701
0.044246068,335.373
0.044255364,334.655
0.044264697,335.982
0.044274012,335.329
0.044283337,335.711
0.044292690,336.716
0.044301986,334.653
0.044311288,334.866
0.044320621,335.992
0.044329966,336.414
0.044339270,334.937
0.044348567,334.710
0.044357885,335.428
0.044367185,334.808
0.044376496,335.216
0.044385819,335.596
0.044395145,335.753
0.044404483,336.179
0.044413807,335.669
0.044423115,335.059
0.044432412,334.713
0.044441738,335.742
0.044451034,334.648
0.044460358,335.649
0.044469689,335.927
0.044479013,335.667
0.044488330,335.422
0.044497666,336.062
0.044506988,335.628
0.044516311,335.606
0.044525638,335.788
0.044534943,334.962
0.044544241,334.723
0.044553568,335.777
0.044562903,336.058
0.044572201,334.752
0.044581526,335.679
0.044590864,336.186
0.044600171,335.041
0.044609544,337.442
0.044618863,335.454
0.044628195,335.965
0.044637517,335.587
0.044646814,334.710
0.044656139,335.681
0.044665436,334.712
0.044674758,335.569
0.044684084,335.761
0.044693408,335.643
0.044702706,334.739
0.044712004,334.709
0.044721319,335.342
0.044730622,334.914
0.044739967,336.444
0.044749265,334.721
0.044758592,335.749
0.044767928,336.115
0.044777225,334.699
0.044786524,334.740
0.044795821,334.711
0.044805191,337.316
0.044814519,335.807
0.044823815,334.660
0.044833116,334.837
0.044842414,334.730
0.044851729,335.336
0.044861058,335.844
0.044870404,336.459
0.044879728,335.669
0.044889032,334.916
0.044898329,334.721
0.044907625,334.630
0.044916951,335.767
0.044926249,334.702
0.044935569,335.521
0.044944876,335.076
0.044954172,334.640
0.044963499,335.755
0.044972823,335.695
0.044982167,336.357
0.044991501,336.021
0.045000807,335.048
0.045010105,334.702
0.045019430,335.699
0.045028750,335.541
0.045038046,334.636
0.045047346,334.817
0.045056663,335.407
0.045065997,336.011
0.045075297,334.794
0.045084619,335.608
0.045093920,334.849
0.045103245,335.700
0.045112561,335.360
0.045121920,336.943
0.045131218,334.714
0.045140576,336.887
0.045149903,335.758
0.045159213,335.158
0.045168508,334.640
0.045177835,335.759
0.045187144,335.150
0.045196444,334.800
0.045205769,335.692
0.045215067,334.727
0.045224363,334.636
0.045233663,334.812
0.045242960,334.693
0.045252285,335.688
0.045261609,335.669
0.045270921,335.236
0.045280221,334.807
0.045289541,335.513
0.045298865,335.662
0.045308191,335.744
0.045317487,334.644
0.045326784,334.695
0.045336087,334.919
0.045345385,334.713
0.045354698,335.269
0.045364027,335.864
0.045373349,335.592
0.045382648,334.750
0.045391975,335.779
0.045401298,335.607
0.045410599,334.838
0.045419894,334.635
0.045429195,334.822
0.045438546,336.643
0.045447867,335.575
0.045457204,336.103
0.045466530,335.764
0.045475828,334.701
0.045485123,334.640
0.045494424,334.816
0.045503719,334.644
0.045513017,334.722
0.045522315,334.739
0.045531639,335.662
0.045540944,334.980
0.045550271,335.763
0.045559568,334.703
0.045568867,334.748
0.045578165,334.716
0.045587486,335.590
0.045596787,334.817
0.045606082,334.639
0.045615380,334.711
0.045624733,336.694
0.045634042,335.144
0.045643359,335.411
0.045652712,336.706
0.045662012,334.802
0.045671372,336.963
0.045680673,334.829
0.045689968,334.637
0.045699269,334.822
0.045708593,335.650
0.045717915,335.603
0.045727215,334.807
0.045736549,336.009
0.045745873,335.667
0.045755171,334.728
0.045764491,335.526
0.045773787,334.636
0.045783113,335.763
0.045792411,334.702
0.045801706,334.647
0.045811035,335.851
0.045820357,335.585
0.045829717,336.961
0.045839042,335.678
0.045848339,334.720
0.045857666,335.743
0.045866999,335.994
0.045876296,334.697
0.045885600,334.957
0.045894906,335.000
0.045904203,334.690
0.045913551,336.548
0.045922847,334.657
0.045932158,335.181
0.045941459,334.840
0.045950755,334.656
0.045960053,334.720
0.045969360,335.047
0.045978685,335.712
0.045988011,335.727
0.045997318,335.067
0.046006614,334.633
0.046015914,334.815
0.046025211,334.704
0.046034507,334.651
0.046043834,335.764
0.046053142,335.090
0.046062466,335.663
0.046071817,336.639
0.046081156,336.201
0.046090478,335.585
0.046099778,334.819
0.046109095,335.388
0.046118391,334.651
0.046127694,334.914
0.046136989,334.643
0.046146290,334.824
0.046155612,335.588
0.046164910,334.722
0.046174263,336.699
0.046183558,334.650
0.046192897,336.178
0.046202222,335.726
0.046211547,335.674
0.046220869,335.591
0.046230172,334.914
0.046239510,336.165
0.046248807,334.718
0.046258107,334.797
0.046267403,334.645
0.046276713,335.143
0.046286044,335.943
0.046295342,334.713
0.046304666,335.680
0.046313991,335.673
0.046323307,335.384
0.046332643,336.116
0.046341967,335.655
0.046351264,334.669
0.046360594,335.884
0.046369910,335.386
0.046379235,335.700
0.046388541,335.024
0.046397839,334.735
0.046407144,334.969
0.046416444,334.814
0.046425741,334.697
0.046435040,334.743
0.046444364,335.653
0.046453679,335.354
0.046463002,335.623
0.046472338,336.108
0.046481637,334.744
0.046490972,336.071
0.046500268,334.657
0.046509566,334.730
0.046518894,335.814
0.046528192,334.715
0.046537514,335.594
0.046546815,334.824
0.046556110,334.633
0.046565463,336.713
0.046574760,334.698
0.046584118,336.897
0.046593422,334.911
0.046602743,335.591
0.046612041,334.714
0.046621392,336.640
0.046630716,335.669
0.046640035,335.471
0.046649335,334.813
0.046658632,334.692
0.046667953,335.537
0.046677255,334.872
0.046686577,335.592
0.046695901,335.663
0.046705232,335.921
0.046714547,335.328
0.046723880,336.011
0.046733176,334.642
0.046742473,334.697
0.046751781,335.077
0.046761121,336.235
0.046770416,334.642
0.046779743,335.771
0.046789039,334.638
0.046798360,335.578
0.046807687,335.746
0.046817009,335.598
0.046826334,335.709
0.046835632,334.745
0.046844930,334.724
0.046854237,335.033
0.046863534,334.718
0.046872856,335.589
0.046882157,334.806
0.046891454,334.701
0.046900750,334.651
0.046910080,335.905
0.046919398,335.448
0.046928709,335.183
0.046938007,334.734
0.046947305,334.714
0.046956600,334.635
0.046965901,334.814
0.046975198,334.691
0.046984493,334.645
0.046993794,334.819
0.047003134,336.263
0.047012461,335.762
0.047021812,336.613
0.047031126,335.337
0.047040453,335.743
0.047049800,336.493
0.047059100,334.809
0.047068425,335.707
0.047077765,336.227
0.047087060,334.640
0.047096361,334.818
0.047105672,335.207
0.047115006,336.019
0.047124306,334.795
0.047133628,335.596
0.047142929,334.823
0.047152224,334.636
0.047161538,335.319
0.047170863,335.685
0.047180161,334.723
0.047189456,334.629
0.047198789,335.982
0.047208086,334.698
0.047217408,335.595
0.047226709,334.812
0.047236067,336.888
0.047245389,335.593
0.047254713,335.685
0.047264011,334.720
0.047273306,334.637
0.047282633,335.758
0.047291965,335.947
0.047301291,335.745
0.047310598,335.029
0.047319894,334.684
0.047329222,335.803
0.047338541,335.473
0.047347839,334.742
0.047357166,335.774
0.047366488,335.600
0.047375786,334.725
0.047385112,335.714
0.047394426,335.309
0.047403723,334.681
0.047413049,335.759
0.047422371,335.588
0.047431699,335.802
0.047440996,334.700
0.047450292,334.640
0.047459619,335.764
0.047468914,334.629
0.047478211,334.716
0.047487509,334.724
0.047496843,336.017
0.047506151,335.100
0.047515482,335.902
0.047524782,334.796
0.047534078,334.653
0.047543381,334.897
0.047552676,334.638
0.047561974,334.715
0.047571273,334.768
0.047580591,335.460
0.047589945,336.738
0.047599242,334.677
0.047608566,335.661
0.047617891,335.712
0.047627189,334.716
0.047636484,334.634
0.047645785,334.824
0.047655093,335.109
0.047664404,335.186
0.047673704,334.793
0.047683014,335.178
0.047692338,335.648
0.047701636,334.745
0.047710934,334.711
0.047720255,335.562
0.047729582,335.766
0.047738877,334.625
0.047748204,335.768
0.047757514,335.163
0.047766836,335.604
0.047776166,335.869
0.047785474,335.085
0.047794771,334.713
0.047804069,334.730
0.047813393,335.667
0.047822689,334.636
0.047832016,335.762
0.047841313,334.701
0.047850608,334.641
0.047859943,336.040
0.047869239,334.660
0.047878537,334.721
0.047887835,334.728
0.047897159,335.669
0.047906485,335.742
0.047915818,335.990
0.047925115,334.693
0.047934413,334.731
0.047943737,335.663
0.047953059,335.590
0.047962360,334.810
0.047971655,334.637
0.047980992,336.124
0.047990294,334.873
0.047999616,335.605
0.048008940,335.661
0.048018265,335.687
0.048027562,334.714
0.048036861,334.740
0.048046158,334.714
0.048055454,334.638
0.048064781,335.764
0.048074129,336.531
0.048083487,336.895
0.048092787,334.808
0.048102109,335.589
0.048111407,334.715
0.048120705,334.729
0.048130045,336.238
0.048139353,335.104
0.048148654,334.834
0.048158015,336.992
0.048167349,336.047
0.048176683,336.022
0.048185979,334.641
0.048195313,336.027
0.048204608,334.630
0.048213906,334.716
0.048223209,334.892
0.048232505,334.659
0.048241828,335.654
0.048251132,334.919
0.048260429,334.716
0.048269725,334.634
0.048279028,334.920
0.048288366,336.164
0.048297664,334.720
0.048306990,335.742
0.048316312,335.603
0.048325613,334.810
0.048334918,334.990
0.048344215,334.712
0.048353542,335.758
0.048362840,334.713
0.048372135,334.639
0.048381462,335.761
0.048390759,334.694
0.048400068,335.141
0.048409399,335.923
0.048418728,335.840
0.048428028,334.795
0.048437382,336.721
0.048446679,334.719
0.048455977,334.701
0.048465278,334.862
0.048474603,335.671
0.048483902,334.785
0.048493200,334.720
0.048502522,335.588
0.048511822,334.817
0.048521129,335.056
0.048530468,336.197
0.048539768,334.798
0.048549090,335.597
0.048558388,334.707
0.048567716,335.823
0.048577014,334.721
0.048586309,334.642
0.048595610,334.820
0.048604905,334.635
0.048614230,335.668
0.048623530,334.814
0.048632844,335.298
0.048642144,334.812
0.048651465,335.559
0.048660763,334.715
0.048670088,335.689
0.048679409,335.583
0.048688735,335.718
0.048698037,334.894
0.048707348,335.195
0.048716668,335.499
0.048725969,334.847
0.048735307,336.175
0.048744641,336.024
0.048753967,335.714
0.048763283,335.378
0.048772609,335.754
0.048781931,335.591
0.048791248,335.405
0.048800573,335.689
0.048809870,334.714
0.048819166,334.636
0.048828466,334.819
0.048837811,336.390
0.048847131,335.550
0.048856431,334.804
0.048865742,335.189
0.048875066,335.645
0.048884391,335.696
0.048893707,335.383
0.048903031,335.688
0.048912355,335.660
0.048921680,335.673
0.048930981,334.840
0.048940278,334.699
0.048949600,335.598
0.048958936,336.108
0.048968232,334.649
0.048977530,334.735
0.048986881,336.639
0.048996179,334.723
0.049005475,334.636
0.049014802,335.764
0.049024099,334.696
0.049033447,336.532
0.049042747,334.802
0.049052069,335.584
0.049061369,334.817
0.049070665,334.635
0.049080005,336.251
0.049089305,334.795
0.049098627,335.598
0.049107924,334.691
0.049117222,334.742
0.049126520,334.714
0.049135838,335.458
0.049145139,334.816
0.049154463,335.665
0.049163761,334.743
0.049173063,334.856
0.049182386,335.644
0.049191684,334.712
0.049200982,334.756
0.049210299,335.398
0.049219624,335.714
0.049228933,335.104
0.049238255,335.616
0.049247600,336.416
0.049256925,335.684
0.049266229,334.947
0.049275557,335.799
0.049284879,335.620
0.049294201,335.581
0.049303499,334.738
0.049312840,336.262
0.049322162,335.585
0.049331463,334.823
0.049340786,335.648
0.049350137,336.647
0.049359435,334.723
0.049368731,334.632
0.049378057,335.768
0.049387355,334.714
0.049396680,335.693
0.049405980,334.802
0.049415289,335.140
0.049424586,334.693
0.049433885,334.749
0.049443183,334.711
0.049452504,335.591
0.049461805,334.820
0.049471100,334.633
0.049480398,334.712
0.049489698,334.811
0.049498994,334.647
0.049508294,334.814
0.049517616,335.589
0.049526914,334.726
0.049536231,335.393
0.049545529,334.747
0.049554846,335.392
0.049564173,335.772
0.049573492,335.505
0.049582788,334.645
0.049592088,334.808
0.049601437,336.541
0.049610761,335.666
0.049620061,334.800
0.049629359,334.739
0.049638681,335.582
0.049648007,335.760
0.049657331,335.652
0.049666656,335.688
0.049675978,335.597
0.049685273,334.641
0.049694574,334.818
0.049703882,335.089
0.049713206,335.668
0.049722532,335.744
0.049731828,334.649
0.049741152,335.647
0.049750450,334.740
0.049759748,334.717
0.049769043,334.636
0.049778370,335.764
0.049787692,335.587
0.049797010,335.465
0.049806335,335.688
0.049815631,334.650
0.049824958,335.802
0.049834266,335.073
0.049843564,334.732
0.049852864,334.802
0.049862198,336.012
0.049871534,336.102
0.049880835,334.824
0.049890132,334.697
0.049899428,334.649
0.049908754,335.757
0.049918050,334.629
0.049927400,336.610
0.049936707,335.055
0.049946005,334.716
0.049955357,336.696
0.049964653,334.647
0.049973950,334.702
0.049983282,335.929
0.049992629,336.507
0.050001924,334.634
0.050011225,334.806
0.050020547,335.593
0.050029870,335.658
0.050039170,334.788
0.050048481,335.210
0.050057779,334.700
0.050067104,335.694
0.050076428,335.673
0.050085743,335.342
0.050095069,335.737
0.050104365,334.645
0.050113668,334.930
0.050122993,335.682
0.050132336,336.372
0.050141664,335.789
0.050150960,334.664
0.050160270,335.172
0.050169596,335.710
0.050178920,335.689
0.050188216,334.640
0.050197516,334.810
0.050206813,334.698
0.050216145,335.943
0.050225472,335.762
0.050234767,334.633
0.050244120,336.712
0.050253427,335.035
0.050262724,334.713
0.050272057,335.970
0.050281402,336.420
0.050290725,335.645
0.050300037,335.235
0.050309336,334.756
0.050318638,334.852
0.050327936,334.746
0.050337232,334.652
0.050346532,334.815
0.050355828,334.637
0.050365126,334.714
0.050374424,334.733
0.050383748,335.668
0.050393043,334.641
0.050402377,336.014
0.050411674,334.700
0.050421007,335.971
0.050430334,335.764
0.050439629,334.634
0.050448929,334.816
0.050458225,334.643
0.050467568,336.360
0.050476895,335.744
0.050486217,335.595
0.050495514,334.695
0.050504812,334.739
0.050514132,335.525
0.050523463,335.924
0.050532764,334.815
0.050542060,334.649
0.050551398,336.192
0.050560726,335.782
0.050570048,335.610
0.050579349,334.816
0.050588671,335.595
0.050597968,334.714
0.050607319,336.644
0.050616644,335.674
0.050625975,335.929
0.050635302,335.767
0.050644599,334.699
0.050653918,335.464
0.050663223,335.009
0.050672534,335.178
0.050681883,336.575
0.050691208,335.699
0.050700507,334.748
0.050709860,336.702
0.050719155,334.647
0.050728479,335.646
0.050737803,335.687
0.050747139,336.082
0.050756461,335.587
0.050765788,335.767
0.050775110,335.587
0.050784420,335.181
0.050793720,334.789
0.050803057,336.148
0.050812382,335.693
0.050821683,334.822
0.050830981,334.745
0.050840333,336.678
0.050849659,335.707
0.050858997,336.193
0.050868331,336.014
0.050877655,335.647
0.050886965,335.165
0.050896269,334.960
0.050905565,334.638
0.050914862,334.718
0.050924187,335.673
0.050933499,335.247
0.050942819,335.516
0.050952119,334.811
0.050961416,334.701
0.050970738,335.571
0.050980048,335.147
0.050989379,335.935
0.050998680,334.817
0.051007975,334.637
0.051017273,334.718
0.051026572,334.787
0.051035906,336.020
0.051045203,334.698
0.051054560,336.834
0.051063880,335.512
0.051073177,334.717
0.051082482,334.952
0.051091819,336.159
0.051101143,335.665
0.051110471,335.797
0.051119793,335.595
0.051129121,335.791
0.051138443,335.592
0.051147767,335.677
0.051157092,335.688
0.051166409,335.417
0.051175723,335.305
0.051185026,334.900
0.051194324,334.733
0.051203646,335.611
0.051212951,334.965
0.051222273,335.608
0.051231571,334.730
0.051240897,335.721
0.051250212,335.346
0.051259534,335.591
0.051268862,335.800
0.051278186,335.664
0.051287511,335.701
0.051296809,334.715
0.051306151,336.334
0.051315452,334.816
0.051324749,334.721
0.051334075,335.701
0.051343405,335.893
0.051352701,334.652
0.051362010,335.119
0.051371340,335.888
0.051380639,334.766
0.051389935,334.646
0.051399237,334.895
0.051408560,335.617
0.051417869,335.124
0.051427166,334.695
0.051436462,334.644
0.051445788,335.760
0.051455108,335.501
0.051464420,335.246
0.051473745,335.691
0.051483043,334.716
0.051492351,335.100
0.051501678,335.755
0.051510975,334.696
0.051520295,335.518
0.051529648,336.712
0.051538960,335.246
0.051548258,334.719
0.051557556,334.738
0.051566865,335.125
0.051576166,334.842
0.051585462,334.646
0.051594787,335.685
0.051604112,335.725
0.051613423,335.176
0.051622719,334.673
0.051632047,335.794
0.051641369,335.589
0.051650679,335.178
0.051659989,335.139
0.051669285,334.682
0.051678583,334.720
0.051687935,336.650
0.051697259,335.667
0.051706583,335.691
0.051715881,334.714
0.051725176,334.624
0.051734503,335.774
0.051743825,335.585
0.051753122,334.692
0.051762423,334.833
0.051771758,336.079
0.051781057,334.746
0.051790356,334.769
0.051799654,334.722
0.051808953,334.752
0.051818256,334.934
0.051827554,334.703
0.051836875,335.573
0.051846202,335.768
0.051855542,336.240
0.051864842,334.820
0.051874138,334.633
0.051883436,334.721
0.051892735,334.793
0.051902055,335.521
0.051911367,335.232
0.051920692,335.674
0.051930019,335.777
0.051939364,336.434
0.051948666,334.853
0.051958003,336.157
0.051967328,335.701
0.051976655,335.749
0.051985968,335.277
0.051995278,335.152
0.052004573,334.636
0.052013888,335.321
0.052023239,336.642
0.052032563,335.664
0.052041858,334.637
0.052051159,334.812
0.052060458,334.790
0.052069754,334.656
0.052079060,335.004
0.052088403,336.353
0.052097701,334.716
0.052107026,335.692
0.052116343,335.411
0.052125664,335.572
0.052135000,336.095
0.052144297,334.702
0.052153596,334.744
0.052162894,334.719
0.052172216,335.597
0.052181543,335.767
0.052190850,335.076
0.052200170,335.500
0.052209522,336.693
0.052218819,334.690
0.052228116,334.699
0.052237415,334.748
0.052246728,335.274
0.052256024,334.634
0.052265324,334.822
0.052274638,335.314
0.052283936,334.719
0.052293236,334.798
0.052302560,335.661
0.052311861,334.831
0.052321183,335.588
0.052330480,334.712
0.052339808,335.793
0.052349132,335.673
0.052358428,334.634
0.052367728,334.812
0.052377047,335.483
0.052386342,334.638
0.052395643,334.812
0.052404959,335.374
0.052414292,336.008
0.052423592,334.779
0.052432916,335.666
0.052442242,335.739
0.052451590,336.539
0.052460887,334.699
0.052470212,335.688
0.052479532,335.525
0.052488828,334.662
0.052498129,334.824
0.052507465,336.110
0.052516790,335.692
0.052526090,334.804
0.052535401,335.187
0.052544701,334.808
0.052554000,334.756
0.052563324,335.673
0.052572674,336.574
0.052582001,335.776
0.052591296,334.640
0.052600596,334.811
0.052609894,334.695
0.052619216,335.593
0.052628519,334.916
0.052637891,337.385
0.052647188,334.715
0.052656517,335.844
0.052665829,335.236
0.052675125,334.634
0.052684452,335.764
0.052693749,334.695
0.052703044,334.644
0.052712344,334.808
0.052721659,335.306
0.052730959,334.812
0.052740281,335.583
0.052749597,335.406
0.052758905,335.075
0.052768236,335.927
0.052777534,334.729
0.052786859,335.698
0.052796186,335.751
0.052805504,335.466
0.052814805,334.823
0.052824147,336.332
0.052833445,334.716
0.052842745,334.790
0.052852067,335.600
0.052861391,335.650
0.052870689,334.752
0.052879987,334.716
0.052889285,334.731
0.052898593,335.084
0.052907888,334.634
0.052917189,334.814
0.052926486,334.693
0.052935808,335.590
0.052945112,334.944
0.052954407,334.637
0.052963745,336.150
0.052973043,334.729
0.052982367,335.666
0.052991662,334.638
0.053000989,335.762
0.053010329,336.244
0.053019651,335.588
0.053028960,335.140
0.053038289,335.828
0.053047592,334.899
0.053056888,334.653
0.053066187,334.760
0.053075514,335.781
0.053084810,334.653
0.053094108,334.727
0.053103433,335.726
0.053112731,334.720
0.053122028,334.667
0.053131329,334.844
0.053140651,335.593
0.053149975,335.665
0.053159275,334.797
0.053168572,334.689
0.053177878,335.044
0.053187186,335.060
0.053196510,335.668
0.053205861,336.635
0.053215158,334.716
0.053224454,334.633
0.053233781,335.771
0.053243101,335.538
0.053252433,335.942
0.053261733,334.804
0.053271029,334.638
0.053280355,335.768
0.053289680,335.697
0.053299021,336.271
0.053308317,334.633
0.053317617,334.829
0.053326942,335.682
0.053336241,334.755
0.053345565,335.670
0.053354880,335.348
0.053364233,336.722
0.053373541,335.081
0.053382839,334.720
0.053392139,334.800
0.053401461,335.606
0.053410785,335.646
0.053420083,334.739
0.053429401,335.452
0.053438723,335.592
0.053448050,335.770
0.053457346,334.635
0.053466682,336.101
0.053476005,335.650
0.053485301,334.649
0.053494601,334.809
0.053503897,334.636
0.053513195,334.718
0.053522521,335.769
0.053531833,335.208
0.053541128,334.635
0.053550455,335.770
0.053559753,334.704
0.053569048,334.644
0.053578355,335.042
0.053587667,335.242
0.053596967,334.810
0.053606266,334.742
0.053615572,335.032
0.053624900,335.784
0.053634196,334.655
0.053643493,334.694
0.053652791,334.748
0.053662114,335.614
0.053671425,335.201
0.053680725,334.818
0.053690021,334.640
0.053699340,335.489
0.053708640,334.787
0.053717935,334.644
0.053727233,334.697
0.053736531,334.741
0.053745829,334.717
0.053755162,336.003
0.053764515,336.722
0.053773830,335.341
0.053783140,335.161
0.053792438,334.700
0.053801752,335.326
0.053811081,335.831
0.053820403,335.583
0.053829721,335.451
0.053839051,335.891
0.053848362,335.185
0.053857657,334.627
0.053866984,335.766
0.053876316,335.977
0.053885641,335.681
0.053894969,335.808
0.053904282,335.256
0.053913606,335.672
0.053922940,336.024
0.053932238,334.720
0.053941572,336.025
0.053950878,335.036
0.053960175,334.693
0.053969474,334.770
0.053978772,334.728
0.053988094,335.595
0.053997421,335.766
0.054006779,336.890
0.054016080,334.810
0.054025406,335.758
0.054034719,335.243
0.054044016,334.695
0.054053340,335.691
0.054062665,335.670
0.054071989,335.687
0.054081313,335.663
0.054090608,334.627
0.054099935,335.763
0.054109232,334.704
0.054118528,334.648
0.054127833,334.965
0.054137128,334.633
0.054146444,335.359
0.054155743,334.760
0.054165061,335.479
0.054174358,334.681
0.054183659,334.845
0.054192957,334.699
0.054202279,335.601
0.054211588,335.112
0.054220910,335.593
0.054230236,335.770
0.054239585,336.537
0.054248898,335.278
0.054258227,335.838
0.054267523,334.652
0.054276820,334.702
0.054286118,334.743
0.054295416,334.716
0.054304724,335.092
0.054314025,334.816
0.054323320,334.634
0.054332618,334.711
0.054341944,335.741
0.054351266,335.596
0.054360563,334.693
0.054369861,334.737
0.054379195,336.001
0.054388519,335.682
0.054397817,334.709
0.054407138,335.586
0.054416445,335.027
0.054425742,334.707
0.054435087,336.403
0.054444387,334.820
0.054453697,335.146
0.054463033,336.108
0.054472331,334.736
0.054481656,335.675
0.054490951,334.634
0.054500311,336.957
0.054509628,335.406
0.054518927,334.764
0.054528225,334.727
0.054537547,335.618
0.054546875,335.787
0.054556197,335.596
0.054565531,336.039
0.054574863,335.931
0.054584159,334.656
0.054593457,334.730
0.054602755,334.740
0.054612053,334.712
0.054621399,336.480
0.054630700,334.811
0.054639995,334.634
0.054649348,336.715
0.054658646,334.704
0.054667960,335.315
0.054677288,335.827
0.054686584,334.637
0.054695908,335.669
0.054705226,335.447
0.054714551,335.710
0.054723855,334.950
0.054733189,336.004
0.054742487,334.736
0.054751785,334.720
0.054761112,335.784
0.054770409,334.670
0.054779732,335.651
0.054789039,335.039
0.054798336,334.712
0.054807663,335.751
0.054817011,336.520
0.054826308,334.691
0.054835665,336.882
0.054844976,335.165
0.054854271,334.634
0.054863571,334.808
0.054872867,334.633
0.054882164,334.714
0.054891490,335.738
0.054900812,335.599
0.054910110,334.698
0.054919408,334.743
0.054928706,334.718
0.054938027,335.584
0.054947338,335.172
0.054956660,335.594
0.054965961,334.840
0.054975285,335.674
0.054984581,334.660
0.054993895,335.303
0.055003192,334.677
0.055012490,334.729
0.055021789,334.762
0.055031087,334.723
0.055040395,335.094
0.055049699,334.943
0.055058996,334.696
0.055068316,335.528
0.055077618,334.874
0.055086930,335.235
0.055096254,335.667
0.055105552,334.730
0.055114868,335.355
0.055124194,335.741
0.055133527,335.986
0.055142824,334.700
0.055152149,335.687
0.055161446,334.711
0.055170742,334.633
0.055180069,335.773
0.055189378,335.129
0.055198676,334.718
0.055208028,336.696
0.055217340,335.211
0.055226637,334.698
0.055235937,334.805
0.055245235,334.735
0.055254551,335.377
0.055263850,334.754
0.055273146,334.647
0.055282447,334.850
0.055291745,334.735
0.055301057,335.225
0.055310364,335.049
0.055319659,334.634
0.055328957,334.721
0.055338282,335.692
0.055347580,334.722
0.055356898,335.456
0.055366205,335.039
0.055375544,336.218
0.055384892,336.530
0.055394193,334.825
0.055403515,335.590
0.055412868,336.719
0.055422190,335.583
0.055431487,334.715
0.055440788,334.805
0.055450134,336.469
0.055459431,334.701
0.055468730,334.744
0.055478044,335.320
0.055487363,335.469
0.055496663,334.824
0.055505985,335.589
0.055515307,335.594
0.055524634,335.746
0.055533956,335.608
0.055543291,336.078
0.055552597,334.998
0.055561922,335.684
0.055571246,335.680
0.055580544,334.721
0.055589865,335.581
0.055599192,335.765
0.055608516,335.650
0.055617834,335.458
0.055627135,334.814
0.055636445,335.168
0.055645742,334.717
0.055655047,334.972
0.055664345,334.721
0.055673676,335.928
0.055682977,334.812
0.055692292,335.351
0.055701617,335.692
0.055710914,334.713
0.055720236,335.591
0.055729566,335.860
0.055738888,335.590
0.055748186,334.730
0.055757486,334.793
0.055766781,334.653
0.055776105,335.647
0.055785404,334.748
0.055794701,334.717
0.055804048,336.479
0.055813376,335.805
0.055822698,335.610
0.055832006,335.064
0.055841333,335.796
0.055850647,335.290
0.055859981,336.044
0.055869301,335.514
0.055878647,336.427
0.055887945,334.728
0.055897242,334.720
0.055906560,335.442
0.055915861,334.818
0.055925158,334.695
0.055934477,335.511
0.055943778,334.812
0.055953100,335.593
0.055962434,336.037
0.055971736,334.852
0.055981057,335.564
0.055990356,334.772
0.055999669,335.250
0.056008965,334.666
0.056018319,336.741
0.056027658,336.198
0.056036992,336.033
0.056046292,334.818
0.056055588,334.657
0.056064889,334.836
0.056074196,335.020
0.056083493,334.721
0.056092845,336.655
0.056102151,335.027
0.056111447,334.647
0.056120753,335.001
0.056130050,334.706
0.056139346,334.651
0.056148646,334.814
0.056157942,334.637
0.056167239,334.719
0.056176564,335.688
0.056185888,335.669
0.056195210,335.596
0.056204538,335.787
0.056213838,334.794
0.056223163,335.712
0.056232461,334.721
0.056241783,335.589
0.056251083,334.822
0.056260391,335.085
0.056269703,335.225
0.056279029,335.747
0.056288325,334.640
0.056297648,335.642
0.056306973,335.693
0.056316297,335.671
0.056325592,334.633
0.056334920,335.774
0.056344233,335.269
0.056353560,335.788
0.056362877,335.417
0.056372194,335.409
0.056381495,334.834
0.056390791,334.675
0.056400116,335.681
0.056409415,334.769
0.056418726,335.187
0.056428071,336.410
0.056437397,335.765
0.056446721,335.652
0.056456045,335.680
0.056465354,335.121
0.056474676,335.593
0.056483977,334.826
0.056493299,335.594
0.056502623,335.665
0.056511923,334.797
0.056521219,334.647
0.056530536,335.434
0.056539861,335.697
0.056549159,334.719
0.056558476,335.424
0.056567777,334.821
0.056577108,335.924
0.056586432,335.666
0.056595732,334.796
0.056605028,334.649
0.056614351,335.644
0.056623650,334.743
0.056632974,335.656
0.056642298,335.692
0.056651603,334.970
0.056660901,334.713
0.056670202,334.832
0.056679499,334.706
0.056688795,334.646
0.056698122,335.769
0.056707432,335.171
0.056716757,335.690
0.056726081,335.687
0.056735379,334.713
0.056744674,334.634
0.056754001,335.759
0.056763360,336.941
0.056772658,334.693
0.056781959,334.835
0.056791272,335.288
0.056800599,335.764
0.056809894,334.633
0.056819192,334.721
0.056828545,336.697
0.056837853,335.087
0.056847176,335.646
0.056856475,334.745
0.056865772,334.715
0.056875094,335.589
0.056884398,334.932
0.056893693,334.637
0.056903018,335.675
0.056912317,334.788
0.056921633,335.364
0.056930931,334.740
0.056940229,334.734
0.056949584,336.771
0.056958883,334.774
0.056968208,335.685
0.056977503,334.632
0.056986830,335.765
0.056996127,334.698
0.057005450,335.598
0.057014780,335.914
0.057024090,335.159
0.057033415,335.673
0.057042713,334.732
0.057052011,334.723
0.057061358,336.506
0.057070686,335.790
0.057080009,335.650
0.057089307,334.735
0.057098632,335.672
0.057107927,334.647
0.057117228,334.811
0.057126523,334.638
0.057135821,334.712
0.057145147,335.752
0.057154443,334.647
0.057163766,335.647
0.057173068,334.872
0.057182366,334.715
0.057191675,335.115
0.057200976,334.847
0.057210292,335.365
0.057219626,336.027
0.057228926,334.795
0.057238248,335.602
0.057247548,334.811
0.057256854,335.010
0.057266172,335.424
0.057275496,335.688
0.057284794,334.722
0.057294116,335.586
0.057303448,335.945
0.057312745,334.696
0.057322053,335.103
0.057331353,334.806
0.057340649,334.631
0.057349946,334.720
0.057359245,334.740
0.057368569,335.666
0.057377891,335.593
0.057387191,334.812
0.057396488,334.700
0.057405787,334.741
0.057415111,335.661
0.057424406,334.641
0.057433718,335.211
0.057443014,334.679
0.057452313,334.734
0.057461613,334.829
0.057470910,334.678
0.057480227,335.419
0.057489527,334.811
0.057498833,335.015
0.057508129,334.646
0.057517457,335.808
0.057526780,335.614
0.057536114,336.016
0.057545440,335.754
0.057554736,334.643
0.057564044,335.117
0.057573377,335.970
0.057582675,334.725
0.057591973,334.735
0.057601283,335.142
0.057610593,335.192
0.057619947,336.719
0.057629244,334.700
0.057638602,336.903
0.057647929,335.765
0.057657241,335.209
0.057666565,335.668
0.057675863,334.728
0.057685163,334.821
0.057694464,334.815
0.057703760,334.651
0.057713057,334.711
0.057722357,334.806
0.057731655,334.714
0.057740950,334.640
0.057750251,334.819
0.057759547,334.643
0.057768877,335.897
0.057778178,334.818
0.057787514,336.122
0.057796812,334.707
0.057806111,334.771
0.057815436,335.698
0.057824742,335.036
0.057834043,334.833
0.057843366,335.606
0.057852664,334.721
0.057861964,334.799
0.057871259,334.652
0.057880560,334.814
0.057889855,334.642
0.057899153,334.720
0.057908458,334.976
0.057917782,335.669
0.057927101,335.489
0.057936402,334.835
0.057945700,334.699
0.057955008,335.109
0.057964314,335.014
0.057973625,335.177
0.057982922,334.716
0.057992220,334.726
0.058001544,335.672
0.058010866,335.571
0.058020192,335.761
0.058029506,335.288
0.058038833,335.767
0.058048131,334.743
0.058057444,335.239
0.058066751,335.080
0.058076071,335.501
0.058085395,335.678
0.058094726,335.918
0.058104022,334.652
0.058113319,334.700
0.058122621,334.857
0.058131965,336.392
0.058141261,334.640
0.058150588,335.770
0.058159883,334.636
0.058169187,334.954
0.058178485,334.719
0.058187800,335.332
0.058197101,334.823
0.058206474,337.431
0.058215792,335.468
0.058225122,335.880
0.058234420,334.716
0.058243715,334.634
0.058253016,334.818
0.058262313,334.705
0.058271635,335.601
0.058280962,335.765
0.058290274,335.231
0.058299572,334.715
0.058308897,335.693
0.058318220,335.651
0.058327548,335.802
0.058336854,335.024
0.058346167,335.272
0.058355466,334.737
0.058364763,334.715
0.058374080,335.404
0.058383380,334.808
0.058392702,335.590
0.058402000,334.721
0.058411303,334.892
0.058420625,335.606
0.058429922,334.693
0.058439220,334.743
0.058448518,334.714
0.058457839,335.570
0.058467166,335.772
0.058476462,334.635
0.058485770,335.103
0.058495067,334.697
0.058504409,336.310
0.058513762,336.705
0.058523107,336.426
0.058532419,335.205
0.058541743,335.684
0.058551041,334.724
0.058560348,335.062
0.058569675,335.766
0.058578992,335.407
0.058588305,335.281
0.058597608,334.888
0.058606910,334.876
0.058616265,336.791
0.058625598,335.979
0.058634913,335.330
0.058644213,334.798
0.058653508,334.650
0.058662808,334.792
0.058672133,335.702
0.058681431,334.717
0.058690727,334.639
0.058700027,334.821
0.058709343,335.386
0.058718668,335.671
0.058727967,334.798
0.058737280,335.243
0.058746577,334.700
0.058755876,334.758
0.058765173,334.708
0.058774498,335.685
0.058783822,335.666
0.058793144,335.590
0.058802444,334.818
0.058811765,335.554
0.058821109,336.382
0.058830436,335.762
0.058839731,334.631
0.058849029,334.715
0.058858330,334.849
0.058867649,335.463
0.058876955,335.009
0.058886258,334.909
0.058895582,335.683
0.058904889,335.032
0.058914188,334.772
0.058923510,335.610
0.058932811,334.833
0.058942107,334.656
0.058951406,334.740
0.058960758,336.704
0.058970078,335.497
0.058979376,334.719
0.058988701,335.700
0.058998014,335.268
0.059007333,335.497
0.059016633,334.817
0.059025945,335.219
0.059035243,334.736
0.059044570,335.747
0.059053892,335.597
0.059063218,335.761
0.059072576,336.886
0.059081874,334.709
0.059091172,334.728
0.059100470,334.720
0.059109765,334.634
0.059119065,334.817
0.059128362,334.695
0.059137658,334.652
0.059146981,335.628
0.059156304,335.614
0.059165637,335.973
0.059174962,335.709
0.059184280,335.439
0.059193606,335.748
0.059202928,335.589
0.059212225,334.703
0.059221523,334.742
0.059230821,334.717
0.059240117,334.634
0.059249417,334.816
0.059258736,335.487
0.059268060,335.668
0.059277360,334.799
0.059286656,334.647
0.059295976,335.524
0.059305278,334.859
0.059314575,334.718
0.059323897,335.586
0.059333198,334.810
0.059342537,336.205
0.059351863,335.759
0.059361160,334.697
0.059370482,335.594
0.059379809,335.767
0.059389107,334.724
0.059398405,334.739
0.059407704,334.735
0.059417002,334.722
0.059426297,334.654
0.059435610,335.249
0.059444944,336.012
0.059454263,335.498
0.059463563,334.817
0.059472859,334.641
0.059482157,334.715
0.059491455,334.733
0.059500770,335.332
0.059510105,336.087
0.059519401,334.650
0.059528751,336.607
0.059538057,335.010
0.059547355,334.713
0.059556677,335.591
0.059566021,336.404
0.059575318,334.667
0.059584642,335.686
0.059593973,335.922
0.059603270,334.669
0.059612567,334.707
0.059621866,334.767
0.059631191,335.699
0.059640489,334.726
0.059649818,335.822
0.059659114,334.662
0.059668441,335.788
0.059677766,335.682
0.059687061,334.647
0.059696392,335.885
0.059705726,336.052
0.059715051,335.688
0.059724350,334.779
0.059733675,335.696
0.059742997,335.594
0.059752324,335.771
0.059761622,334.701
0.059770944,335.603
0.059780254,335.148
0.059789549,334.637
0.059798850,334.824
0.059808171,335.574
0.059817512,336.271
0.059826838,335.741
0.059836134,334.643
0.059845446,335.229
0.059854744,334.748
0.059864042,334.714
0.059873389,336.484
0.059882690,334.838
0.059891986,334.648
0.059901308,335.599
0.059910608,334.804
0.059919904,334.649
0.059929201,334.696
0.059938526,335.693
0.059947849,335.662
0.059957148,334.729
0.059966472,335.675
0.059975787,335.352
0.059985101,335.305
0.059994450,336.547
0.060003746,334.650
0.060013072,335.769
0.060022409,336.098
0.060031706,334.719
0.060041037,335.915
0.060050351,335.283
0.060059673,335.585
0.060068999,335.770
0.060078297,334.697
0.060087595,334.758
0.060096929,336.011
0.060106253,335.661
0.060115554,334.834
0.060124873,335.496
0.060134192,335.483
0.060143524,335.931
0.060152819,334.643
0.060162116,334.695
0.060171415,334.748
0.060180712,334.710
0.060190020,335.059
0.060199320,334.810
0.060208615,334.630
0.060217913,334.716
0.060227213,334.793
0.060236508,334.644
0.060245809,334.814
0.060255149,336.251
0.060264465,335.362
0.060273790,335.719
0.060283088,334.739
0.060292411,335.624
0.060301712,334.830
0.060311036,335.653
0.060320358,335.600
0.060329664,335.003
0.060338995,335.917
0.060348305,335.168
0.060357630,335.690
0.060366928,334.748
0.060376224,334.652
0.060385551,335.776
0.060394868,335.401
0.060404194,335.723
0.060413491,334.717
0.060422788,334.671
0.060432092,334.950
0.060441399,335.073
0.060450697,334.722
0.060459997,334.796
0.060469293,334.653
0.060478590,334.703
0.060487889,334.742
0.060497207,335.476
0.060506503,334.641
0.060515840,336.116
0.060525171,335.929
0.060534495,335.681
0.060543842,336.463
0.060553164,335.611
0.060562494,335.863
0.060571790,334.656
0.060581109,335.477
0.060590433,335.695
0.060599780,336.485
0.060609076,334.636
0.060618402,335.765
0.060627700,334.715
0.060637020,335.530
0.060646355,336.035
0.060655669,335.319
0.060664967,334.720
0.060674265,334.743
0.060683590,335.677
0.060692916,335.754
0.060702212,334.650
0.060711509,334.701
0.060720834,335.696
0.060730155,335.563
0.060739451,334.644
0.060748752,334.821
0.060758061,335.129
0.060767359,334.721
0.060776685,335.750
0.060786017,335.940
0.060795342,335.731
0.060804713,337.358
0.060814033,335.499
0.060823332,334.765
0.060832640,335.097
0.060841953,335.253
0.060851257,334.943
0.060860593,336.089
0.060869911,335.456
0.060879215,334.966
0.060888525,335.130
0.060897822,334.722
0.060907121,334.734
0.060916439,335.470
0.060925761,335.581
0.060935061,334.818
0.060944359,334.703
0.060953707,336.540
0.060963018,335.189
0.060972314,334.645
0.060981641,335.805
0.060990938,334.664
0.061000235,334.719
0.061009536,334.824
0.061018832,334.658
0.061028133,334.815
0.061037432,334.786
0.061046731,334.751
0.061056026,334.640
0.061065380,336.746
0.061074703,335.620
0.061084001,334.723
0.061093303,334.863
0.061102600,334.685
0.061111949,336.596
0.061121274,335.698
0.061130572,334.715
0.061139897,335.687
0.061149221,335.677
0.061158516,334.633
0.061167843,335.761
0.061177140,334.702
0.061186463,335.599
0.061195768,334.986
0.061205063,334.636
0.061214384,335.560
0.061223735,336.638
0.061233059,335.665
0.061242355,334.637
0.061251708,336.714
0.061261034,335.750
0.061270333,334.750
0.061279656,335.637
0.061288978,335.589
0.061298285,335.051
0.061307607,335.588
0.061316919,335.220
0.061326245,335.751
0.061335555,335.156
0.061344852,334.703
0.061354177,335.696
0.061363511,336.015
0.061372807,334.664
0.061382115,335.076
0.061391430,335.356
0.061400732,334.859
0.061410039,335.051
0.061419335,334.651
0.061428637,334.881
0.061437970,335.997
0.061447268,334.710
0.061456593,335.689
0.061465903,335.178
0.061475199,334.642
0.061484525,335.765
0.061493825,334.785
0.061503121,334.652
0.061512421,334.819
0.061521743,335.594
0.061531068,335.671
0.061540366,334.730
0.061549663,334.719
0.061558972,335.124
0.061568294,335.581
0.061577634,336.245
0.061586966,335.951
0.061596290,335.671
0.061605607,335.404
0.061614908,334.810
0.061624251,336.378
0.061633549,334.710
0.061642879,335.887
0.061652233,336.727
0.061661531,334.729
0.061670829,334.754
0.061680171,336.302
0.061689531,336.959
0.061698881,336.586
0.061708176,334.640
0.061717477,334.814
0.061726833,336.817
0.061736156,335.645
0.061745457,334.840
0.061754771,335.311
0.061764074,334.893
0.061773370,334.659
0.061782688,335.442
0.061792018,335.892
0.061801341,335.612
0.061810665,335.662
0.061819963,334.736
0.061829260,334.710
0.061838579,335.482
0.061847880,334.820
0.061857175,334.635
0.061866473,334.717
0.061875773,334.798
0.061885069,334.644
0.061894366,334.695
0.061903664,334.742
0.061912980,335.357
0.061922299,335.494
0.061931598,334.754
0.061940894,334.665
0.061950195,334.832
0.061959496,334.832
0.061968818,335.617
0.061978119,334.827
0.061987415,334.636
0.061996739,335.675
0.062006064,335.689
0.062015361,334.719
0.062024683,335.586
0.062033984,334.818
0.062043307,335.654
0.062052603,334.644
0.062061904,334.818
0.062071226,335.594
0.062080526,334.819
0.062089848,335.582
0.062099146,334.721
0.062108446,334.794
0.062117753,335.069
0.062127050,334.696
0.062136349,334.748
0.062145646,334.713
0.062154942,334.637
0.062164242,334.816
0.062173600,336.886
0.062182925,335.675
0.062192253,335.829
0.062201549,334.667
0.062210856,335.051
0.062220182,335.713
0.062229497,335.350
0.062238795,334.741
0.062248093,334.723
0.062257388,334.629
0.062266689,334.819
0.062276022,335.988
0.062285359,336.124
0.062294664,334.985
0.062303986,335.596
0.062313284,334.714
0.062322582,334.730
0.062331906,335.666
0.062341201,334.636
0.062350528,335.767
0.062359887,336.936
0.062369196,335.102
0.062378530,336.027
0.062387826,334.643
0.062397133,335.077
0.062406467,336.001
0.062415806,336.203
0.062425108,334.879
0.062434404,334.656
0.062443714,335.178
0.062453022,335.081
0.062462320,334.719
0.062471660,336.248
0.062480997,336.139
0.062490319,335.595
0.062499647,335.794
0.062508945,334.723
0.062518260,335.333
0.062527568,335.093
0.062536863,334.644
0.062546161,334.714
0.062555459,334.735
0.062564769,335.155
0.062574100,335.924
0.062583432,335.942
0.062592751,335.479
0.062602073,335.602
0.062611374,334.819
0.062620696,335.595
0.062629994,334.722
0.062639319,335.730
0.062648617,334.726
0.062657946,335.833
0.062667268,335.586
0.062676565,334.711
0.062685864,334.746
0.062695162,334.716
0.062704478,335.383
0.062713778,334.818
0.062723100,335.581
0.062732420,335.526
0.062741720,334.789
0.062751030,335.176
0.062760327,334.687
0.062769627,334.799
0.062778945,335.437
0.062788278,335.992
0.062797580,334.881
0.062806876,334.639
0.062816177,334.841
0.062825501,335.676
0.062834797,334.647
0.062844097,334.811
0.062853404,335.036
0.062862701,334.713
0.062871999,334.735
0.062881297,334.720
0.062890609,335.216
0.062899936,335.788
0.062909234,334.704
0.062918553,335.494
0.062927853,334.817
0.062937149,334.640
0.062946447,334.724
0.062955771,335.683
0.062965095,335.667
0.062974422,335.747
0.062983718,334.654
0.062993015,334.700
0.063002347,335.966
0.063011645,334.717
0.063020940,334.636
0.063030286,336.440
0.063039582,334.648
0.063048906,335.674
0.063058234,335.797
0.063067530,334.673
0.063076839,335.123
0.063086144,334.977
0.063095468,335.670
0.063104764,334.643
0.063114065,334.851
0.063123388,335.623
0.063132690,334.870
0.063141987,334.705
0.063151310,335.622
0.063160611,334.837
0.063169945,336.021
0.063179244,334.742
0.063188543,334.764
0.063197840,334.718
0.063207163,335.610
0.063216517,336.741
0.063225814,334.699
0.063235110,334.648
0.063244436,335.763
0.063253758,335.592
0.063263056,334.716
0.063272381,335.686
0.063281678,334.717
0.063290978,334.799
0.063300274,334.646
0.063309571,334.705
0.063318880,335.097
0.063328178,334.741
0.063337474,334.651
0.063346806,335.969
0.063356104,334.720
0.063365429,335.702
0.063374756,335.750
0.063384067,335.198
0.063393364,334.694
0.063402689,335.700
0.063411986,334.710
0.063421282,334.636
0.063430635,336.724
0.063439931,334.634
0.063449231,334.812
0.063458553,335.606
0.063467875,335.599
0.063477186,335.179
0.063486482,334.645
0.063495806,335.664
0.063505104,334.731
0.063514401,334.716
0.063523723,335.583
0.063533024,334.822
0.063542321,334.698
0.063551617,334.646
0.063560943,335.765
0.063570239,334.643
0.063579589,336.613
0.063588888,334.737
0.063598203,335.363
0.063607505,334.850
0.063616827,335.613
0.063626146,335.485
0.063635448,334.871
0.063644759,335.176
0.063654055,334.650
0.063663355,334.814
0.063672664,335.141
0.063681962,334.720
0.063691262,334.795
0.063700594,335.940
0.063709891,334.702
0.063719191,334.792
0.063728489,334.720
0.063737784,334.639
0.063747085,334.823
0.063756380,334.636
0.063765708,335.796
0.063775005,334.702
0.063784327,335.603
0.063793628,334.810
0.063802923,334.635
0.063812247,335.663
0.063821547,334.806
0.063830846,334.739
0.063840167,335.587
0.063849471,334.942
0.063858789,335.443
0.063868137,336.504
0.063877439,334.881
0.063886761,335.596
0.063896062,334.823
0.063905383,335.580
0.063914681,334.717
0.063924015,336.028
0.063933322,335.044
0.063942619,334.701
0.063951944,335.697
0.063961254,335.172
0.063970613,336.896
0.063979913,334.825
0.063989235,335.589
0.063998544,335.130
0.064007871,335.748
0.064017166,334.644
0.064026490,335.654
0.064035789,334.751
0.064045086,334.707
0.064054413,335.768
0.064063712,334.749
0.064073027,335.344
0.064082354,335.771
0.064091663,335.132
0.064100985,335.594
0.064110290,334.979
0.064119634,336.380
0.064128958,335.673
0.064138274,335.375
0.064147573,334.766
0.064156895,335.591
0.064166205,335.149
0.064175521,335.370
0.064184855,336.023
0.064194178,335.643
0.064203500,335.584
0.064212834,336.019
0.064222206,337.390
0.064231530,335.664
0.064240882,336.696
0.064250178,334.644
0.064259487,335.120
0.064268792,334.993
0.064278116,335.664
0.064287440,335.659
0.064296741,334.842
0.064306081,336.251
0.064315383,334.862
0.064324680,334.701
0.064333976,334.648
0.064343276,334.806
0.064352572,334.636
0.064361870,334.721
0.064371168,334.731
0.064380465,334.716
0.064389787,335.588
0.064399114,335.758
0.064408437,335.643
0.064417760,335.609
0.064427071,335.206
0.064436367,334.653
0.064445691,335.678
0.064454998,335.041
0.064464332,336.018
0.064473640,335.086
0.064482946,335.025
0.064492243,334.693
0.064501544,334.833
0.064510866,335.582
0.064520170,334.968
0.064529472,334.870
0.064538768,334.638
0.064548079,335.216
0.064557407,335.783
0.064566703,334.650
0.064576012,335.132
0.064585337,335.725
0.064594635,334.726
0.064603958,335.618
0.064613259,334.848
0.064622572,335.263
0.064631881,335.109
0.064641205,335.652
0.064650563,336.897
0.064659869,335.023
0.064669165,334.638
0.064678488,335.662
0.064687840,336.642
0.064697157,335.423
0.064706465,335.080
0.064715774,335.134
0.064725072,334.720
0.064734368,334.676
0.064743705,336.118
0.064753003,334.726
0.064762304,334.844
0.064771626,335.583
0.064780924,334.723
0.064790250,335.746
0.064799546,334.640
0.064808843,334.697
0.064818194,336.652
0.064827514,335.520
0.064836810,334.634
0.064846110,334.818
0.064855426,335.376
0.064864750,335.669
0.064874076,335.744
0.064883399,335.601
0.064892729,335.895
0.064902051,335.601
0.064911350,334.745
0.064920649,334.754
0.064929946,334.720
0.064939258,335.219
0.064948559,334.837
0.064957857,334.712
0.064967200,336.382
0.064976528,335.780
0.064985835,335.052
0.064995133,334.757
0.065004458,335.683
0.065013792,336.016
0.065023113,335.566
0.065032413,334.814
0.065041711,334.703
0.065051009,334.748
0.065060333,335.647
0.065069629,334.643
0.065078929,334.814
0.065088236,335.047
0.065097534,334.718
0.065106860,335.749
0.065116156,334.643
0.065125453,334.698
0.065134777,335.691
0.065144075,334.721
0.065153395,335.492
0.065162725,335.897
0.065172056,335.932
0.065181354,334.723
0.065190655,334.822
0.065199951,334.645
0.065209277,335.760
0.065218601,335.663
0.065227900,334.739
0.065237224,335.692
0.065246564,336.233
0.065255862,334.718
0.065265163,334.840
0.065274461,334.737
0.065283757,334.656
0.065293058,334.839
0.065302416,336.891
0.065311741,335.673
0.065321038,334.722
0.065330382,336.354
0.065339708,335.744
0.065349030,335.591
0.065358327,334.697
0.065367652,335.692
0.065376949,334.720
0.065386271,335.591
0.065395575,334.931
0.065404883,335.096
0.065414181,334.722
0.065423486,334.959
0.065432781,334.651
0.065442105,335.650
0.065451432,335.762
0.065460746,335.319
0.065470094,336.523
0.065479430,336.094
0.065488725,334.638
0.065498052,335.765
0.065507360,335.079
0.065516672,335.219
0.065525979,335.048
0.065535313,336.023
0.065544611,334.757
0.065553910,334.741
0.065563208,334.727
0.065572539,335.930
0.065581839,334.812
0.065591137,334.702
0.065600457,335.536
0.065609757,334.804
0.065619088,335.921
0.065628396,335.057
0.065637694,334.740
0.065647018,335.673
0.065656318,334.792
0.065665614,334.652
0.065674911,334.694
0.065684238,335.768
0.065693563,335.692
0.065702880,335.432
0.065712211,335.931
0.065721555,336.372
0.065730877,335.583
0.065740177,334.789
0.065749488,335.220
0.065758786,334.702
0.065768084,334.743
0.065777408,335.662
0.065786733,335.686
0.065796030,334.713
0.065805363,335.995
0.065814691,335.810
0.065823989,334.704
0.065833333,336.410
0.065842634,334.837
0.065851930,334.638
0.065861254,335.671
0.065870582,335.818
0.065879880,334.719
0.065889176,334.637
0.065898504,335.838
0.065907801,334.694
0.065917105,334.925
0.065926416,335.191
0.065935711,334.641
0.065945013,334.844
0.065954309,334.662
0.065963607,334.723
0.065972907,334.820
0.065982204,334.678
0.065991501,334.701
0.066000806,334.972
0.066010104,334.746
0.066019400,334.639
0.066028727,335.764
0.066038043,335.400
0.066047341,334.721
0.066056667,335.741
0.066065963,334.651
0.066075260,334.696
0.066084567,335.050
0.066093874,335.031
0.066103199,335.705
0.066112506,335.074
0.066121818,335.237
0.066131121,334.892
0.066140446,335.694
0.066149744,334.726
0.066159048,334.969
0.066168344,334.640
0.066177642,334.716
0.066186940,334.742
0.066196238,334.719
0.066205560,335.583
0.066214860,334.811
0.066224210,336.607
0.066233543,335.969
0.066242843,334.812
0.066252138,334.632
0.066261439,334.814
0.066270734,334.629
0.066280048,335.319
0.066289375,335.744
0.066298697,335.607
0.066308021,335.651
0.066317372,336.644
0.066326692,335.511
0.066336014,335.591
0.066345340,335.767
0.066354651,335.200
0.066363980,335.840
0.066373307,335.776
0.066382632,335.686
0.066391968,336.105
0.066401317,336.540
0.066410614,334.721
0.066419939,335.684
0.066429263,335.669
0.066438585,335.591
0.066447885,334.810
0.066457183,334.702
0.066466491,335.101
0.066475827,336.105
0.066485139,335.204
0.066494463,335.666
0.066503762,334.778
0.066513104,336.306
0.066522430,335.739
0.066531752,335.596
0.066541049,334.701
0.066550374,335.694
0.066559699,335.686
0.066568995,334.651
0.066578327,335.970
0.066587636,335.123
0.066596934,334.717
0.066606234,334.797
0.066615531,334.706
0.066624829,334.718
0.066634154,335.701
0.066643452,334.742
0.066652748,334.641
0.066662058,335.155
0.066671380,335.591
0.066680706,335.768
0.066690030,335.655
0.066699346,335.363
0.066708646,334.814
0.066717942,334.634
0.066727239,334.715
0.066736537,334.731
0.066745862,335.670
0.066755157,334.627
0.066764484,335.766
0.066773802,335.446
0.066783122,335.530
0.066792429,335.075
0.066801752,335.596
0.066811075,335.656
0.066820374,334.743
0.066829717,336.343
0.066839016,334.794
0.066848314,334.725
0.066857612,334.717
0.066866937,335.704
0.066876261,335.670
0.066885557,334.640
0.066894888,335.926
0.066904210,335.586
0.066913550,336.254
0.066922906,336.783
0.066932218,335.258
0.066941524,335.019
0.066950850,335.730
0.066960175,335.683
0.066969499,335.683
0.066978808,335.113
0.066988124,335.372
0.066997451,335.767
0.067006748,334.699
0.067016070,335.596
0.067025397,335.759
0.067034692,334.636
0.067044016,335.668
0.067053341,335.686
0.067062651,335.159
0.067071983,335.976
0.067081308,335.687
0.067090630,335.589
0.067099957,335.789
0.067109268,335.191
0.067118567,334.756
0.067127894,335.754
0.067137189,334.648
0.067146486,334.696
0.067155811,335.684
0.067165126,335.351
0.067174451,335.681
0.067183748,334.712
0.067193064,335.347
0.067202390,335.762
0.067211687,334.698
0.067221031,336.386
0.067230336,334.979
0.067239673,336.098
0.067249009,336.097
0.067258336,335.773
0.067267633,334.719
0.067276929,334.635
0.067286229,334.810
0.067295526,334.700
0.067304851,335.699
0.067314187,336.075
0.067323483,334.675
0.067332810,335.781
0.067342133,335.608
0.067351431,334.736
0.067360758,335.752
0.067370054,334.672
0.067379382,335.820
0.067388681,334.769
0.067398007,335.708
0.067407303,334.668
0.067416604,334.834
0.067425900,334.660
0.067435224,335.667
0.067444550,335.744
0.067453846,334.652
0.067463175,335.842
0.067472471,334.634
0.067481768,334.711
0.067491093,335.682
0.067500390,334.712
0.067509734,336.371
0.067519061,335.762
0.067528379,335.474
0.067537675,334.645
0.067546975,334.812
0.067556297,335.580
0.067565621,335.665
0.067574922,334.822
0.067584238,335.377
0.067593573,336.064
0.067602894,335.570
0.067612191,334.700
0.067621490,334.746
0.067630812,335.592
0.067640128,335.379
0.067649460,335.963
0.067658799,336.189
0.067668109,335.186
0.067677414,334.968
0.067686773,336.914
0.067696081,335.080
0.067705405,335.691
0.067714703,334.716
0.067724028,335.682
0.067733326,334.734
0.067742621,334.634
0.067751948,335.761
0.067761298,336.607
0.067770594,334.644
0.067779894,334.807
0.067789189,334.632
0.067798487,334.709
0.067807785,334.730
0.067817109,335.662
0.067826404,334.637
0.067835767,337.055
0.067845090,335.654
0.067854412,335.568
0.067863721,335.144
0.067873017,334.654
0.067882318,334.819
0.067891650,335.953
0.067901010,336.968
0.067910336,335.749
0.067919645,335.096
0.067928970,335.729
0.067938328,336.880
0.067947627,334.749
0.067956950,335.623
0.067966280,335.881
0.067975595,335.333
0.067984919,335.664
0.067994218,334.795
0.068003532,335.276
0.068012833,334.844
0.068022128,334.638
0.068031426,334.717
0.068040750,335.679
0.068050074,335.664
0.068059370,334.630
0.068068670,334.812
0.068077967,334.695
0.068087265,334.711
0.068096569,334.967
0.068105906,336.128
0.068115204,334.715
0.068124562,336.902
0.068133905,336.342
0.068143200,334.636
0.068152501,334.808
0.068161798,334.699
0.068171096,334.739
0.068180419,335.625
0.068189734,335.354
0.068199061,335.767
0.068208357,334.637
0.068217654,334.708
0.068226982,335.795
0.068236279,334.685
0.068245576,334.701
0.068254875,334.748
0.068264172,334.715
0.068273468,334.637
0.068282768,334.825
0.068292110,336.283
0.068301407,334.718
0.068310708,334.811
0.068320021,335.281
0.068329324,334.909
0.068338646,335.595
0.068347970,335.674
0.068357268,334.731
0.068366592,335.664
0.068375888,334.632
0.068385188,334.816
0.068394485,334.695
0.068403781,334.651
0.068413114,335.970
0.068422424,335.181
0.068431748,335.668
0.068441099,336.631
0.068450441,336.293
0.068459767,335.742
0.068469072,334.993
0.068478369,334.693
0.068487695,335.740
0.068497005,335.160
0.068506323,335.425
0.068515626,334.908
0.068524922,334.670
0.068534220,334.719
0.068543524,334.949
0.068552819,334.640
0.068562129,335.139
0.068571429,334.790
0.068580753,335.680
0.068590075,335.588
0.068599375,334.818
0.068608671,334.646
0.068617998,335.771
0.068627295,334.701
0.068636627,335.932
0.068645927,334.805
0.068655222,334.638
0.068664520,334.715
0.068673818,334.728
0.068683142,335.662
0.068692478,336.081
0.068701778,334.810
0.068711116,336.180
0.068720438,335.590
0.068729739,334.819
0.068739034,334.638
0.068748332,334.712
0.068757630,334.730
0.068766954,335.673
0.068776265,335.208
0.068785562,334.667
0.068794859,334.708
0.068804158,334.748
0.068813455,334.720
0.068822781,335.732
0.068832114,335.957
0.068841436,335.597
0.068850734,334.749
0.068860062,335.781
0.068869384,335.596
0.068878682,334.729
0.068887982,334.809
0.068897306,335.677
0.068906639,335.964
0.068915939,334.831
0.068925235,334.637
0.068934535,334.807
0.068943832,334.691
0.068953154,335.596
0.068962481,335.763
0.068971776,334.632
0.068981074,334.712
0.068990381,335.061
0.068999705,335.669
0.069009001,334.630
0.069018301,334.813
0.069027598,334.701
0.069036945,336.475
0.069046272,335.776
0.069055611,336.219
0.069064924,335.260
0.069074246,335.593
0.069083564,335.436
0.069092916,336.699
0.069102224,335.067
0.069111521,334.695
0.069120846,335.694
0.069130170,335.663
0.069139488,335.461
0.069148789,334.819
0.069158084,334.640
0.069167394,335.145
0.069176749,336.777
0.069186063,335.325
0.069195360,334.694
0.069204685,335.704
0.069213983,334.712
0.069223282,334.766
0.069232631,336.573
0.069241942,335.196
0.069251249,335.041
0.069260556,335.062
0.069269856,334.797
0.069279185,335.852
0.069288508,335.611
0.069297829,335.576
0.069307131,334.867
0.069316430,334.770
0.069325726,334.641
0.069335038,335.238
0.069344363,335.700
0.069353715,336.670
0.069363013,334.725
0.069372336,335.617
0.069381636,334.818
0.069390968,335.928
0.069400265,334.717
0.069409565,334.794
0.069418887,335.593
0.069428184,334.699
0.069437509,335.688
0.069446833,335.661
0.069456153,335.520
0.069465453,334.817
0.069474765,335.229
0.069484090,335.673
0.069493389,334.793
0.069502685,334.647
0.069512020,336.065
0.069521316,334.641
0.069530640,335.670
0.069539965,335.689
0.069549263,334.721
0.069558560,334.718
0.069567861,334.838
0.069577185,335.650
0.069586507,335.593
0.069595832,335.691
0.069605154,335.613
0.069614504,336.606
0.069623804,334.781
0.069633129,335.696
0.069642429,334.806
0.069651725,334.646
0.069661022,334.700
0.069670320,334.745
0.069679618,334.715
0.069688934,335.369
0.069698234,334.814
0.069707530,334.636
0.069716827,334.719
0.069726154,335.743
0.069735471,335.431
0.069744768,334.692
0.069754096,335.806
0.069763414,335.441
0.069772720,335.022
0.069782047,335.757
0.069791360,335.295
0.069800690,335.857
0.069809988,334.721
0.069819284,334.653
0.069828637,336.715
0.069837959,335.587
0.069847277,335.475
0.069856602,335.683
0.069865899,334.711
0.069875195,334.638
0.069884496,334.834
0.069893820,335.660
0.069903153,336.003
0.069912480,335.759
0.069921775,334.632
0.069931072,334.705
0.069940397,335.692
0.069949712,335.333
0.069959038,335.742
0.069968359,335.535
0.069977697,336.199
0.069986996,334.737
0.069996320,335.666
0.070005615,334.634
0.070014942,335.760
0.070024237,334.639
0.070033535,334.713
0.070042837,334.874
0.070052175,336.183
0.070061473,334.700
0.070070771,334.747
0.070080069,334.715
0.070089376,335.059
0.070098674,334.714
0.070107969,334.624
0.070117269,334.811
0.070126566,334.698
0.070135882,335.369
0.070145182,334.808
0.070154497,335.349
0.070163796,334.755
0.070173122,335.722
0.070182420,334.736
0.070191729,335.127
0.070201030,334.825
0.070210342,335.252
0.070219663,335.536
0.070228963,334.808
0.070238258,334.635
0.070247556,334.716
0.070256881,335.710
0.070266206,335.675
0.070275540,336.031
0.070284845,334.969
0.070294164,335.486
0.070303494,335.905
0.070312868,337.464
0.070322187,335.486
0.070331488,334.820
0.070340784,334.659
0.070350082,334.734
0.070359435,336.703
0.070368758,335.626
0.070378056,334.715
0.070387354,334.754
0.070396671,335.381
0.070405969,334.730
0.070415293,335.669
0.070424608,335.357
0.070433909,334.827
0.070443216,335.064
0.070452539,335.610
0.070461849,335.152
0.070471185,336.100
0.070480509,335.665
0.070489808,334.765
0.070499121,335.284
0.070508427,335.013
0.070517729,334.863
0.070527071,336.315
0.070536398,335.765
0.070545721,335.653
0.070555017,334.632
0.070564317,334.814
0.070573624,335.047
0.070582948,335.667
0.070592301,336.694
0.070601610,335.131
0.070610907,334.694
0.070620232,335.687
0.070629529,334.716
0.070638849,335.524
0.070648176,335.768
0.070657491,335.315
0.070666799,335.083
0.070676152,336.724
0.070685448,334.649
0.070694749,334.845
0.070704065,335.382
0.070713392,335.761
0.070722718,335.743
0.070732017,334.744
0.070741312,334.650
0.070750613,334.840
0.070759911,334.709
0.070769233,335.604
0.070778563,335.855
0.070787858,334.649
0.070797156,334.719
0.070806481,335.684
0.070815805,335.671
0.070825105,334.789
0.070834410,335.001
0.070843734,335.647
0.070853085,336.640
0.070862382,334.708
0.070871678,334.638
0.070880978,334.815
0.070890287,335.106
0.070899598,335.197
0.070908928,335.885
0.070918250,335.597
0.070927559,335.108
0.070936859,334.820
0.070946157,334.711
0.070955479,335.590
0.070964779,334.817
0.070974092,335.278
0.070983393,334.815
0.070992690,334.689
0.071001987,334.690
0.071011294,335.075
0.071020592,334.703
0.071029890,334.737
0.071039214,335.689
0.071048538,335.664
0.071057860,335.578
0.071067160,334.815
0.071076458,334.692
0.071085789,335.936
0.071095096,335.066
0.071104418,335.590
0.071113716,334.714
0.071123040,335.676
0.071132365,335.675
0.071141673,335.086
0.071150968,334.643
0.071160265,334.696
0.071169590,335.689
0.071178899,335.142
0.071188195,334.634
0.071197495,334.813
0.071206804,335.112
0.071216124,335.528
0.071225424,334.797
0.071234720,334.642
0.071244017,334.689
0.071253321,334.977
0.071262656,336.040
0.071271952,334.662
0.071281286,336.034
0.071290584,334.714
0.071299894,335.163
0.071309254,336.962
0.071318550,334.650
0.071327877,335.762
0.071337185,335.085
0.071346482,334.711
0.071355838,336.806
0.071365162,335.665
0.071374457,334.634
0.071383758,334.810
0.071393117,336.950
0.071402439,335.599
0.071411740,334.809
0.071421062,335.588
0.071430362,334.814
0.071439657,334.631
0.071448955,334.711
0.071458281,335.747
0.071467577,334.645
0.071476874,334.695
0.071486178,334.952
0.071495476,334.714
0.071504771,334.641
0.071514075,334.915
0.071523396,335.588
0.071532721,335.677
0.071542074,336.706
0.071551380,335.041
0.071560705,335.692
0.071570004,334.747
0.071579346,336.334
0.071588671,335.681
0.071597979,335.099
0.071607275,334.635
0.071616601,335.761
0.071625911,335.140
0.071635228,335.428
0.071644528,334.807
0.071653872,336.378
0.071663170,334.706
0.071672468,334.732
0.071681765,334.711
0.071691060,334.632
0.071700363,334.881
0.071709686,335.653
0.071719038,336.645
0.071728335,334.710
0.071737674,336.204
0.071747001,335.769
0.071756330,335.839
0.071765655,335.720
0.071774956,334.804
0.071784252,334.676
0.071793553,334.848
0.071802849,334.637
0.071812147,334.742
0.071821467,335.515
0.071830766,334.758
0.071840089,335.614
0.071849443,336.748
0.071858740,334.709
0.071868037,334.669
0.071877337,334.812
0.071886673,336.109
0.071895971,334.707
0.071905295,335.689
0.071914619,335.663
0.071923915,334.631
0.071933241,335.765
0.071942538,334.692
0.071951864,335.712
0.071961188,335.665
0.071970530,336.302
0.071979863,335.996
0.071989184,335.580
0.071998485,334.809
0.072007785,334.811
0.072017107,335.599
0.072026404,334.700
0.072035703,334.736
0.072045000,334.711
0.072054322,335.586
0.072063650,335.801
0.072072972,335.595
0.072082300,335.799
0.072091597,334.694
0.072100938,336.300
0.072110268,335.874
0.072119590,335.589
0.072128914,335.657
0.072138212,334.728
0.072147536,335.669
0.072156854,335.457
0.072166154,334.807
0.072175473,335.450
0.072184768,334.646
0.072194095,335.761
0.072203390,334.635
0.072212688,334.712
0.072222013,335.689
0.072231337,335.666
0.072240639,334.884
0.072249961,335.609
0.072259259,334.711
0.072268617,336.874
0.072277914,334.720
0.072287210,334.634
0.072296510,334.820
0.072305832,335.587
0.072315130,334.719
0.072324456,335.741
0.072333752,334.646
0.072343049,334.695
0.072352375,335.747
0.072361673,334.715
0.072371016,336.343
0.072380315,334.761
0.072389610,334.639
0.072398948,336.149
0.072408272,335.683
0.072417589,335.398
0.072426893,334.944
0.072436237,336.412
0.072445562,335.669
0.072454886,335.688
0.072464205,335.463
0.072473526,335.582
0.072482827,334.813
0.072492127,334.790
0.072501458,335.947
0.072510759,334.819
0.072520055,334.642
0.072529355,334.816
0.072538650,334.634
0.072548011,336.967
0.072557343,335.969
0.072566639,334.650
0.072575976,336.145
0.072585275,334.743
0.072594572,334.716
0.072603868,334.631
0.072613194,335.759
0.072622505,335.201
0.072631803,334.713
0.072641103,334.796
0.072650399,334.655
0.072659705,335.023
0.072669006,334.818
0.072678322,335.380
0.072687646,335.678
0.072696970,335.668
0.072706266,334.634
0.072715592,335.764
0.072724889,334.692
0.072734209,335.501
0.072743510,334.833
0.072752805,334.638
0.072762103,334.723
0.072771437,336.027
0.072780761,335.669
0.072790057,334.639
0.072799384,335.763
0.072808699,335.361
0.072818024,335.694
0.072827322,334.712
0.072836636,335.327
0.072845937,334.817
0.072855243,335.042
0.072864541,334.718
0.072873841,334.798
0.072883186,336.428
0.072892510,335.653
0.072901835,335.694
0.072911159,335.668
0.072920466,335.060
0.072929792,335.730
0.072939088,334.649
0.072948385,334.717
0.072957687,334.855
0.072966984,334.680
0.072976313,335.860
0.072985635,335.590
0.072994975,336.248
0.073004300,335.677
0.073013597,334.713
0.073022892,334.629
0.073032193,334.816
0.073041517,335.653
0.073050862,336.445
0.073060165,334.912
0.073069487,335.586
0.073078811,335.667
0.073088117,335.017
0.073097441,335.669
0.073106768,335.743
0.073116126,336.895
0.073125423,334.703
0.073134748,335.698
0.073144046,334.712
0.073153356,335.158
0.073162688,335.954
0.073171983,334.639
0.073181307,335.667
0.073190633,335.740
0.073199929,334.650
0.073209227,334.711
0.073218562,336.085
0.073227888,335.716
0.073237246,336.898
0.073246544,334.731
0.073255840,334.665
0.073265195,336.750
0.073274490,334.639
0.073283789,334.743
0.073293089,334.820
0.073302385,334.652
0.073311682,334.698
0.073321009,335.762
0.073330324,335.336
0.073339648,335.683
0.073348946,334.718
0.073358242,334.640
0.073367595,336.713
0.073376892,334.698
0.073386188,334.644
0.073395488,334.806
0.073404810,335.588
0.073414107,334.716
0.073423405,334.732
0.073432717,335.217
0.073442012,334.633
0.073451339,335.761
0.073460652,335.284
0.073469950,334.712
0.073479270,335.502
0.073488593,335.660
0.073497895,334.851
0.073507192,334.686
0.073516490,334.737
0.073525825,336.057
0.073535146,335.554
0.073544464,335.450
0.073553790,335.726
0.073563124,336.037
0.073572459,336.051
0.073581760,334.846
0.073591071,335.180
0.073600393,335.603
0.073609719,335.759
0.073619059,336.211
0.073628356,334.699
0.073637661,334.972
0.073646958,334.718
0.073656309,336.635
0.073665607,334.722
0.073674955,336.538
0.073684256,334.816
0.073693553,334.700
0.073702849,334.651
0.073712184,336.049
0.073721479,334.647
0.073730777,334.717
0.073740075,334.727
0.073749373,334.717
0.073758668,334.634
0.073767968,334.813
0.073777267,334.745
0.073786601,336.032
0.073795899,334.714
0.073805194,334.638
0.073814495,334.817
0.073823790,334.636
0.073833108,335.427
0.073842408,334.809
0.073851727,335.500
0.073861051,335.650
0.073870376,335.699
0.073879714,336.178
0.073889033,335.496
0.073898334,334.813
0.073907656,335.586
0.073916953,334.713
0.073926261,335.084
0.073935575,335.309
0.073944885,335.140
0.073954192,335.059
0.073963517,335.690
0.073972822,334.995
0.073982120,334.723
0.073991415,334.634
0.074000716,334.814
0.074010040,335.656
0.074019357,335.444
0.074028658,334.810
0.074037998,336.263
0.074047324,335.714
0.074056675,336.635
0.074065993,335.451
0.074075289,334.656
0.074084616,335.779
0.074093940,335.648
0.074103238,334.740
0.074112536,334.722
0.074121858,335.589
0.074131158,334.808
0.074140465,335.066
0.074149777,335.235
0.074159104,335.751
0.074168426,335.594
0.074177723,334.695
0.074187048,335.693
0.074196375,335.768
0.074205670,334.647
0.074214971,334.819
0.074224293,335.592
0.074233620,335.781
0.074242970,336.602
0.074252312,336.314
0.074261615,334.903
0.074270949,336.029
0.074280269,335.497
0.074289567,334.737
0.074298887,335.512
0.074308182,334.633
0.074317483,334.829
0.074326789,335.017
0.074336111,335.613
0.074345412,334.819
0.074354724,335.238
0.074364022,334.720
0.074373346,335.687
0.074382644,334.716
0.074391997,336.700
0.074401317,335.540
0.074410630,335.254
0.074419935,334.963
0.074429232,334.711
0.074438527,334.627
0.074447835,335.075
0.074457145,335.151
0.074466442,334.720
0.074475769,335.741
0.074485064,334.646
0.074494362,334.698
0.074503713,336.642
0.074513028,335.345
0.074522361,336.011
0.074531712,336.603
0.074541007,334.636
0.074550307,334.813
0.074559604,334.697
0.074568948,336.357
0.074578252,334.951
0.074587547,334.639
0.074596865,335.431
0.074606190,335.696
0.074615488,334.744
0.074624811,335.601
0.074634112,334.851
0.074643429,335.401
0.074652777,336.538
0.074662077,334.811
0.074671372,334.630
0.074680699,335.770
0.074690004,334.974
0.074699303,334.762
0.074708636,335.995
0.074717933,334.672
0.074727231,334.719
0.074736582,336.644
0.074745880,334.740
0.074755200,335.504
0.074764500,334.827
0.074773796,334.656
0.074783094,334.725
0.074792394,334.799
0.074801690,334.645
0.074810987,334.700
0.074820286,334.739
0.074829583,334.717
0.074838908,335.687
0.074848205,334.714
0.074857501,334.626
0.074866828,335.798
0.074876126,334.733
0.074885449,335.594
0.074894755,335.024
0.074904050,334.644
0.074913348,334.718
0.074922647,334.765
0.074931947,334.807
0.074941255,335.061
0.074950555,334.827
0.074959879,335.651
0.074969200,335.573
0.074978528,335.785
0.074987850,335.586
0.074997177,335.769
0.075006509,335.972
0.075015807,334.721
0.075025133,335.748
0.075034456,335.605
0.075043753,334.700
0.075053078,335.695
0.075062411,336.008
0.075071719,335.068
0.075081046,335.765
0.075090341,334.646
0.075099665,335.667
0.075108991,335.741
0.075118287,334.650
0.075127596,335.119
0.075136891,334.627
0.075146206,335.331
0.075155506,334.811
0.075164831,335.696
0.075174159,335.804
0.075183488,335.827
0.075192812,335.671
0.075202108,334.651
0.075211408,334.811
0.075220730,335.582
0.075230054,335.665
0.075239380,335.745
0.075248704,335.664
0.075257999,334.634
0.075267321,335.575
0.075276635,335.307
0.075285933,334.738
0.075295257,335.659
0.075304553,334.640
0.075313853,334.811
0.075323148,334.632
0.075332446,334.710
0.075341746,334.792
0.075351094,336.538
0.075360391,334.698
0.075369742,336.643
0.075379040,334.713
0.075388335,334.638
0.075397662,335.765
0.075406984,335.592
0.075416311,335.763
0.075425611,334.792
0.075434942,335.922
0.075444245,334.910
0.075453565,335.514
0.075462863,334.720
0.075472213,336.628
0.075481511,334.723
0.075490833,335.584
0.075500133,334.812
0.075509466,335.993
0.075518788,335.592
0.075528090,334.868
0.075537386,334.630
0.075546683,334.717
0.075555982,334.751
0.075565280,334.716
0.075574632,336.697
0.075583939,335.030
0.075593262,335.645
0.075602590,335.804
0.075611888,334.719
0.075621232,336.382
0.075630532,334.823
0.075639854,335.582
0.075649152,334.716
0.075658478,335.755
0.075667802,335.657
0.075677126,335.670
0.075686426,334.773
0.075695741,335.359
0.075705084,336.345
0.075714382,334.748
0.075723704,335.577
0.075733033,335.828
0.075742357,335.689
0.075751653,334.643
0.075760953,334.815
0.075770275,335.596
0.075779600,335.669
0.075788898,334.730
0.075798216,335.453
0.075807536,335.535
0.075816863,335.771
0.075826160,334.695
0.075835456,334.650
0.075844783,335.764
0.075854078,334.634
0.075863379,334.811
0.075872674,334.635
0.075881998,335.672
0.075891351,336.703
0.075900647,334.648
0.075909973,335.735
0.075919303,335.893
0.075928627,335.673
0.075937923,334.644
0.075947224,334.820
0.075956535,335.208
0.075965859,335.664
0.075975159,334.800
0.075984455,334.650
0.075993756,334.844
0.076003078,335.593
0.076012376,334.720
0.076021674,334.730
0.076030998,335.662
0.076040293,334.635
0.076049594,334.810
0.076058891,334.700
0.076068186,334.641
0.076077513,335.756
0.076086849,336.108
0.076096159,335.152
0.076105460,334.838
0.076114758,334.712
0.076124053,334.642
0.076133380,335.760
0.076142677,334.696
0.076151983,335.013
0.076161308,335.715
0.076170623,335.334
0.076179951,335.814
0.076189272,335.533
0.076198622,336.625
0.076207950,335.778
0.076217246,334.673
0.076226593,336.494
0.076235892,334.766
0.076245190,334.738
0.076254497,335.024
0.076263849,336.676
0.076273146,334.698
0.076282482,336.104
0.076291806,335.667
0.076301129,335.628
0.076310440,335.168
0.076319735,334.640
0.076329034,334.752
0.076338332,334.755
0.076347631,334.749
0.076356954,335.616
0.076366308,336.747
0.076375632,335.667
0.076384928,334.647
0.076394230,334.894
0.076403555,335.674
0.076412863,335.091
0.076422161,334.741
0.076431459,334.715
0.076440758,334.791
0.076450054,334.643
0.076459351,334.697
0.076468650,334.739
0.076477947,334.723
0.076487258,335.183
0.076496585,335.763
0.076505920,336.067
0.076515270,336.616
0.076524624,336.721
0.076533946,335.603
0.076543271,335.693
0.076552581,335.180
0.076561880,334.747
0.076571205,335.712
0.076580513,335.091
0.076589828,335.332
0.076599131,334.886
0.076608428,334.700
0.076617723,334.646
0.076627024,334.812
0.076636321,334.707
0.076645646,335.691
0.076654971,335.685
0.076664283,335.239
0.076673578,334.635
0.076682885,335.049
0.076692209,335.649
0.076701530,335.560
0.076710830,334.807
0.076720125,334.632
0.076729452,335.765
0.076738748,334.638
0.076748045,334.710
0.076757345,334.797
0.076766641,334.643
0.076775938,334.695
0.076785243,334.976
0.076794567,335.662
0.076803884,335.417
0.076813236,336.679
0.076822573,336.132
0.076831871,334.735
0.076841173,334.866
0.076850512,336.200
0.076859846,336.024
0.076869173,335.762
0.076878471,334.740
0.076887769,334.743
0.076897077,335.090
0.076906393,335.345
0.076915699,335.049
0.076925023,335.650
0.076934345,335.590
0.076943645,334.801
0.076952967,335.587
0.076962265,334.713
0.076971562,334.724
0.076980860,334.708
0.076990180,335.514
0.076999480,334.815
0.077008777,334.703
0.077018099,335.575
0.077027435,336.082
0.077036748,335.297
0.077046049,334.813
0.077055369,335.536
0.077064687,335.435
0.077073993,335.021
0.077083315,335.595
0.077092612,334.703
0.077101921,335.128
0.077111261,336.228
0.077120569,335.097
0.077129896,335.768
0.077139254,336.885
0.077148552,334.719
0.077157852,334.796
0.077167174,335.596
0.077176501,335.794
0.077185823,335.583
0.077195147,335.663
0.077204498,336.635
0.077213808,335.169
0.077223130,335.579
0.077232435,334.969
0.077241759,335.654
0.077251081,335.593
0.077260407,335.757
0.077269719,335.220
0.077279016,334.713
0.077288315,334.736
0.077297657,336.310
0.077306956,334.793
0.077316252,334.648
0.077325552,334.781
0.077334857,335.006
0.077344179,335.596
0.077353501,335.587
0.077362807,335.017
0.077372123,335.364
0.077381422,334.767
0.077390723,334.824
0.077400045,335.617
0.077409344,334.732
0.077418642,334.750
0.077427940,334.720
0.077437262,335.586
0.077446589,335.772
0.077455884,334.634
0.077465211,335.767
0.077474535,335.647
0.077483850,335.354
0.077493177,335.765
0.077502472,334.635
0.077511770,334.710
0.077521068,334.730
0.077530365,334.719
0.077539683,335.447
0.077549010,335.767
0.077558314,334.930
0.077567650,336.085
0.077576974,335.696
0.077586292,335.439
0.077595598,335.028
0.077604908,335.160
0.077614207,334.732
0.077623560,336.726
0.077632856,334.670
0.077642180,335.656
0.077651480,334.781
0.077660822,336.325
0.077670147,335.692
0.077679445,334.723
0.077688783,336.174
0.077698116,335.999
0.077707437,335.546
0.077716773,336.103
0.077726074,334.814
0.077735395,335.586
0.077744717,335.565
0.077754068,336.633
0.077763408,336.256
0.077772703,334.631
0.077782030,335.761
0.077791362,335.943
0.077800687,335.723
0.077809985,334.728
0.077819281,334.642
0.077828608,335.773
0.077837930,335.581
0.077847227,334.715
0.077856554,335.752
0.077865849,334.646
0.077875173,335.635
0.077884504,335.916
0.077893801,334.704
0.077903122,335.542
0.077912449,335.803
0.077921764,335.323
0.077931094,335.872
0.077940418,335.656
0.077949740,335.624
0.077959044,334.922
0.077968351,335.066
0.077977649,334.712
0.077986947,334.737
0.077996245,334.721
0.078005563,335.438
0.078014889,335.765
0.078024189,334.798
0.078033485,334.654
0.078042812,335.767
0.078052124,335.233
0.078061422,334.720
0.078070773,336.633
0.078080116,336.337
0.078089468,336.697
0.078098827,336.901
0.078108150,335.651
0.078117475,335.686
0.078126773,334.715
0.078136068,334.637
0.078145368,334.816
0.078154664,334.636
0.078164000,336.085
0.078173299,334.798
0.078182612,335.241
0.078191935,335.647
0.078201260,335.702
0.078210565,334.972
0.078219865,334.804
0.078229188,335.637
0.078238484,334.630
0.078247811,335.766
0.078257123,335.232
0.078266419,334.661
0.078275723,334.966
0.078285019,334.637
0.078294339,335.543
0.078303664,335.681
0.078312962,334.715
0.078322282,335.523
0.078331582,334.809
0.078340924,336.325
0.078350249,335.694
0.078359573,335.657
0.078368868,334.638
0.078378169,334.818
0.078387491,335.582
0.078396788,334.716
0.078406091,334.897
0.078415413,335.594
0.078424737,335.644
0.078434066,335.849
0.078443390,335.661
0.078452685,334.635
0.078462012,335.760
0.078471307,334.637
0.078480625,335.442
0.078489954,335.840
0.078499267,335.288
0.078508569,334.872
0.078517876,335.028
0.078527174,334.726
0.078536472,334.734
0.078545770,334.721
0.078555091,335.581
0.078564392,334.810
0.078573711,335.513
0.078583034,335.599
0.078592366,335.963
0.078601661,334.635
0.078610959,334.710
0.078620257,334.725
0.078629554,334.713
0.078638850,334.634
0.078648178,335.802
0.078657475,334.702
0.078666826,336.643
0.078676150,335.669
0.078685446,334.634
0.078694746,334.809
0.078704079,336.011
0.078713377,334.713
0.078722705,335.820
0.078732001,334.648
0.078741325,335.645
0.078750650,335.698
0.078759948,334.736
0.078769270,335.616
0.078778571,334.832
0.078787867,334.640
0.078797164,334.712
0.078806517,336.699
0.078815813,334.648
0.078825113,334.818
0.078834420,335.018
0.078843717,334.720
0.078853016,334.742
0.078862340,335.671
0.078871662,335.590
0.078880989,335.767
0.078890312,335.644
0.078899644,335.938
0.078908977,336.002
0.078918299,335.599
0.078927597,334.718
0.078936921,335.679
0.078946246,335.665
0.078955554,335.091
0.078964851,334.695
0.078974148,334.709
0.078983447,334.769
0.078992772,335.689
0.079002115,336.357
0.079011443,335.792
0.079020739,334.660
0.079030037,334.720
0.079039358,335.561
0.079048655,334.706
0.079057961,334.998
0.079067287,335.730
0.079076621,336.033
0.079085945,335.685
0.079095269,335.669
0.079104608,336.195
0.079113916,335.078
0.079123213,334.701
0.079132535,335.596
0.079141839,334.938
0.079151135,334.635
0.079160432,334.716
0.079169757,335.682
0.079179081,335.665
0.079188379,334.728
0.079197681,334.892
0.079206979,334.728
0.079216327,336.522
0.079225628,334.813
0.079234923,334.635
0.079244250,335.771
0.079253581,335.926
0.079262899,335.432
0.079272225,335.742
0.079281521,334.647
0.079290818,334.693
0.079300143,335.694
0.079309466,335.655
0.079318762,334.649
0.079328104,336.312
0.079337400,334.643
0.079346698,334.720
0.079356050,336.702
0.079365390,336.210
0.079374717,335.806
0.079384040,335.614
0.079393357,335.416
0.079402656,334.768
0.079411979,335.621
0.079421276,334.702
0.079430578,334.869
0.079439915,336.134
0.079449211,334.648
0.079458511,334.811
0.079467807,334.633
0.079477104,334.715
0.079486409,334.967
0.079495707,334.715
0.079505039,335.964
0.079514339,334.817
0.079523654,335.328
0.079532953,334.745
0.079542250,334.713
0.079551546,334.640
0.079560873,335.763
0.079570168,334.639
0.079579502,336.009
0.079588827,335.706
0.079598150,335.627
0.079607483,336.003
0.079616809,335.736
0.079626123,335.281
0.079635481,336.898
0.079644781,334.813
0.079654079,334.703
0.079663389,335.173
0.079672713,335.651
0.079682025,335.254
0.079691354,335.836
0.079700649,334.639
0.079709967,335.450
0.079719266,334.741
0.079728564,334.721
0.079737859,334.633
0.079747159,334.808
0.079756456,334.698
0.079765752,334.648
0.079775052,334.807
0.079784374,335.591
0.079793697,335.605
0.079802995,334.733
0.079812293,334.726
0.079821614,335.573
0.079830968,336.717
0.079840282,335.309
0.079849608,335.748
0.079858917,335.124
0.079868233,335.388
0.079877534,334.834
0.079886832,334.711
0.079896152,335.542
0.079905479,335.754
0.079914775,334.642
0.079924098,335.653
0.079933423,335.697
0.079942721,334.720
0.079952017,334.639
0.079961344,335.771
0.079970657,335.278
0.079979992,336.074
0.079989289,334.701
0.079998605,335.351
0.080007905,334.811
0.080017200,334.631
0.080026498,334.716
0.080035796,334.731
0.080045120,335.665
0.080054416,334.635
0.080063742,335.766
0.080073087,336.409
0.080082383,334.646
0.080091683,334.814
0.080101005,335.587
0.080110312,335.067
0.080119612,334.801
0.080128911,334.736
0.080138219,335.102
0.080147560,336.279
0.080156858,334.726
0.080166165,335.052
0.080175464,334.750
0.080184760,334.667
0.080194087,335.775
0.080203409,335.589
0.080212733,335.660
0.080222033,334.798
0.080231370,336.146
0.080240667,334.701
0.080249992,335.693
0.080259290,334.711
0.080268641,336.636
0.080277965,335.661
0.080287260,334.638
0.080296613,336.707
0.080305910,334.699
0.080315227,335.388
0.080324554,335.766
0.080333875,335.590
0.080343213,336.141
0.080352521,335.083
0.080361835,335.315
0.080371156,335.543
0.080380457,334.845
0.080389755,334.721
0.080399089,336.043
0.080408414,335.692
0.080417729,335.337
0.080427064,336.066
0.080436409,336.436
0.080445709,334.775
0.080455009,334.809
0.080464318,335.121
0.080473615,334.701
0.080482940,335.687
0.080492258,335.471
0.080501578,335.503
0.080510905,335.762
0.080520200,334.633
0.080529498,334.717
0.080538798,334.797
0.080548111,335.291
0.080557411,334.804
0.080566707,334.642
0.080576004,334.710
0.080585331,335.743
0.080594657,335.732
0.080603952,334.634
0.080613253,334.825
0.080622563,335.174
0.080631859,334.647
0.080641186,335.764
0.080650496,335.168
0.080659820,335.669
0.080669144,335.681
0.080678459,335.317
0.080687754,334.633
0.080697100,336.455
0.080706426,335.748
0.080715733,335.040
0.080725058,335.696
0.080734380,335.591
0.080743681,334.850
0.080752977,334.641
0.080762275,334.720
0.080771601,335.749
0.080780897,334.649
0.080790233,336.098
0.080799561,335.797
0.080808878,335.434
0.080818176,334.726
0.080827486,335.143
0.080836781,334.644
0.080846082,334.817
0.080855405,335.652
0.080864720,335.332
0.080874049,335.844
0.080883383,336.017
0.080892681,334.720
0.080902005,335.687
0.080911330,335.667
0.080920625,334.634
0.080929925,334.816
0.080939249,335.651
0.080948556,335.053
0.080957864,335.072
0.080967178,335.326
0.080976502,335.669
0.080985834,335.939
0.080995180,336.439
0.081004480,334.802
0.081013786,335.040
0.081023104,335.433
0.081032455,336.640
0.081041752,334.709
0.081051103,336.610
0.081060440,336.140
0.081069735,334.640
0.081079060,335.667
0.081088360,334.800
0.081097691,335.940
0.081107015,335.648
0.081116340,335.706
0.081125655,335.328
0.081134953,334.733
0.081144277,335.663
0.081153593,335.369
0.081162893,334.810
0.081172190,334.698
0.081181486,334.641
0.081190786,334.809
0.081200108,335.591
0.081209429,335.550
0.081218753,335.676
0.081228050,334.709
0.081237346,334.639
0.081246675,335.827
0.081255992,335.423
0.081265317,335.710
0.081274624,335.055
0.081283922,334.719
0.081293251,335.861
0.081302548,334.676
0.081311846,334.724
0.081321146,334.789
0.081330468,335.595
0.081339765,334.693
0.081349063,334.739
0.081358401,336.184
0.081367733,335.930
0.081377033,334.819
0.081386329,334.632
0.081395653,335.666
0.081404980,335.775
0.081414294,335.295
0.081423594,334.804
0.081432889,334.635
0.081442203,335.308
0.081451501,334.737
0.081460799,334.717
0.081470094,334.631
0.081479425,335.890
0.081488722,334.701
0.081498044,335.598
0.081507345,334.813
0.081516642,334.700
0.081525952,335.165
0.081535277,335.703
0.081544574,334.709
0.081553922,336.521
0.081563224,334.848
0.081572521,334.708
0.081581846,335.698
0.081591144,334.720
0.081600439,334.637
0.081609742,334.891
0.081619062,335.516
0.081628359,334.710
0.081637686,335.760
0.081646981,334.645
0.081656278,334.689
0.081665582,334.929
0.081674880,334.714
0.081684175,334.635
0.081693502,335.767
0.081702797,334.637
0.081712120,335.615
0.081721420,334.794
0.081730716,334.650
0.081740013,334.696
0.081749317,334.968
0.081758616,334.759
0.081767915,334.743
0.081777213,334.743
0.081786509,334.647
0.081795810,334.825
0.081805107,334.726
0.081814423,335.358
0.081823729,335.031
0.081833082,336.696
0.081842408,335.716
0.081851733,335.722
0.081861032,334.754
0.081870364,335.971
0.081879665,334.814
0.081888962,334.699
0.081898287,335.690
0.081907611,335.667
0.081916906,334.642
0.081926207,334.808
0.081935502,334.631
0.081944841,336.210
0.081954173,335.953
0.081963469,334.644
0.081972802,335.992
0.081982102,334.804
0.081991464,337.024
0.082000786,335.596
0.082010088,334.876
0.082019383,334.634
0.082028681,334.722
0.082037981,334.791
0.082047322,336.270
0.082056650,335.828
0.082065957,335.028
0.082075254,334.717
0.082084555,334.833
0.082093853,334.731
0.082103160,335.040
0.082112461,334.831
0.082121758,334.701
0.082131077,335.472
0.082140377,334.807
0.082149725,336.534
0.082159023,334.718
0.082168347,335.683
0.082177662,335.335
0.082187015,336.700
0.082196311,334.648
0.082205635,335.651
0.082214936,334.845
0.082224235,334.758
0.082233557,335.600
0.082242858,334.842
0.082252167,335.119
0.082261465,334.727
0.082270765,334.823
0.082280088,335.601
0.082289385,334.696
0.082298736,336.648
0.082308034,334.714
0.082317329,334.633
0.082326631,334.859
0.082335970,336.221
0.082345324,336.723
0.082354631,335.070
0.082363970,336.200
0.082373280,335.142
0.082382587,335.083
0.082391901,335.277
0.082401230,335.869
0.082410555,335.687
0.082419850,334.636
0.082429151,334.810
0.082438474,335.646
0.082447798,335.654
0.082457099,334.835
0.082466395,334.649
0.082475748,336.719
0.082485044,334.639
0.082494368,335.673
0.082503720,336.692
0.082513016,334.644
0.082522354,336.172
0.082531656,334.885
0.082540976,335.511
0.082550285,335.103
0.082559585,334.814
0.082568901,335.369
0.082578236,336.073
0.082587562,335.743
0.082596858,334.637
0.082606155,334.691
0.082615480,335.695
0.082624777,334.718
0.082634102,335.682
0.082643410,335.108
0.082652706,334.621
0.082662034,335.810
0.082671370,336.110
0.082680668,334.721
0.082689969,334.831
0.082699291,335.594
0.082708601,335.154
0.082717898,334.726
0.082727223,335.666
0.082736518,334.636
0.082745826,335.106
0.082755142,335.360
0.082764466,335.679
0.082773764,334.713
0.082783076,335.232
0.082792384,335.081
0.082801679,334.635
0.082811003,335.669
0.082820333,335.873
0.082829678,336.412
0.082838975,334.691
0.082848304,335.835
0.082857622,335.461
0.082866942,335.512
0.082876242,334.808
0.082885564,335.587
0.082894861,334.709
0.082904161,334.786
0.082913458,334.696
0.082922777,335.492
0.082932073,334.657
0.082941378,334.956
0.082950704,335.761
0.082960003,334.758
0.082969320,335.405
0.082978647,335.778
0.082987944,334.703
0.082997253,335.104
0.083006553,334.806
0.083015848,334.633
0.083025172,335.663
0.083034497,335.689
0.083043795,334.724
0.083053090,334.634
0.083062400,335.129
0.083071697,334.707
0.083080995,334.748
0.083090320,335.665
0.083099615,334.630
0.083108942,335.763
0.083118261,335.502
0.083127559,334.717
0.083136885,335.748
0.083146216,335.899
0.083155514,334.733
0.083164813,334.760
0.083174131,335.478
0.083183438,335.051
0.083192766,335.781
0.083202062,334.666
0.083211371,335.119
0.083220672,334.853
0.083229968,334.660
0.083239296,335.796
0.083248618,335.586
0.083257951,336.008
0.083267250,334.734
0.083276563,335.279
0.083285859,334.643
0.083295190,335.933
0.083304514,335.654
0.083313836,335.599
0.083323136,334.811
0.083332432,334.634
0.083341729,334.709
0.083351028,334.778
0.083360353,335.666
0.083369679,335.742
0.083378976,334.715
0.083388301,335.681
0.083397599,334.753
0.083406897,334.723
0.083416193,334.646
0.083425520,335.767
0.083434828,335.104
0.083444126,334.712
0.083453426,334.797
0.083462721,334.645
0.083472031,335.139
0.083481357,335.749
0.083490656,334.748
0.083499978,335.612
0.083509314,336.078
0.083518654,336.251
0.083527981,335.781
0.083537305,335.653
0.083546601,334.649
0.083555954,336.720
0.083565250,334.638
0.083574547,334.709
0.083583845,334.731
0.083593143,334.713
0.083602461,335.455
0.083611791,335.870
0.083621088,334.703
0.083630420,335.936
0.083639720,334.814
0.083649034,335.313
0.083658332,334.713
0.083667666,336.017
0.083676982,335.386
0.083686308,335.745
0.083695604,334.644
0.083704901,334.693
0.083714232,335.908
0.083723542,335.166
0.083732837,334.635
0.083742138,334.812
0.083751433,334.629
0.083760743,335.176
0.083770079,336.072
0.083779390,335.222
0.083788688,334.702
0.083797986,334.738
0.083807283,334.712
0.083816605,335.588
0.083825914,335.126
0.083835215,334.804
0.083844516,334.836
0.083853811,334.647
0.083863160,336.560
0.083872458,334.732
0.083881756,334.712
0.083891051,334.636
0.083900378,335.766
0.083909702,335.651
0.083919000,334.736
0.083928297,334.710
0.083937662,337.113
0.083946964,334.872
0.083956259,334.625
0.083965558,334.780
0.083974886,335.785
0.083984208,335.600
0.083993505,334.695
0.084002833,335.812
0.084012131,334.711
0.084021478,336.499
0.084030778,334.819
0.084040091,335.261
0.084049391,334.809
0.084058715,335.648
0.084068027,335.247
0.084077332,334.963
0.084086628,334.652
0.084095926,334.721
0.084105250,335.683
0.084114548,334.714
0.084123843,334.637
0.084133148,334.968
0.084142445,334.699
0.084151767,335.595
0.084161094,335.753
0.084170405,335.204
0.084179703,334.717
0.084189027,335.684
0.084198369,336.325
0.084207704,336.050
0.084217027,335.607
0.084226337,335.177
0.084235636,334.764
0.084244958,335.589
0.084254289,335.924
0.084263590,334.819
0.084272925,336.083
0.084282223,334.704
0.084291549,335.748
0.084300907,336.897
0.084310215,335.074
0.084319540,335.694
0.084328838,334.720
0.084338138,334.818
0.084347436,334.737
0.084356758,335.596
0.084366085,335.764
0.084375383,334.706
0.084384678,334.651
0.084393982,334.940
0.084403278,334.636
0.084412575,334.714
0.084421873,334.728
0.084431171,334.720
0.084440467,334.639
0.084449767,334.812
0.084459064,334.701
0.084468384,335.523
0.084477685,334.809
0.084486980,334.638
0.084496309,335.830
0.084505634,335.695
0.084514932,334.759
0.084524259,335.762
0.084533556,334.675
0.084542853,334.696
0.084552184,335.928
0.084561482,334.721
0.084570830,336.538
0.084580135,334.982
0.084589431,334.631
0.084598764,336.003
0.084608069,334.974
0.084617365,334.657
0.084626663,334.720
0.084635988,335.721
0.084645349,336.974
0.084654647,334.753
0.084663971,335.664
0.084673286,335.346
0.084682587,334.833
0.084691932,336.400
0.084701232,334.799
0.084710564,335.965
0.084719887,335.617
0.084729185,334.716
0.084738483,334.761
0.084747802,335.462
0.084757124,335.609
0.084766425,334.838
0.084775724,334.745
0.084785055,335.926
0.084794357,334.864
0.084803653,334.666
0.084812954,334.825
0.084822274,335.540
0.084831598,335.662
0.084840904,335.019
0.084850242,336.141
0.084859566,335.670
0.084868895,335.850
0.084878240,336.433
0.084887536,334.635
0.084896836,334.817
0.084906132,334.633
0.084915429,334.722
0.084924729,334.796
0.084934051,335.590
0.084943361,335.146
0.084952666,334.989
0.084961965,334.749
0.084971316,336.655
0.084980677,336.988
0.084990009,335.955
0.084999310,334.835
0.085008608,334.709
0.085017904,334.674
0.085027210,335.024
0.085036521,335.187
0.085045874,336.690
0.085055200,335.761
0.085064499,334.752
0.085073827,335.796
0.085083123,334.671
0.085092423,334.805
0.085101748,335.704
0.085111046,334.718
0.085120362,335.379
0.085129668,335.024
0.085138964,334.628
0.085148261,334.719
0.085157561,334.797
0.085166898,336.107
0.085176195,334.694
0.085185519,335.693
0.085194833,335.283
0.085204155,335.588
0.085213482,335.798
0.085222796,335.280
0.085232105,335.118
0.085241402,334.694
0.085250697,334.645
0.085260024,335.760
0.085269331,335.050
0.085278628,334.711
0.085287953,335.683
0.085297290,336.143
0.085306586,334.633
0.085315916,335.902
0.085325240,335.662
0.085334545,334.963
0.085343901,336.820
0.085353240,336.226
0.085362541,334.822
0.085371873,335.943
0.085381171,334.723
0.085390471,334.796
0.085399766,334.644
0.085409063,334.698
0.085418394,335.906
0.085427692,334.711
0.085436987,334.637
0.085446287,334.812
0.085455609,335.588
0.085464907,334.714
0.085474207,334.791
0.085483529,335.594
0.085492826,334.696
0.085502124,334.746
0.085511439,335.317
0.085520734,334.638
0.085530035,334.818
0.085539330,334.633
0.085548657,335.761
0.085557980,335.652
0.085567276,334.638
0.085576576,334.810
0.085585924,336.506
0.085595222,334.730
0.085604603,337.725
0.085613902,334.760
0.085623197,334.624
0.085632502,334.975
0.085641800,334.721
0.085651095,334.647
0.085660403,335.090
0.085669716,335.255
0.085679016,334.814
0.085688312,334.637
0.085697610,334.724
0.085706936,335.745
0.085716243,335.037
0.085725540,334.699
0.085734838,334.738
0.085744148,335.157
0.085753444,334.637
0.085762744,334.814
0.085772075,335.921
0.085781412,336.121
0.085790711,334.789
0.085800007,334.654
0.085809331,335.651
0.085818629,334.742
0.085827930,334.809
0.085837252,335.591
0.085846558,335.033
0.085855854,334.635
0.085865154,334.807
0.085874451,334.705
0.085883773,335.605
0.085893074,334.838
0.085902394,335.487
0.085911691,334.716
0.085921016,335.685
0.085930366,336.624
0.085939688,335.587
0.085948989,334.810
0.085958286,334.701
0.085967608,335.598
0.085976936,335.803
0.085986284,336.537
0.085995584,334.807
0.086004905,335.556
0.086014229,335.666
0.086023529,334.790
0.086032851,335.597
0.086042148,334.700
0.086051473,335.691
0.086060771,334.714
0.086070074,334.908
0.086079429,336.793
0.086088733,334.949
0.086098033,334.783
0.086107334,334.827
0.086116673,336.231
0.086126027,336.718
0.086135349,335.622
0.086144674,335.685
0.086154020,336.453
0.086163348,335.798
0.086172670,335.613
0.086182010,336.242
0.086191331,335.532
0.086200628,334.708
0.086209929,334.822
0.086219251,335.591
0.086228575,335.668
0.086237901,335.730
0.086247216,335.348
0.086256516,334.790
0.086265811,334.644
0.086275127,335.381
0.086284452,335.687
0.086293761,335.131
0.086303104,336.339
0.086312404,334.813
0.086321702,334.726
0.086331001,334.749
0.086340331,335.896
0.086349642,335.183
0.086358951,335.111
0.086368275,335.698
0.086377590,335.314
0.086386911,335.578
0.086396238,335.768
0.086405579,336.261
0.086414879,334.819
0.086424203,335.651
0.086433525,335.594
0.086442834,335.135
0.086452159,335.672
0.086461479,335.527
0.086470777,334.728
0.086480075,334.722
0.086489370,334.632
0.086498697,335.774
0.086507994,334.695
0.086517290,334.646
0.086526590,334.805
0.086535885,334.634
0.086545183,334.717
0.086554481,334.734
0.086563798,335.425
0.086573099,334.805
0.086582395,334.654
0.086591692,334.697
0.086601043,336.645
0.086610367,335.669
0.086619663,334.642
0.086628963,334.818
0.086638272,335.131
0.086647593,335.546
0.086656920,335.749
0.086666215,334.640
0.086675512,334.694
0.086684811,334.743
0.086694108,334.710
0.086703403,334.627
0.086712723,335.521
0.086722020,334.670
0.086731320,334.822
0.086740619,334.752
0.086749915,334.667
0.086759249,336.028
0.086768571,335.586
0.086777869,334.716
0.086787167,334.730
0.086796464,334.712
0.086805785,335.535
0.086815086,334.844
0.086824383,334.703
0.086833679,334.652
0.086843008,335.847
0.086852323,335.334
0.086861647,335.666
0.086870946,334.743
0.086880244,334.723
0.086889570,335.744
0.086898876,335.020
0.086908199,335.643
0.086917524,335.697
0.086926848,335.663
0.086936144,334.634
0.086945475,335.936
0.086954797,335.585
0.086964118,335.561
0.086973418,334.789
0.086982713,334.647
0.086992011,334.702
0.087001310,334.772
0.087010627,335.403
0.087019949,335.616
0.087029247,334.712
0.087038588,336.262
0.087047891,334.919
0.087057215,335.660
0.087066511,334.646
0.087075817,335.026
0.087085125,335.097
0.087094445,335.516
0.087103743,334.735
0.087113067,335.664
0.087122362,334.626
0.087131692,335.870
0.087141015,335.645
0.087150337,335.565
0.087159645,335.111
0.087168967,335.591
0.087178268,334.812
0.087187563,334.635
0.087196861,334.719
0.087206187,335.743
0.087215483,334.641
0.087224780,334.695
0.087234078,334.746
0.087243402,335.663
0.087252698,334.638
0.087262029,335.928
0.087271358,335.858
0.087280657,334.751
0.087289968,335.205
0.087299292,335.666
0.087308618,335.710
0.087317943,335.703
0.087327285,336.343
0.087336583,334.729
0.087345881,334.720
0.087355203,335.591
0.087364504,334.815
0.087373813,335.148
0.087383145,335.938
0.087392477,335.937
0.087401825,336.539
0.087411122,334.716
0.087420447,335.681
0.087429745,334.714
0.087439040,334.632
0.087448368,335.798
0.087457709,336.297
0.087467034,335.687
0.087476332,334.715
0.087485647,335.344
0.087494948,334.852
0.087504244,334.638
0.087513568,335.670
0.087522868,334.798
0.087532190,335.589
0.087541520,335.897
0.087550846,335.749
0.087560156,335.145
0.087569490,336.019
0.087578789,334.758
0.087588111,335.588
0.087597412,334.841
0.087606722,335.161
0.087616039,335.434
0.087625345,335.012
0.087634641,334.634
0.087643965,335.671
0.087653289,335.684
0.087662613,335.668
0.087671919,335.015
0.087681248,335.812
0.087690545,334.696
0.087699870,335.697
0.087709194,335.664
0.087718506,335.241
0.087727833,335.768
0.087737140,335.046
0.087746458,335.464
0.087755758,334.798
0.087765067,335.115
0.087774364,334.701
0.087783691,335.777
0.087792990,334.742
0.087802285,334.636
0.087811612,335.773
0.087820954,336.308
0.087830280,335.757
0.087839607,335.755
0.087848904,334.698
0.087858232,335.796
0.087867527,334.642
0.087876845,335.445
0.087886143,334.731
0.087895441,334.717
0.087904736,334.631
0.087914063,335.759
0.087923387,335.650
0.087932705,335.477
0.087942039,335.990
0.087951354,335.364
0.087960663,335.100
0.087969995,335.976
0.087979293,334.730
0.087988620,335.763
0.087997916,334.670
0.088007214,334.713
0.088016539,335.702
0.088025841,334.855
0.088035163,335.617
0.088044464,334.817
0.088053759,334.631
0.088063057,334.721
0.088072387,335.898
0.088081683,334.654
0.088090992,335.127
0.088100320,335.803
0.088109625,334.981
0.088118949,335.653
0.088128249,334.820
0.088137589,336.234
0.088146890,334.813
0.088156213,335.644
0.088165509,334.652
0.088174862,336.707
0.088184184,335.587
0.088193481,334.710
0.088202779,334.723
0.088212113,336.005
0.088221421,335.088
0.088230747,335.765
0.088240071,335.645
0.088249366,334.638
0.088258693,335.761
0.088268033,336.222
0.088277336,334.910
0.088286658,335.601
0.088295956,334.721
0.088305282,335.749
0.088314602,335.510
0.088323899,334.703
0.088333197,334.737
0.088342508,335.187
0.088351804,334.641
0.088361104,334.814
0.088370400,334.640
0.088379743,336.366
0.088389044,334.833
0.088398359,335.343
0.088407684,335.703
0.088416984,334.801
0.088426300,335.361
0.088435625,335.689
0.088444974,336.592
0.088454270,334.631
0.088463596,335.757
0.088472893,334.700
0.088482210,335.413
0.088491511,334.810
0.088500820,335.123
0.088510130,335.179
0.088519483,336.713
0.088528782,334.737
0.088538104,335.587
0.088547404,334.814
0.088556701,334.698
0.088566052,336.641
0.088575350,334.716
0.088584645,334.629
0.088593946,334.818
0.088603241,334.635
0.088612559,335.444
0.088621859,334.795
0.088631181,335.599
0.088640504,335.645
0.088649803,334.740
0.088659127,335.676
0.088668423,334.665
0.088677754,335.891
0.088687065,335.203
0.088696388,335.619
0.088705714,335.749
0.088715054,336.238
0.088724354,334.810
0.088733686,335.957
0.088742984,334.716
0.088752309,335.683
0.088761609,334.805
0.088770931,335.589
0.088780231,334.822
0.088789555,335.646
0.088798850,334.643
0.088808160,335.144
0.088817491,335.932
0.088826789,334.711
0.088836089,334.798
0.088845403,335.304
0.088854725,335.582
0.088864051,335.770
0.088873385,335.998
0.088882683,334.743
0.088892007,335.644
0.088901329,335.589
0.088910655,335.762
0.088919951,334.638
0.088929248,334.713
0.088938575,335.778
0.088947872,334.688
0.088957194,335.570
0.088966493,334.780
0.088975807,335.303
0.088985103,334.644
0.088994404,334.845
0.089003703,334.747
0.089013004,334.854
0.089022328,335.677
0.089031660,335.944
0.089040961,334.811
0.089050282,335.586
0.089059580,334.716
0.089068905,335.690
0.089078229,335.668
0.089087524,334.636
0.089096825,334.812
0.089106148,335.654
0.089115470,335.594
0.089124797,335.747
0.089134128,335.927
0.089143425,334.704
0.089152750,335.681
0.089162066,335.374
0.089171374,335.089
0.089180721,336.507
0.089190018,334.698
0.089199369,336.638
0.089208703,336.008
0.089217999,334.645
0.089227335,336.092
0.089236630,334.642
0.089245928,334.721
0.089255230,334.877
0.089264572,336.313
0.089273869,334.696
0.089283168,334.746
0.089292465,334.713
0.089301790,335.676
0.089311114,335.669
0.089320436,335.585
0.089329769,336.006
0.089339066,334.696
0.089348383,335.414
0.089357684,334.806
0.089366979,334.639
0.089376303,335.666
0.089385654,336.625
0.089394978,335.668
0.089404273,334.627
0.089413600,335.762
0.089422942,336.315
0.089432267,335.692
0.089441564,334.717
0.089450903,336.196
0.089460230,335.761
0.089469525,334.630
0.089478859,336.003
0.089488179,335.530
0.089497503,335.665
0.089506801,334.721
0.089516127,335.742
0.089525425,334.747
0.089534747,335.594
0.089544048,334.814
0.089553343,334.629
0.089562667,335.656
0.089571967,334.794
0.089581280,335.296
0.089590581,334.818
0.089599914,335.975
0.089609231,335.425
0.089618529,334.729
0.089627889,336.975
0.089637185,334.633
0.089646485,334.808
0.089655830,336.435
0.089665162,335.933
0.089674471,335.137
0.089683767,334.634
0.089693064,334.714
0.089702389,335.681
0.089711704,335.368
0.089721004,334.791
0.089730326,335.597
0.089739626,334.771
0.089748951,335.699
0.089758248,334.720
0.089767559,335.180
0.089776860,334.842
0.089786156,334.651
0.089795454,334.718
0.089804811,336.849
0.089814106,334.645
0.089823427,335.551
0.089832725,334.738
0.089842049,335.666
0.089851345,334.638
0.089860646,334.848
0.089869986,336.231
0.089879286,334.812
0.089888610,335.645
0.089897905,334.645
0.089907206,334.816
0.089916502,334.643
0.089925826,335.668
0.089935150,335.680
0.089944448,334.718
0.089953770,335.587
0.089963127,336.849
0.089972424,334.711
0.089981722,334.718
0.089991025,334.904
0.090000320,334.638
0.090009618,334.708
0.090018969,336.631
0.090028266,334.716
0.090037566,334.798
0.090046905,336.200
0.090056245,336.236
0.090065551,335.027
0.090074876,335.699
0.090084194,335.442
0.090093496,334.853
0.090102805,335.146
0.090112103,334.726
0.090121403,334.799
0.090130714,335.205
0.090140011,334.699
0.090149310,334.739
0.090158607,334.711
0.090167939,335.930
0.090177263,335.667
0.090186577,335.310
0.090195878,334.821
0.090205201,335.647
0.090214512,335.197
0.090223822,335.152
0.090233119,334.709
0.090242418,334.741
0.090251742,335.686
0.090261054,335.238
0.090270350,334.634
0.090279650,334.821
0.090288974,335.650
0.090298281,335.040
0.090307590,335.132
0.090316886,334.643
0.090326186,334.829
0.090335519,335.964
0.090344818,334.763
0.090354146,335.801
0.090363468,335.603
0.090372765,334.697
0.090382063,334.743
0.090391361,334.716
0.090400657,334.636
0.090409957,334.813
0.090419252,334.639
0.090428577,335.672
0.090437903,335.738
0.090447214,335.203
0.090456511,334.696
0.090465836,335.695
0.090475141,334.979
0.090484467,335.728
0.090493791,335.689
0.090503110,335.463
0.090512411,334.846
0.090521708,334.708
0.090531005,334.664
0.090540306,334.838
0.090549628,335.594
0.090558926,334.738
0.090568224,334.740
0.090577522,334.714
0.090586817,334.632
0.090596135,335.433
0.090605435,334.789
0.090614760,335.704
0.090624067,335.045
0.090633415,336.549
0.090642717,334.854
0.090652012,334.643
0.090661346,336.011
0.090670650,334.953
0.090679972,335.588
0.090689269,334.700
0.090698568,334.740
0.090707865,334.708
0.090717215,336.596
0.090726543,335.800
0.090735883,336.240
0.090745183,334.823
0.090754480,334.694
0.090763776,334.647
0.090773103,335.760
0.090782410,335.059
0.090791722,335.241
0.090801020,334.729
0.090810318,334.715
0.090819613,334.622
0.090828946,336.004
0.090838244,334.728
0.090847552,335.071
0.090856853,334.836
0.090866149,334.660
0.090875447,334.722
0.090884754,335.073
0.090894055,334.813
0.090903355,334.814
0.090912677,335.602
0.090921975,334.697
0.090931326,336.644
0.090940623,334.713
0.090949939,335.379
0.090959269,335.863
0.090968565,334.646
0.090977912,336.495
0.090987238,335.751
0.090996534,334.648
0.091005831,334.697
0.091015182,336.640
0.091024480,334.713
0.091033831,336.632
0.091043138,335.052
0.091052433,334.629
0.091061760,335.762
0.091071057,334.695
0.091080352,334.642
0.091089679,335.760
0.091098987,335.092
0.091108325,336.165
0.091117627,334.885
0.091126925,334.708
0.091136220,334.632
0.091145524,334.919
0.091154839,335.361
0.091164136,334.675
0.091173443,335.058
0.091182784,336.283
0.091192095,335.186
0.091201400,334.978
0.091210719,335.499
0.091220072,336.705
0.091229379,335.066
0.091238691,335.223
0.091247990,334.746
0.091257314,335.661
0.091266609,334.639
0.091275913,334.957
0.091285209,334.642
0.091294545,336.094
0.091303845,334.802
0.091313157,335.233
0.091322454,334.696
0.091331761,335.038
0.091341058,334.712
0.091350356,334.723
0.091359706,336.608
0.091369021,335.337
0.091378374,336.708
0.091387672,334.696
0.091396989,335.413
0.091406289,334.806
0.091415624,336.083
0.091424922,334.713
0.091434250,335.815
0.091443559,335.115
0.091452857,334.724
0.091462158,334.840
0.091471455,334.709
0.091480751,334.642
0.091490051,334.818
0.091499347,334.640
0.091508674,335.763
0.091517969,334.633
0.091527267,334.716
0.091536593,335.742
0.091545927,336.031
0.091555224,334.703
0.091564528,334.925
0.091573825,334.710
0.091583147,335.590
0.091592448,334.820
0.091601743,334.638
0.091611052,335.124
0.091620352,334.793
0.091629648,334.639
0.091638971,335.649
0.091648296,335.696
0.091657657,336.973
0.091666981,335.678
0.091676305,335.667
0.091685642,336.124
0.091694998,336.837
0.091704322,335.665
0.091713662,336.241
0.091722964,334.849
0.091732275,335.216
0.091741574,334.738
0.091750899,335.717
0.091760214,335.335
0.091769550,336.082
0.091778845,334.649
0.091788143,334.699
0.091797441,334.740
0.091806765,335.665
0.091816060,334.632
0.091825361,334.810
0.091834682,335.585
0.091843980,334.719
0.091853306,335.745
0.091862602,334.642
0.091871899,334.695
0.091881224,335.697
0.091890537,335.264
0.091899833,334.641
0.091909133,334.816
0.091918445,335.237
0.091927743,334.716
0.091937077,336.050
0.091946401,335.630
0.091955728,335.787
0.091965024,334.663
0.091974322,334.736
0.091983647,335.690
0.091992972,335.704
0.092002277,334.975
0.092011583,335.029
0.092020881,334.729
0.092030178,334.668
0.092039505,335.779
0.092048863,336.889
0.092058161,334.716
0.092067487,335.731
0.092076784,334.718
0.092086084,334.801
0.092095380,334.655
0.092104704,335.644
0.092114002,334.744
0.092123300,334.717
0.092132622,335.591
0.092141922,334.821
0.092151231,335.103
0.092160528,334.715
0.092169855,335.752
0.092179151,334.648
0.092188451,334.798
0.092197782,335.947
0.092207080,334.719
0.092216376,334.638
0.092225676,334.821
0.092234972,334.631
0.092244272,334.819
0.092253595,335.639
0.092262910,335.328
0.092272222,335.243
0.092281569,336.478
0.092290868,334.754
0.092300193,335.712
0.092309491,334.732
0.092318809,335.445
0.092328140,335.904
0.092337437,334.705
0.092346769,335.945
0.092356069,334.808
0.092365365,334.632
0.092374662,334.719
0.092383987,335.684
0.092393285,334.721
0.092402611,335.745
0.092411906,334.642
0.092421203,334.690
0.092430530,335.765
0.092439855,335.688
0.092449150,334.635
0.092458477,335.777
0.092467799,335.581
0.092477123,335.673
0.092486424,334.804
0.092495761,336.153
0.092505083,335.595
0.092514409,335.740
0.092523707,334.720
0.092533032,335.683
0.092542356,335.675
0.092551670,335.314
0.092560999,335.821
0.092570307,335.117
0.092579629,335.594
0.092588982,336.711
0.092598291,335.119
0.092607589,334.714
0.092616891,334.860
0.092626209,335.463
0.092635505,334.644
0.092644805,334.812
0.092654102,334.695
0.092663450,336.535
0.092672762,335.237
0.092682084,335.591
0.092691411,335.771
0.092700707,334.638
0.092710020,335.274
0.092719320,334.806
0.092728678,336.897
0.092737989,335.184
0.092747287,334.738
0.092756607,335.498
0.092765902,334.637
0.092775203,334.813
0.092784524,335.580
0.092793848,335.665
0.092803175,335.745
0.092812533,336.902
0.092821853,335.505
0.092831159,335.027
0.092840456,334.714
0.092849789,335.982
0.092859088,334.749
0.092868410,335.588
0.092877710,334.816
0.092887056,336.454
0.092896352,334.647
0.092905652,334.813
0.092914965,335.274
0.092924290,335.699
0.092933589,334.737
0.092942904,335.337
0.092952208,334.969
0.092961539,335.922
0.092970836,334.691
0.092980135,334.749
0.092989433,334.718
0.092998744,335.202
0.093008097,336.706
0.093017392,334.635
0.093026739,336.478
0.093036039,334.790
0.093045334,334.645
0.093054631,334.700
0.093063930,334.740
0.093073227,334.710
0.093082523,334.636
0.093091868,336.441
0.093101166,334.716
0.093110512,336.463
0.093119863,336.633
0.093129202,336.206
0.093138510,335.077
0.093147805,334.640
0.093157130,335.693
0.093166458,335.799
0.093175805,336.493
0.093185101,334.666
0.093194409,335.070
0.093203706,334.715
0.093213003,334.671
0.093222304,334.827
0.093231599,334.641
0.093240953,336.740
0.093250275,335.599
0.093259600,335.680
0.093268926,335.748
0.093278222,334.641
0.093287545,335.646
0.093296847,334.868
0.093306184,336.140
0.093315502,335.449
0.093324829,335.770
0.093334178,336.539
0.093343502,335.667
0.093352828,335.747
0.093362124,334.644
0.093371421,334.697
0.093380769,336.553
0.093390095,335.713
0.093399427,335.974
0.093408726,334.748
0.093418022,334.665
0.093427323,334.848
0.093436621,334.707
0.093445917,334.672
0.093455218,334.833
0.093464531,335.267
0.093473859,335.797
0.093483181,335.611
0.093492506,335.676
0.093501832,335.745
0.093511128,334.641
0.093520425,334.693
0.093529723,334.739
0.093539021,334.717
0.093548316,334.635
0.093557617,334.815
0.093566938,335.590
0.093576263,335.667
0.093585589,335.748
0.093594911,335.601
0.093604208,334.690
0.093613506,334.740
0.093622804,334.718
0.093632131,335.766
0.093641429,334.739
0.093650725,334.633
0.093660043,335.455
0.093669393,336.616
0.093678689,334.652
0.093687990,334.823
0.093697285,334.639
0.093706609,335.662
0.093715934,335.683
0.093725252,335.467
0.093734548,334.631
0.093743848,334.812
0.093753172,335.646
0.093762494,335.598
0.093771794,334.808
0.093781107,335.272
0.093790443,336.111
0.093799749,335.017
0.093809047,334.712
0.093818347,334.796
0.093827655,335.075
0.093836973,335.466
0.093846272,334.776
0.093855571,334.738
0.093864869,334.724
0.093874171,334.874
0.093883467,334.661
0.093892765,334.734
0.093902066,334.826
0.093911362,334.655
0.093920659,334.704
0.093929979,335.531
0.093939305,335.711
0.093948603,334.728
0.093957902,334.766
0.093967214,335.255
0.093976541,335.775
0.093985839,334.704
0.093995161,335.596
0.094004461,334.805
0.094013757,334.643
0.094023054,334.716
0.094032352,334.729
0.094041650,334.716
0.094050945,334.632
0.094060279,336.003
0.094069602,335.647
0.094078923,335.560
0.094088226,334.910
0.094097548,335.590
0.094106849,334.821
0.094116144,334.632
0.094125504,336.968
0.094134804,334.800
0.094144112,335.068
0.094153435,335.647
0.094162738,334.876
0.094172035,334.717
0.094181357,335.589
0.094190658,334.831
0.094199953,334.626
0.094209263,335.148
0.094218574,335.220
0.094227871,334.672
0.094237168,334.707
0.094246467,334.752
0.094255765,334.719
0.094265090,335.692
0.094274414,335.675
0.094283710,334.646
0.094293044,336.025
0.094302377,335.988
0.094311693,335.409
0.094320996,334.902
0.094330292,334.652
0.094339626,336.019
0.094348928,334.856
0.094358225,334.722
0.094367547,335.580
0.094376874,335.758
0.094386190,335.377
0.094395541,336.645
0.094404839,334.720
0.094414161,335.594
0.094423461,334.821
0.094432758,334.662
0.094442056,334.729
0.094451356,334.805
0.094460651,334.643
0.094469949,334.699
0.094479251,334.883
0.094488568,335.431
0.094497865,334.658
0.094507166,334.851
0.094516483,335.401
0.094525782,334.760
0.094535110,335.832
0.094544442,335.937
0.094553768,335.743
0.094563090,335.593
0.094572414,335.672
0.094581739,335.690
0.094591037,334.717
0.094600332,334.639
0.094609636,334.936
0.094618933,334.701
0.094628277,336.392
0.094637587,335.138
0.094646909,335.588
0.094656233,335.670
0.094665538,334.972
0.094674835,334.714
0.094684156,335.555
0.094693483,335.759
0.094702807,335.657
0.094712105,334.737
0.094721403,334.714
0.094730714,335.228
0.094740015,334.809
0.094749310,334.630
0.094758608,334.722
0.094767908,334.798
0.094777204,334.672
0.094786535,335.918
0.094795861,335.743
0.094805208,336.465
0.094814503,334.643
0.094823805,334.848
0.094833127,335.607
0.094842425,334.720
0.094851752,335.781
0.094861075,335.627
0.094870376,334.832
0.094879707,335.932
0.094889005,334.718
0.094898356,336.632
0.094907654,334.713
0.094916949,334.634
0.094926249,334.816
0.094935546,334.694
0.094944855,335.105
0.094954155,334.801
0.094963503,336.539
0.094972801,334.706
0.094982152,336.640
0.094991476,335.667
0.095000776,334.792
0.095010081,334.995
0.095019381,334.789
0.095028706,335.708
0.095038022,335.380
0.095047341,335.464
0.095056651,335.176
0.095065956,334.975
0.095075281,335.697
0.095084586,335.006
0.095093882,334.653
0.095103206,335.652
0.095112560,336.727
0.095121857,334.719
0.095131179,335.591
0.095140480,334.809
0.095149775,334.636
0.095159102,335.771
0.095168399,334.702
0.095177695,334.649
0.095187002,335.061
0.095196298,334.643
0.095205622,335.665
0.095214947,335.689
0.095224245,334.724
0.095233540,334.637
0.095242867,335.765
0.095252166,334.785
0.095261489,335.612
0.095270790,334.822
0.095280085,334.642
0.095289383,334.716
0.095298707,335.684
0.095308023,335.363
0.095317323,334.796
0.095326628,334.972
0.095335927,334.789
0.095345279,336.644
0.095354576,334.717
0.095363908,335.930
0.095373213,334.988
0.095382508,334.629
0.095391829,335.543
0.095401181,336.691
0.095410513,335.936
0.095419810,334.698
0.095429135,335.693
0.095438433,334.719
0.095447731,334.729
0.095457028,334.715
0.095466323,334.625
0.095475624,334.813
0.095484923,334.782
0.095494239,335.375
0.095503540,334.812
0.095512835,334.640
0.095522133,334.721
0.095531435,334.876
0.095540755,335.524
0.095550090,336.045
0.095559393,334.930
0.095568737,336.377
0.095578058,335.548
0.095587358,334.811
0.095596698,336.236
0.095606027,335.829
0.095615322,334.633
0.095624621,334.777
0.095633930,335.097
0.095643237,335.050
0.095652534,334.700
0.095661832,334.736
0.095671130,334.719
0.095680447,335.422
0.095689748,334.816
0.095699057,335.139
0.095708355,334.717
0.095717657,334.889
0.095727000,336.338
0.095736297,334.699
0.095745595,334.741
0.095754893,334.717
0.095764227,336.019
0.095773551,335.672
0.095782899,336.538
0.095792200,334.818
0.095801497,334.711
0.095810793,334.638
0.095820097,334.935
0.095829392,334.639
0.095838690,334.714
0.095848014,335.680
0.095857326,335.233
0.095866634,335.071
0.095875961,335.776
0.095885287,335.738
0.095894610,335.620
0.095903911,334.852
0.095913233,335.584
0.095922534,334.821
0.095931839,334.989
0.095941137,334.720
0.095950465,335.820
0.095959761,334.665
0.095969059,334.708
0.095978384,335.692
0.095987704,335.533
0.095997026,335.595
0.096006326,334.814
0.096015622,334.640
0.096024946,335.665
0.096034246,334.788
0.096043577,335.935
0.096052884,335.045
0.096062235,336.640
0.096071559,335.667
0.096080910,336.635
0.096090208,334.713
0.096099529,335.586
0.096108856,335.762
0.096118153,334.701
0.096127498,336.407
0.096136799,334.818
0.096146094,334.636
0.096155412,335.460
0.096164711,334.757
0.096174010,334.758
0.096183316,335.018
0.096192613,334.703
0.096201911,334.726
0.096211213,334.850
0.096220511,334.747
0.096229834,335.608
0.096239134,334.825
0.096248431,334.666
0.096257729,334.740
0.096267055,335.753
0.096276378,335.620
0.096285675,334.699
0.096294974,334.741
0.096304288,335.322
0.096313584,334.631
0.096322884,334.819
0.096332179,334.631
0.096341506,335.763
0.096350803,334.698
0.096360125,335.595
0.096369426,334.811
0.096378748,335.585
0.096388045,334.718
0.096397396,336.634
0.096406694,334.719
0.096415992,334.718
0.096425293,334.835
0.096434590,334.721
0.096443896,334.988
0.096453197,334.839
0.096462536,336.201
0.096471833,334.713
0.096481158,335.685
0.096490455,334.714
0.096499782,335.747
0.096509104,335.597
0.096518437,335.991
0.096527735,334.734
0.096537059,335.670
0.096546355,334.638
0.096555655,334.816
0.096564977,335.590
0.096574301,335.665
0.096583601,334.802
0.096592923,335.596
0.096602220,334.696
0.096611545,335.687
0.096620843,334.720
0.096630194,336.640
0.096639544,336.596
0.096648841,334.708
0.096658172,335.893
0.096667519,336.493
0.096676855,336.092
0.096686186,335.936
0.096695508,335.595
0.096704826,335.441
0.096714153,335.776
0.096723478,335.703
0.096732774,334.640
0.096742075,334.849
0.096751373,334.712
0.096760698,335.723
0.096769996,334.722
0.096779292,334.639
0.096788619,335.767
0.096797940,335.585
0.096807265,335.672
0.096816617,336.697
0.096825913,334.651
0.096835210,334.698
0.096844509,334.745
0.096853807,334.722
0.096863128,335.587
0.096872456,335.776
0.096881779,335.656
0.096891081,334.847
0.096900378,334.704
0.096909700,335.599
0.096919000,334.812
0.096928296,334.638
0.096937593,334.708
0.096946944,336.628
0.096956265,335.536
0.096965560,334.637
0.096974892,335.942
0.096984216,335.662
0.096993547,335.922
0.097002876,335.853
0.097012172,334.643
0.097021480,335.084
0.097030778,334.731
0.097040075,334.714
0.097049375,334.799
0.097058671,334.645
0.097067968,334.699
0.097077267,334.741
0.097086575,335.111
0.097095871,334.635
0.097105177,335.043
0.097114475,334.707
0.097123773,334.735
0.097133073,334.796
0.097142383,335.150
0.097151680,334.701
0.097161005,335.695
0.097170302,334.717
0.097179598,334.634
0.097188898,334.808
0.097198193,334.627
0.097207517,335.668
0.097216845,335.778
0.097226141,334.658
0.097235441,334.808
0.097244736,334.633
0.097254034,334.710
0.097263351,335.410
0.097272649,334.750
0.097281947,334.725
0.097291248,334.843
0.097300573,335.692
0.097309896,335.623
0.097319197,334.819
0.097328519,335.614
0.097337855,336.092
0.097347156,334.838
0.097356472,335.386
0.097365795,335.601
0.097375122,335.783
0.097384446,335.679
0.097393771,335.699
0.097403069,334.720
0.097412391,335.590
0.097421691,334.814
0.097430987,334.628
0.097440284,334.718
0.097449610,335.738
0.097458920,335.153
0.097468241,335.547
0.097477539,334.729
0.097486837,334.715
0.097496159,335.591
0.097505512,336.718
0.097514807,334.627
0.097524143,336.079
0.097533450,335.057
0.097542746,334.654
0.097552047,334.834
0.097561354,335.048
0.097570651,334.722
0.097579957,335.013
0.097589319,337.031
0.097598654,336.050
0.097607955,334.849
0.097617254,334.733
0.097626587,336.005
0.097635888,334.844
0.097645184,334.658
0.097654482,334.722
0.097663781,334.764
0.097673124,336.351
0.097682451,335.747
0.097691773,335.597
0.097701070,334.701
0.097710395,335.688
0.097719719,335.667
0.097729054,336.074
0.097738385,335.904
0.097747728,336.341
0.097757052,335.676
0.097766378,335.741
0.097775690,335.244
0.097784987,334.697
0.097794286,334.748
0.097803601,335.344
0.097812919,335.454
0.097822220,334.832
0.097831542,335.595
0.097840888,336.457
0.097850222,336.013
0.097859519,334.680
0.097868819,334.819
0.097878141,335.590
0.097887465,335.663
0.097896790,335.682
0.097906087,334.719
0.097915383,334.632
0.097924710,335.797
0.097934052,336.309
0.097943359,335.040
0.097952657,334.712
0.097961952,334.631
0.097971259,335.073
0.097980555,334.629
0.097989879,335.667
0.097999179,334.795
0.098008501,335.589
0.098017820,335.509
0.098027128,335.064
0.098036425,334.716
0.098045747,335.590
0.098055048,334.836
0.098064344,334.639
0.098073641,334.721
0.098082968,335.745
0.098092264,334.650
0.098101600,336.124
0.098110898,334.723
0.098120197,334.739
0.098129495,334.740
0.098138843,336.550
0.098148187,336.358
0.098157513,335.759
0.098166810,334.693
0.098176133,335.600
0.098185436,334.925
0.098194732,334.637
0.098204029,334.717
0.098213327,334.729
0.098222625,334.721
0.098231921,334.639
0.098241221,334.822
0.098250518,334.693
0.098259843,335.698
0.098269141,334.707
0.098278438,334.694
0.098287741,334.918
0.098297048,335.051
0.098306361,335.260
0.098315687,335.749
0.098324983,334.645
0.098334320,336.124
0.098343623,334.937
0.098352947,335.664
0.098362269,335.590
0.098371587,335.449
0.098380910,335.611
0.098390208,334.743
0.098399536,335.786
0.098408851,335.338
0.098418159,335.106
0.098427479,335.535
0.098436804,335.676
0.098446102,334.735
0.098455400,334.716
0.098464695,334.636
0.098474027,335.945
0.098483324,334.703
0.098492620,334.648
0.098501947,335.756
0.098511260,335.289
0.098520584,335.648
0.098529909,335.728
0.098539251,336.312
0.098548578,335.741
0.098557910,335.969
0.098567250,336.225
0.098576548,334.739
0.098585869,335.569
0.098595213,336.374
0.098604513,334.812
0.098613810,334.665
0.098623157,336.523
0.098632457,334.788
0.098641769,335.215
0.098651066,334.705
0.098660373,335.049
0.098669689,335.365
0.098679013,335.669
0.098688312,334.762
0.098697653,336.279
0.098706953,334.807
0.098716250,334.693
0.098725572,335.598
0.098734872,334.808
0.098744170,334.706
0.098753468,334.732
0.098762766,334.731
0.098772085,335.495
0.098781381,334.634
0.098790681,334.813
0.098799978,334.699
0.098809274,334.643
0.098818583,335.141
0.098827879,334.634
0.098837203,335.667
0.098846501,334.735
0.098855816,335.334
0.098865150,336.027
0.098874470,335.537
0.098883794,335.651
0.098893119,335.695
0.098902443,335.665
0.098911765,335.589
0.098921065,334.814
0.098930416,336.645
0.098939715,334.760
0.098949016,334.834
0.098958355,336.208
0.098967653,334.725
0.098976955,334.867
0.098986301,336.448
0.098995605,334.935
0.099004903,334.741
0.099014199,334.646
0.099023500,334.845
0.099032811,335.191
0.099042133,335.604
0.099051461,335.782
0.099060757,334.670
0.099070054,334.705
0.099079379,335.690
0.099088677,334.715
0.099097975,334.737
0.099107273,334.715
0.099116568,334.635
0.099125895,335.769
0.099135219,335.657
0.099144514,334.643
0.099153815,334.810
0.099163110,334.638
0.099172408,334.735
0.099181733,335.693
0.099191058,335.697
0.099200380,335.608
0.099209683,334.906
0.099218990,335.039
0.099228297,335.039
0.099237597,334.828
0.099246912,335.313
0.099256212,334.826
0.099265508,334.635
0.099274848,336.259
0.099284175,335.747
0.099293482,335.079
0.099302794,335.213
0.099312097,334.899
0.099321430,336.010
0.099330738,335.083
0.099340068,335.881
0.099349390,335.580
0.099358714,335.666
0.099368014,334.798
0.099377336,335.598
0.099386672,336.083
0.099395967,334.638
0.099405284,335.400
0.099414635,336.637
0.099423959,335.669
0.099433281,335.594
0.099442589,335.073
0.099451886,334.712
0.099461182,334.650
0.099470509,335.757
0.099479824,335.348
0.099489124,334.811
0.099498423,334.745
0.099507721,334.756
0.099517017,334.644
0.099526319,334.852
0.099535616,334.694
0.099544967,336.645
0.099554265,334.717
0.099563560,334.639
0.099572887,335.765
0.099582194,335.066
0.099591533,336.194
0.099600833,334.790
0.099610129,334.650
0.099619452,335.649
0.099628751,334.744
0.099638048,334.716
0.099647344,334.637
0.099656671,335.772
0.099665993,335.589
0.099675319,335.759
0.099684646,335.752
0.099693941,334.647
0.099703243,334.858
0.099712539,334.647
0.099721863,335.667
0.099731187,335.684
0.099740485,334.718
0.099749781,334.635
0.099759081,334.806
0.099768414,335.980
0.099777735,335.556
0.099787062,335.779
0.099796357,334.638
0.099805655,334.716
0.099815006,336.635
0.099824304,334.717
0.099833603,334.792
0.099842899,334.644
0.099852213,335.311
0.099861512,334.746
0.099870809,334.716
0.099880105,334.637
0.099889405,334.812
0.099898751,336.438
0.099908051,334.806
0.099917378,335.760
0.099926688,335.161
0.099935985,334.697
0.099945309,335.691
0.099954607,334.718
0.099963954,336.500
0.099973255,334.815
0.099982550,334.636
0.099991851,334.813
0.100001148,334.698
0.100010443,334.643
0.100019745,334.856
0.100029051,335.021
0.100038393,336.325
0.100047692,334.758
0.100056990,334.733
0.100066287,334.675
0.100075588,334.850
0.100084912,335.649
0.100094209,334.681
0.100103509,334.823
0.100112805,334.638
0.100122129,335.667
0.100131427,334.734
0.100140727,334.813
0.100150049,335.592
0.100159376,335.766
0.100168673,334.699
0.100177999,335.739
0.100187297,334.727
0.100196593,334.637
0.100205920,335.764
0.100215215,334.634
0.100224539,335.667
0.100233865,335.747
0.100243161,334.643
0.100252497,336.098
0.100261822,335.687
0.100271120,334.719
0.100280440,335.539
0.100289740,334.811
0.100299062,335.586
0.100308363,334.814
0.100317660,334.701
0.100326956,334.667
0.100336257,334.835
0.100345590,335.990
0.100354888,334.721
0.100364212,335.681
0.100373519,335.024
0.100382841,335.611
0.100392142,334.836
0.100401440,334.735
0.100410737,334.663
0.100420044,335.052
0.100429386,336.334
0.100438684,334.732
0.100448017,335.990
0.100457342,335.691
0.100466651,335.132
0.100475947,334.649
0.100485297,336.605
0.100494622,335.693
0.100503920,334.719
0.100513256,336.113
0.100522562,334.989
0.100531857,334.629
0.100541155,334.717
0.100550485,335.879
0.100559801,335.386
0.100569098,334.698
0.100578423,335.688
0.100587732,335.155
0.100597035,334.888
0.100606333,334.743
0.100615655,335.590
0.100624982,335.772
0.100634278,334.637
0.100643575,334.719
0.100652875,334.792
0.100662190,335.321
0.100671487,334.699
0.100680812,335.690
0.100690127,335.337
0.100699425,334.734
0.100708747,335.618
0.100718043,334.633
0.100727343,334.813
0.100736679,336.086
0.100746001,335.597
0.100755328,335.759
0.100764623,334.640
0.100773947,335.666
0.100783257,335.137
0.100792573,335.387
0.100801868,334.634
0.100811195,335.764
0.100820511,335.363
0.100829836,335.699
0.100839137,334.853
0.100848452,335.351
0.100857762,335.162
0.100867069,335.052
0.100876367,334.715
0.100885699,335.952
0.100895021,335.597
0.100904345,335.648
0.100913700,336.769
0.100923018,335.449
0.100932313,334.640
0.100941614,334.817
0.100950928,335.313
0.100960254,335.760
0.100969552,334.692
0.100978866,335.316
0.100988166,334.804
0.100997472,335.022
0.101006770,334.707
0.101016094,335.679
0.101025392,334.716
0.101034723,335.931
0.101044050,335.767
0.101053375,335.707
0.101062672,334.674
0.101071972,334.811
0.101081269,334.697
0.101090568,334.753
0.101099869,334.833
0.101109167,334.751
0.101118530,337.049
0.101127826,334.646
0.101137123,334.697
0.101146474,336.637
0.101155796,335.595
0.101165127,335.932
0.101174433,335.008
0.101183728,334.637
0.101193026,334.710
0.101202356,335.897
0.101211652,334.645
0.101220976,335.653
0.101230274,334.740
0.101239572,334.713
0.101248893,335.551
0.101258193,334.809
0.101267515,335.585
0.101276868,336.718
0.101286165,334.700
0.101295487,335.593
0.101304787,334.809
0.101314096,335.094
0.101323420,335.684
0.101332723,334.892
0.101342031,335.114
0.101351350,335.480
0.101360706,336.808
0.101370004,334.711
0.101379324,335.549
0.101388634,335.132
0.101397973,336.228
0.101407274,334.828
0.101416579,334.988
0.101425903,335.669
0.101435210,335.049
0.101444533,335.597
0.101453830,334.698
0.101463181,336.645
0.101472479,334.718
0.101481797,335.447
0.101491097,334.811
0.101500407,335.167
0.101509729,335.591
0.101519055,335.743
0.101528351,334.645
0.101537648,334.693
0.101546947,334.748
0.101556271,335.667
0.101565573,334.900
0.101574898,335.685
0.101584193,334.632
0.101593494,334.818
0.101602803,335.113
0.101612129,335.738
0.101621430,334.856
0.101630767,336.115
0.101640092,335.695
0.101649423,335.936
0.101658721,334.719
0.101668041,335.528
0.101677368,335.762
0.101686665,334.698
0.101695990,335.696
0.101705314,335.669
0.101714655,336.287
0.101723982,335.766
0.101733304,335.588
0.101742628,335.669
0.101751954,335.743
0.101761250,334.644
0.101770560,335.158
0.101779885,335.694
0.101789209,335.664
0.101798556,336.488
0.101807856,334.814
0.101817169,335.255
0.101826469,334.813
0.101835793,335.647
0.101845115,335.590
0.101854426,335.226
0.101863723,334.674
0.101873021,334.738
0.101882320,334.757
0.101891619,334.753
0.101900923,334.966
0.101910230,335.046
0.101919543,335.278
0.101928863,335.502
0.101938164,334.846
0.101947487,335.610
0.101956820,336.018
0.101966120,334.773
0.101975444,335.667
0.101984770,335.745
0.101994066,334.642
0.102003379,335.293
0.102012678,334.739
0.102021975,334.712
0.102031297,335.582
0.102040598,334.826
0.102049929,335.931
0.102059263,336.014
0.102068566,334.925
0.102077862,334.645
0.102087159,334.696
0.102096460,334.827
0.102105759,334.753
0.102115055,334.671
0.102124409,336.746
0.102133722,335.273
0.102143023,334.845
0.102152321,334.713
0.102161643,335.586
0.102170972,335.865
0.102180268,334.642
0.102189567,334.770
0.102198893,335.713
0.102208191,334.732
0.102217509,335.458
0.102226809,334.811
0.102236106,334.696
0.102245426,335.520
0.102254727,334.813
0.102264039,335.226
0.102273336,334.719
0.102282634,334.733
0.102291977,336.320
0.102301276,334.792
0.102310572,334.643
0.102319869,334.701
0.102329167,334.734
0.102338492,335.669
0.102347789,334.716
0.102357090,334.839
0.102366408,335.449
0.102375729,335.535
0.102385029,334.793
0.102394360,335.947
0.102403684,335.649
0.102413009,335.698
0.102422326,335.399
0.102431621,334.635
0.102440922,334.824
0.102450243,335.572
0.102459553,335.150
0.102468850,334.702
0.102478192,336.316
0.102487522,335.877
0.102496818,334.637
0.102506115,334.712
0.102515413,334.730
0.102524738,335.669
0.102534033,334.635
0.102543333,334.821
0.102552631,334.694
0.102561926,334.653
0.102571253,335.756
0.102580565,335.239
0.102589892,335.762
0.102599190,334.740
0.102608524,336.013
0.102617824,334.801
0.102627146,335.597
0.102636459,335.255
0.102645757,334.748
0.102655055,334.718
0.102664372,335.419
0.102673699,335.770
0.102683009,335.137
0.102692319,335.170
0.102701619,334.792
0.102710914,334.650
0.102720260,336.435
0.102729567,335.057
0.102738865,334.712
0.102748161,334.685
0.102757460,334.741
0.102766791,335.930
0.102776099,335.086
0.102785431,335.950
0.102794731,334.805
0.102804033,334.865
0.102813356,335.617
0.102822680,335.670
0.102832008,335.807
0.102841306,334.752
0.102850626,335.517
0.102859954,335.793
0.102869252,334.726
0.102878574,335.588
0.102887875,334.834
0.102897215,336.246
0.102906524,335.114
0.102915819,334.633
0.102925137,335.439
0.102934463,335.746
0.102943785,335.602
0.102953082,334.694
0.102962433,336.640
0.102971731,334.720
0.102981027,334.636
0.102990327,334.814
0.102999623,334.650
0.103008929,335.036
0.103018257,335.786
0.103027570,335.260
0.103036867,334.700
0.103046165,334.746
0.103055480,335.340
0.103064780,334.771
0.103074088,335.095
0.103083412,335.671
0.103092739,335.788
0.103102063,335.656
0.103111359,334.643
0.103120690,335.935
0.103130007,335.412
0.103139305,334.716
0.103148603,334.736
0.103157901,334.715
0.103167248,336.498
0.103176549,334.818
0.103185846,334.700
0.103195144,334.734
0.103204441,334.711
0.103213737,334.637
0.103223064,335.761
0.103232412,336.530
0.103241709,334.708
0.103251035,335.742
0.103260367,335.940
0.103269664,334.696
0.103278991,335.765
0.103288316,335.701
0.103297638,335.612
0.103306968,335.866
0.103316264,334.665
0.103325601,336.125
0.103334925,335.671
0.103344223,334.715
0.103353551,335.797
0.103362857,335.039
0.103372171,335.287
0.103381528,336.878
0.103390839,335.192
0.103400198,336.910
0.103409526,335.792
0.103418823,334.706
0.103428119,334.670
0.103437454,336.041
0.103446749,334.633
0.103456047,334.715
0.103465371,335.683
0.103474669,334.712
0.103483969,334.788
0.103493327,336.898
0.103502624,334.699
0.103511949,335.692
0.103521273,335.669
0.103530595,335.589
0.103539900,334.967
0.103549221,335.582
0.103558546,335.679
0.103567858,335.235
0.103577197,336.206
0.103586494,334.707
0.103595793,334.761
0.103605109,335.356
0.103614407,334.730
0.103623740,336.013
0.103633055,335.342
0.103642389,336.000
0.103651698,335.134
0.103660994,334.645
0.103670294,334.821
0.103679590,334.637
0.103688950,336.972
0.103698248,334.736
0.103707546,334.715
0.103716866,335.525
0.103726195,335.832
0.103735492,334.700
0.103744797,334.984
0.103754097,334.808
0.103763411,335.293
0.103772738,335.773
0.103782033,334.634
0.103791331,334.720
0.103800684,336.697
0.103809982,334.724
0.103819302,335.512
0.103828628,335.742
0.103837927,334.762
0.103847222,334.638
0.103856550,335.810
0.103865873,335.612
0.103875197,335.685
0.103884524,335.752
0.103893837,335.291
0.103903165,335.807
0.103912487,335.587
0.103921785,334.717
0.103931083,334.733
0.103940407,335.673
0.103949724,335.405
0.103959029,334.966
0.103968352,335.649
0.103977671,335.472
0.103986971,334.811
0.103996282,335.187
0.104005580,334.714
0.104014904,335.683
0.104024202,334.716
0.104033523,335.576
0.104042824,334.804
0.104052147,335.651
0.104061474,335.756
0.104070783,335.134
0.104080099,335.372
0.104089399,334.818
0.104098707,335.090
0.104108005,334.725
0.104117316,335.200
0.104126613,334.665
0.104135923,335.156
0.104145274,336.647
0.104154614,336.245
0.104163936,335.592
0.104173237,334.848
0.104182550,335.261
0.104191879,335.821
0.104201203,335.677
0.104210499,334.649
0.104219808,335.141
0.104229104,334.636
0.104238442,336.190
0.104247767,335.682
0.104257064,334.718
0.104266360,334.639
0.104275661,334.824
0.104284958,334.706
0.104294280,335.598
0.104303617,336.118
0.104312939,335.587
0.104322237,334.723
0.104331535,334.738
0.104340851,335.374
0.104350159,335.084
0.104359454,334.642
0.104368767,335.274
0.104378066,334.742
0.104387383,335.416
0.104396705,335.602
0.104406033,335.798
0.104415369,336.108
0.104424668,334.754
0.104433968,334.801
0.104443279,335.197
0.104452576,334.704
0.104461903,335.763
0.104471201,334.720
0.104480523,335.588
0.104489823,334.822
0.104499145,335.589
0.104508447,334.879
0.104517745,334.697
0.104527060,335.370
0.104536364,334.917
0.104545711,336.503
0.104555009,334.739
0.104564338,335.840
0.104573657,335.489
0.104582976,335.476
0.104592278,334.852
0.104601592,335.304
0.104610887,334.650
0.104620215,335.793
0.104629538,335.615
0.104638839,334.839
0.104648171,335.958
0.104657515,336.393
0.104666815,334.813
0.104676165,336.566
0.104685462,334.703
0.104694760,334.747
0.104704085,335.674
0.104713380,334.641
0.104722681,334.823
0.104732003,335.587
0.104741300,334.717
0.104750600,334.799
0.104759923,335.596
0.104769220,334.697
0.104778518,334.735
0.104787868,336.587
0.104797167,334.785
0.104806466,334.756
0.104815762,334.644
0.104825066,334.950
0.104834364,334.724
0.104843660,334.654
0.104852966,335.024
0.104862262,334.660
0.104871560,334.721
0.104880859,334.765
0.104890157,334.724
0.104899478,335.586
0.104908805,335.767
0.104918103,334.700
0.104927398,334.651
0.104936717,335.465
0.104946032,335.356
0.104955334,334.861
0.104964638,334.951
0.104973953,335.330
0.104983254,334.822
0.104992549,334.645
0.105001873,335.657
0.105011171,334.737
0.105020469,334.713
0.105029764,334.638
0.105039094,335.874
0.105048390,334.634
0.105057688,334.727
0.105067014,335.752
0.105076310,334.643
0.105085617,335.074
0.105094942,335.688
0.105104240,334.717
0.105113538,334.739
0.105122872,336.020
0.105132187,335.334
0.105141540,336.713
0.105150873,335.996
0.105160190,335.416
0.105169500,335.144
0.105178796,334.648
0.105188093,334.713
0.105197391,334.733
0.105206715,335.668
0.105216048,335.988
0.105225384,336.086
0.105234701,335.406
0.105243997,334.655
0.105253321,335.667
0.105262643,335.591
0.105271943,334.816
0.105281241,334.705
0.105290539,334.742
0.105299866,335.752
0.105309174,335.101
0.105318471,334.699
0.105327769,334.739
0.105337067,334.707
0.105346413,336.446
0.105355746,336.008
0.105365077,335.924
0.105374401,335.635
0.105383753,336.700
0.105393049,334.646
0.105402375,335.752
0.105411697,335.589
0.105421011,335.280
0.105430309,334.741
0.105439633,335.672
0.105448929,334.629
0.105458229,334.819
0.105467526,334.693
0.105476822,334.651
0.105486149,335.763
0.105495461,335.261
0.105504760,334.759
0.105514087,335.753
0.105523388,334.860
0.105532685,334.669
0.105541986,334.827
0.105551283,334.700
0.105560608,335.692
0.105569905,334.716
0.105579220,335.343
0.105588548,335.796
0.105597856,335.069
0.105607167,335.225
0.105616467,334.798
0.105625763,334.644
0.105635060,334.695
0.105644411,336.641
0.105653709,334.713
0.105663004,334.637
0.105672305,334.822
0.105681617,335.240
0.105690915,334.725
0.105700241,335.748
0.105709537,334.649
0.105718837,334.809
0.105728158,335.558
0.105737456,334.719
0.105746807,336.636
0.105756105,334.716
0.105765402,334.708
0.105774708,335.024
0.105784038,335.846
0.105793334,334.669
0.105802662,335.804
0.105812030,337.271
0.105821338,335.089
0.105830689,336.632
0.105839987,334.713
0.105849295,335.094
0.105858591,334.651
0.105867904,335.287
0.105877229,335.693
0.105886539,335.142
0.105895834,334.630
0.105905135,334.819
0.105914430,334.638
0.105923754,335.666
0.105933054,334.794
0.105942350,334.643
0.105951647,334.695
0.105960974,335.788
0.105970292,335.430
0.105979587,334.635
0.105988888,334.822
0.105998183,334.638
0.106007484,334.820
0.106016810,335.730
0.106026132,335.612
0.106035434,334.884
0.106044730,334.631
0.106054047,335.432
0.106063372,335.703
0.106072671,334.750
0.106081989,335.457
0.106091296,335.033
0.106100614,335.458
0.106109910,334.647
0.106119246,336.107
0.106128541,334.633
0.106137865,335.664
0.106147164,334.740
0.106156488,335.668
0.106165814,335.745
0.106175147,335.975
0.106184444,334.699
0.106193769,335.693
0.106203066,334.716
0.106212383,335.408
0.106221684,334.816
0.106230979,334.631
0.106240290,335.184
0.106249590,334.794
0.106258910,335.523
0.106268238,335.810
0.106277543,335.010
0.106286842,334.741
0.106296167,335.705
0.106305465,334.719
0.106314761,334.658
0.106324062,334.844
0.106333360,334.716
0.106342664,334.955
0.106351992,335.811
0.106361309,335.404
0.106370607,334.724
0.106379958,336.642
0.106389299,336.277
0.106398621,335.580
0.106407947,335.766
0.106417245,334.695
0.106426569,335.693
0.106435893,335.665
0.106445189,334.640
0.106454489,334.816
0.106463785,334.632
0.106473109,335.669
0.106482409,334.791
0.106491731,335.596
0.106501057,335.745
0.106510382,335.699
0.106519680,334.717
0.106529002,335.589
0.106538329,335.787
0.106547625,334.642
0.106556926,334.834
0.106566223,334.721
0.106575519,334.652
0.106584820,334.843
0.106594143,335.611
0.106603486,336.361
0.106612787,334.810
0.106622085,334.737
0.106631407,335.613
0.106640709,334.842
0.106650032,335.658
0.106659328,334.647
0.106668655,335.765
0.106677951,334.643
0.106687248,334.720
0.106696581,335.986
0.106705897,335.357
0.106715223,335.743
0.106724519,334.652
0.106733832,335.285
0.106743159,335.775
0.106752458,334.745
0.106761780,335.593
0.106771086,335.003
0.106780381,334.631
0.106789691,335.179
0.106798991,334.796
0.106808287,334.649
0.106817584,334.700
0.106826883,334.741
0.106836200,335.418
0.106845558,336.887
0.106854858,334.814
0.106864154,334.634
0.106873454,334.811
0.106882751,334.699
0.106892080,335.851
0.106901383,334.894
0.106910679,334.646
0.106919976,334.721
0.106929275,334.730
0.106938599,335.669
0.106947943,336.404
0.106957270,335.751
0.106966567,334.694
0.106975913,336.483
0.106985215,334.844
0.106994512,334.712
0.107003811,334.742
0.107013135,335.687
0.107022433,334.718
0.107031733,334.795
0.107041029,334.649
0.107050326,334.696
0.107059624,334.747
0.107068948,335.670
0.107078259,335.166
0.107087564,335.003
0.107096908,336.392
0.107106206,334.713
0.107115562,336.821
0.107124884,335.593
0.107134181,334.702
0.107143480,334.746
0.107152777,334.712
0.107162093,335.346
0.107171421,335.810
0.107180716,334.628
0.107190025,335.120
0.107199322,334.707
0.107208619,334.690
0.107217929,335.155
0.107227275,336.444
0.107236575,334.808
0.107245900,335.699
0.107255198,334.722
0.107264493,334.629
0.107273793,334.817
0.107283111,335.425
0.107292444,335.988
0.107301752,335.095
0.107311065,335.255
0.107320365,334.811
0.107329670,334.968
0.107338986,335.390
0.107348312,335.740
0.107357634,335.599
0.107366973,336.189
0.107376298,335.690
0.107385595,334.715
0.107394913,335.453
0.107404267,336.720
0.107413609,336.323
0.107422907,334.718
0.107432207,334.792
0.107441529,335.611
0.107450856,335.757
0.107460187,335.935
0.107469531,336.389
0.107478858,335.747
0.107488180,335.599
0.107497490,335.152
0.107506790,334.814
0.107516087,334.699
0.107525409,335.598
0.107534742,335.980
0.107544038,334.636
0.107553346,335.117
0.107562644,334.732
0.107571988,336.355
0.107581283,334.625
0.107590583,334.817
0.107599880,334.700
0.107609187,335.037
0.107618485,334.717
0.107627780,334.633
0.107637087,335.064
0.107646383,334.636
0.107655681,334.725
0.107664981,334.793
0.107674303,335.599
0.107683627,335.652
0.107692951,335.691
0.107702275,335.664
0.107711571,334.640
0.107720925,336.741
0.107730222,334.686
0.107739583,337.030
0.107748882,334.748
0.107758179,334.674
0.107767506,335.779
0.107776827,335.548
0.107786126,334.775
0.107795451,335.692
0.107804749,334.744
0.107814071,335.600
0.107823372,334.826
0.107832670,334.711
0.107841989,335.502
0.107851296,335.045
0.107860591,334.644
0.107869914,335.621
0.107879239,335.685
0.107888555,335.370
0.107897855,334.802
0.107907150,334.645
0.107916448,334.703
0.107925746,334.741
0.107935044,334.717
0.107944366,335.583
0.107953666,334.823
0.107962962,334.639
0.107972262,334.816
0.107981589,335.754
0.107990911,335.596
0.108000208,334.711
0.108009518,335.146
0.108018859,336.271
0.108028180,335.548
0.108037506,335.762
0.108046828,335.585
0.108056137,335.121
0.108065434,334.695
0.108074730,334.645
0.108084030,334.816
0.108093362,335.927
0.108102659,334.713
0.108112010,336.633
0.108121334,335.666
0.108130629,334.632
0.108139930,334.820
0.108149227,334.694
0.108158549,335.596
0.108167849,334.807
0.108177145,334.637
0.108186442,334.713
0.108195740,334.728
0.108205065,335.669
0.108214367,334.872
0.108223663,334.666
0.108232960,334.698
0.108242260,334.809
0.108251558,334.711
0.108260880,335.589
0.108270225,336.433
0.108279521,334.665
0.108288846,335.693
0.108298147,334.833
0.108307491,336.380
0.108316815,335.661
0.108326113,334.746
0.108335411,334.714
0.108344733,335.591
0.108354034,334.821
0.108363329,334.631
0.108372630,334.836
0.108381928,334.720
0.108391224,334.655
0.108400553,335.843
0.108409848,334.634
0.108419166,335.467
0.108428465,334.735
0.108437763,334.724
0.108447107,336.389
0.108456410,334.911
0.108465749,336.203
0.108475107,336.902
0.108484444,336.112
0.108493784,336.244
0.108503092,335.117
0.108512424,335.949
0.108521749,335.673
0.108531075,335.741
0.108540382,335.076
0.108549680,334.707
0.108559004,335.686
0.108568302,334.723
0.108577621,335.461
0.108586949,335.807
0.108596307,336.885
0.108605640,336.009
0.108614940,334.799
0.108624236,334.650
0.108633563,335.764
0.108642858,334.634
0.108652182,335.664
0.108661533,336.640
0.108670882,336.544
0.108680177,334.634
0.108689477,334.807
0.108698791,335.285
0.108708087,334.658
0.108717387,334.816
0.108726709,335.589
0.108736007,334.718
0.108745331,335.686
0.108754646,335.317
0.108763941,334.640
0.108773268,335.766
0.108782565,334.696
0.108791864,334.735
0.108801187,335.634
0.108810528,336.303
0.108819856,335.774
0.108829169,335.283
0.108838468,334.754
0.108847776,335.089
0.108857072,334.663
0.108866396,335.658
0.108875722,335.734
0.108885019,334.718
0.108894340,335.535
0.108903642,334.871
0.108912982,336.261
0.108922309,335.765
0.108931606,334.695
0.108940902,334.642
0.108950205,334.915
0.108959500,334.637
0.108968798,334.719
0.108978096,334.734
0.108987420,335.666
0.108996716,334.633
0.109006043,335.763
0.109015340,334.695
0.109024635,334.649
0.109033936,334.806
0.109043231,334.638
0.109052529,334.715
0.109061827,334.728
0.109071124,334.710
0.109080472,336.523
0.109089772,334.811
0.109099088,335.352
0.109108421,335.996
0.109117740,335.484
0.109127036,334.657
0.109136344,335.085
0.109145639,334.635
0.109154951,335.229
0.109164277,335.744
0.109173573,334.651
0.109182870,334.693
0.109192175,334.952
0.109201500,335.720
0.109210825,335.707
0.109220124,334.734
0.109229446,335.612
0.109238747,334.836
0.109248071,335.660
0.109257367,334.672
0.109266695,335.791
0.109275991,334.649
0.109285312,335.571
0.109294637,335.692
0.109303935,334.716
0.109313255,335.528
0.109322590,336.060
0.109331887,334.703
0.109341183,334.642
0.109350483,334.814
0.109359805,335.588
0.109369105,334.814
0.109378418,335.262
0.109387734,335.377
0.109397094,336.933
0.109406398,334.964
0.109415745,336.480
0.109425044,334.772
0.109434344,334.814
0.109443664,335.521
0.109453018,336.721
0.109462313,334.631
0.109471611,334.717
0.109480911,334.793
0.109490233,335.593
0.109499533,334.806
0.109508838,335.003
0.109518136,334.711
0.109527441,334.984
0.109536739,334.714
0.109546060,335.584
0.109555387,335.750
0.109564685,334.751
0.109574008,335.616
0.109583312,334.947
0.109592650,336.160
0.109601959,335.135
0.109611258,334.737
0.109620573,335.343
0.109629925,336.701
0.109639231,334.986
0.109648573,336.333
0.109657906,335.971
0.109667238,335.971
0.109676537,334.762
0.109685838,334.844
0.109695134,334.640
0.109704432,334.723
0.109713758,335.747
0.109723095,336.131
0.109732392,334.701
0.109741717,335.689
0.109751014,334.709
0.109760336,335.587
0.109769637,334.813
0.109778964,335.774
0.109788265,334.853
0.109797564,334.746
0.109806887,335.620
0.109816189,334.907
0.109825486,334.661
0.109834784,334.737
0.109844108,335.683
0.109853429,335.556
0.109862752,335.605
0.109872056,334.936
0.109881380,335.683
0.109890701,335.554
0.109900028,335.770
0.109909376,336.542
0.109918712,336.090
0.109928063,336.624
0.109937381,335.473
0.109946683,334.837
0.109956008,335.733
0.109965308,334.791
0.109974634,335.721
0.109983972,336.180
0.109993267,334.633
0.110002568,334.827
0.110011879,335.194
0.110021202,335.613
0.110030503,334.844
0.110039799,334.651
0.110049096,334.698
0.110058447,336.651
0.110067745,334.719
0.110077043,334.732
0.110086367,335.666
0.110095683,335.371
0.110104984,334.813
0.110114281,334.701
0.110123576,334.643
0.110132877,334.807
0.110142213,336.094
0.110151510,334.717
0.110160837,335.775
0.110170136,334.741
0.110179431,334.632
0.110188786,336.773
0.110198083,334.700
0.110207391,335.072
0.110216689,334.731
0.110226022,335.984
0.110235330,335.112
0.110244637,335.050
0.110253935,334.723
0.110263235,334.807
0.110272531,334.647
0.110281828,334.696
0.110291126,334.739
0.110300424,334.718
0.110309720,334.636
0.110319023,334.940
0.110328319,334.637
0.110337617,334.715
0.110346943,335.747
0.110356265,335.596
0.110365562,334.693
0.110374861,334.746
0.110384158,334.717
0.110393485,335.760
0.110402783,334.738
0.110412105,335.593
0.110421406,334.814
0.110430715,335.131
0.110440010,334.643
0.110449315,334.954
0.110458637,335.589
0.110467957,335.525
0.110477258,334.854
0.110486603,336.418
0.110495917,335.292
0.110505218,334.846
0.110514516,334.729
0.110523839,335.606
0.110533166,335.798
0.110542488,335.586
0.110551815,335.767
0.110561110,334.630
0.110570408,334.723
0.110579734,335.750
0.110589043,335.100
0.110598340,334.700
0.110607639,334.751
0.110616963,335.662
0.110626267,334.971
0.110635570,334.880
0.110644865,334.644
0.110654164,334.753
0.110663491,335.774
0.110672787,334.655
0.110682114,335.789
0.110691420,335.001
0.110700718,334.719
0.110710043,335.709
0.110719342,334.747
0.110728637,334.632
0.110737964,335.767
0.110747287,335.648
0.110756632,336.397
0.110765936,334.960
0.110775258,335.590
0.110784592,336.010
0.110793917,335.696
0.110803242,335.714
0.110812564,335.580
0.110821891,335.770
0.110831188,334.693
0.110840512,335.695
0.110849813,334.812
0.110859108,334.643
0.110868435,335.770
0.110877731,334.640
0.110887029,334.720
0.110896355,335.748
0.110905651,334.647
0.110914948,334.703
0.110924246,334.742
0.110933571,335.667
0.110942866,334.634
0.110952166,334.814
0.110961462,334.639
0.110970760,334.718
0.110980059,334.794
0.110989381,335.594
0.110998682,334.814
0.111008013,335.934
0.111017311,334.716
0.111026616,334.982
0.111035914,334.723
0.111045255,336.280
0.111054585,335.862
0.111063904,335.508
0.111073237,335.983
0.111082541,334.948
0.111091837,334.658
0.111101135,334.728
0.111110460,335.694
0.111119775,335.342
0.111129075,334.792
0.111138380,334.983
0.111147694,335.312
0.111157026,335.960
0.111166324,334.711
0.111175682,336.896
0.111184993,335.198
0.111194316,335.624
0.111203637,335.536
0.111212937,334.821
0.111222270,335.969
0.111231567,334.699
0.111240892,335.721
0.111250253,336.996
0.111259588,336.039
0.111268938,336.624
0.111278261,335.611
0.111287588,335.782
0.111296912,335.659
0.111306234,335.596
0.111315564,335.855
0.111324873,335.159
0.111334197,335.663
0.111343523,335.723
0.111352821,334.716
0.111362143,335.589
0.111371496,336.717
0.111380811,335.339
0.111390162,336.647
0.111399486,335.664
0.111408802,335.362
0.111418129,335.763
0.111427424,334.634
0.111436748,335.671
0.111446048,334.795
0.111455344,334.640
0.111464641,334.694
0.111473965,335.693
0.111483284,335.453
0.111492579,334.635
0.111501933,336.727
0.111511245,335.262
0.111520546,334.827
0.111529843,334.699
0.111539182,336.209
0.111548486,334.914
0.111557781,334.637
0.111567094,335.266
0.111576419,335.685
0.111585716,334.712
0.111595034,335.433
0.111604355,335.561
0.111613653,334.734
0.111622956,334.890
0.111632285,335.849
0.111641608,335.622
0.111650905,334.724
0.111660256,336.631
0.111669554,334.710
0.111678854,334.799
0.111688149,334.630
0.111697448,334.743
0.111706773,335.720
0.111716097,335.677
0.111725420,335.616
0.111734748,335.801
0.111744079,335.935
0.111753404,335.693
0.111762704,334.796
0.111772042,336.161
0.111781368,335.741
0.111790667,334.752
0.111799965,334.721
0.111809272,335.055
0.111818596,335.667
0.111827891,334.636
0.111837220,335.835
0.111846517,334.700
0.111855813,334.643
0.111865113,334.812
0.111874448,336.043
0.111883745,334.722
0.111893061,335.342
0.111902380,335.512
0.111911676,334.637
0.111920976,334.821
0.111930274,334.703
0.111939595,335.550
0.111948895,334.808
0.111958209,335.304
0.111967536,335.780
0.111976867,335.928
0.111986192,335.673
0.111995491,334.794
0.112004798,335.054
0.112014152,336.737
0.112023452,334.789
0.112032777,335.701
0.112042073,334.642
0.112051427,336.745
0.112060722,334.650
0.112070023,334.821
0.112079347,335.679
0.112088664,335.378
0.112097997,336.010
0.112107317,335.507
0.112116641,335.667
0.112125943,334.891
0.112135241,334.725
0.112144590,336.538
0.112153934,336.399
0.112163260,335.752
0.112172583,335.607
0.112181884,334.861
0.112191198,335.283
0.112200552,336.746
0.112209847,334.638
0.112219172,335.668
0.112228498,335.751
0.112237833,336.052
0.112247159,335.736
0.112256458,334.761
0.112265755,334.721
0.112275077,335.588
0.112284378,334.822
0.112293673,334.634
0.112302971,334.724
0.112312271,334.794
0.112321567,334.642
0.112330864,334.694
0.112340188,335.690
0.112349486,334.723
0.112358784,334.728
0.112368093,335.096
0.112377388,334.635
0.112386689,334.822
0.112395986,334.701
0.112405308,335.594
0.112414608,334.810
0.112423930,335.587
0.112433241,335.186
0.112442565,335.680
0.112451890,335.711
0.112461237,336.491
0.112470538,334.814
0.112479855,335.429
0.112489181,335.711
0.112498531,336.628
0.112507827,334.639
0.112517127,334.813
0.112526449,335.585
0.112535747,334.722
0.112545047,334.796
0.112554356,335.117
0.112563679,335.644
0.112572977,334.739
0.112582297,335.507
0.112591619,335.593
0.112600946,335.770
0.112610241,334.635
0.112619565,335.644
0.112628865,334.792
0.112638205,336.250
0.112647505,334.807
0.112656811,335.013
0.112666109,334.712
0.112675460,336.635
0.112684769,335.155
0.112694113,336.374
0.112703440,335.766
0.112712758,335.447
0.112722066,335.103
0.112731374,335.067
0.112740688,335.300
0.112749986,334.746
0.112759294,335.074
0.112768618,335.667
0.112777918,334.791
0.112787213,334.653
0.112796511,334.697
0.112805835,335.693
0.112815158,335.598
0.112824506,336.542
0.112833806,334.816
0.112843115,335.115
0.112852439,335.668
0.112861765,335.742
0.112871061,334.646
0.112880409,336.540
0.112889762,336.704
0.112899060,334.713
0.112908355,334.635
0.112917656,334.821
0.112926970,335.301
0.112936323,336.720
0.112945649,335.745
0.112954972,335.603
0.112964272,334.821
0.112973594,335.591
0.112982918,335.665
0.112992249,335.906
0.113001573,335.653
0.113010869,334.669
0.113020179,335.167
0.113029477,334.708
0.113038809,335.946
0.113048162,336.729
0.113057458,334.638
0.113066758,334.817
0.113076091,335.984
0.113085415,335.670
0.113094715,334.796
0.113104011,334.643
0.113113308,334.695
0.113122606,334.742
0.113131918,335.214
0.113141236,335.471
0.113150566,335.884
0.113159862,334.638
0.113169186,335.667
0.113178488,334.873
0.113187784,334.658
0.113197085,334.816
0.113206389,334.973
0.113215706,335.398
0.113225030,335.677
0.113234339,335.117
0.113243634,334.631
0.113252961,335.761
0.113262258,334.697
0.113271586,335.780
0.113280887,334.852
0.113290183,334.674
0.113299532,336.536
0.113308857,335.726
0.113318198,336.258
0.113327530,335.948
0.113336857,335.765
0.113346154,334.694
0.113355478,335.687
0.113364786,335.092
0.113374082,334.631
0.113383382,334.817
0.113392678,334.635
0.113402002,335.667
0.113411341,336.211
0.113420638,334.678
0.113429962,335.666
0.113439287,335.729
0.113448601,335.306
0.113457897,334.640
0.113467199,334.856
0.113476494,334.653
0.113485792,334.727
0.113495093,334.827
0.113504389,334.662
0.113513716,335.770
0.113523022,335.018
0.113532320,334.715
0.113541645,335.685
0.113550943,334.735
0.113560247,334.964
0.113569548,334.838
0.113578846,334.707
0.113588168,335.596
0.113597474,335.030
0.113606770,334.639
0.113616067,334.717
0.113625373,334.988
0.113634716,336.363
0.113644072,336.828
0.113653368,334.657
0.113662666,334.698
0.113671966,334.797
0.113681263,334.719
0.113690579,335.361
0.113699879,334.816
0.113709175,334.633
0.113718494,335.492
0.113727820,335.742
0.113737142,335.600
0.113746439,334.699
0.113755767,335.804
0.113765065,334.718
0.113774387,335.594
0.113783687,334.811
0.113793027,336.211
0.113802327,334.810
0.113811634,335.038
0.113820948,335.304
0.113830304,336.846
0.113839654,336.572
0.113848952,334.727
0.113858251,334.762
0.113867589,336.185
0.113876913,335.670
0.113886215,334.871
0.113895555,336.222
0.113904850,334.649
0.113914151,334.808
0.113923465,335.315
0.113932772,335.053
0.113942070,334.729
0.113951385,335.339
0.113960693,335.076
0.113970024,335.930
0.113979337,335.279
0.113988636,334.747
0.113997957,335.557
0.114007252,334.633
0.114016553,334.810
0.114025874,335.588
0.114035198,335.666
0.114044498,334.793
0.114053820,335.592
0.114063117,334.697
0.114072442,335.696
0.114081758,335.382
0.114091057,334.733
0.114100354,334.722
0.114109670,335.371
0.114118972,334.876
0.114128296,335.666
0.114137592,334.648
0.114146919,335.761
0.114156267,336.539
0.114165565,334.722
0.114174863,334.730
0.114184161,334.720
0.114193456,334.636
0.114202786,335.864
0.114212083,334.694
0.114221405,335.590
0.114230714,335.115
0.114240053,336.232
0.114249381,335.774
0.114258702,335.585
0.114268000,334.724
0.114277300,334.795
0.114286607,335.061
0.114295931,335.645
0.114305229,334.741
0.114314527,334.711
0.114323871,336.411
0.114333198,335.763
0.114342538,336.232
0.114351836,334.747
0.114361136,334.794
0.114370476,336.223
0.114379821,336.430
0.114389153,335.939
0.114398457,334.962
0.114407784,335.761
0.114417083,334.769
0.114426426,336.359
0.114435727,334.821
0.114445051,335.653
0.114454396,336.441
0.114463706,335.142
0.114473017,335.204
0.114482326,335.107
0.114491658,335.972
0.114500982,335.674
0.114510283,334.804
0.114519588,334.988
0.114528911,335.642
0.114538236,335.692
0.114547584,336.537
0.114556880,334.633
0.114566186,335.015
0.114575509,335.663
0.114584808,334.742
0.114594134,335.746
0.114603445,335.191
0.114612742,334.696
0.114622093,336.647
0.114631436,336.339
0.114640761,335.687
0.114650059,334.721
0.114659354,334.649
0.114668666,335.220
0.114677975,335.127
0.114687291,335.380
0.114696595,334.935
0.114705890,334.638
0.114715188,334.723
0.114724513,335.684
0.114733811,334.714
0.114743132,335.583
0.114752433,334.817
0.114761746,335.263
0.114771041,334.645
0.114780370,335.816
0.114789692,335.598
0.114798992,334.816
0.114808294,334.853
0.114817593,334.777
0.114826920,335.779
0.114836216,334.656
0.114845514,334.732
0.114854813,334.765
0.114864111,334.718
0.114873434,335.619
0.114882735,334.827
0.114892073,336.201
0.114901372,334.734
0.114910672,334.797
0.114919967,334.646
0.114929285,335.455
0.114938583,334.716
0.114947882,334.742
0.114957233,336.664
0.114966532,334.738
0.114975854,335.618
0.114985155,334.823
0.114994488,336.000
0.115003810,335.592
0.115013111,334.813
0.115022406,334.640
0.115031704,334.720
0.115041004,334.812
0.115050320,335.349
0.115059646,335.748
0.115068942,334.643
0.115078256,335.316
0.115087580,335.685
0.115096878,334.711
0.115106173,334.633
0.115115474,334.812
0.115124781,335.073
0.115134079,334.723
0.115143406,335.750
0.115152701,334.643
0.115162011,335.154
0.115171309,334.739
0.115180622,335.253
0.115189917,334.641
0.115199244,335.764
0.115208566,335.587
0.115217864,334.730
0.115227165,334.823
0.115236461,334.649
0.115245761,334.805
0.115255093,335.964
0.115264433,336.236
0.115273733,334.817
0.115283055,335.572
0.115292399,336.385
0.115301703,334.966
0.115311001,334.699
0.115320296,334.647
0.115329597,334.812
0.115338908,335.197
0.115348205,334.710
0.115357505,334.785
0.115366848,336.343
0.115376184,336.092
0.115385515,335.948
0.115394839,335.650
0.115404138,334.743
0.115413462,335.667
0.115422778,335.402
0.115432131,336.712
0.115441427,334.636
0.115450751,335.670
0.115460081,335.869
0.115469392,335.209
0.115478689,334.698
0.115488007,335.445
0.115497306,334.762
0.115506604,334.712
0.115515914,335.166
0.115525236,335.614
0.115534537,334.835
0.115543846,335.097
0.115553168,335.598
0.115562468,334.808
0.115571764,334.634
0.115581075,335.223
0.115590400,335.682
0.115599697,334.716
0.115608993,334.636
0.115618296,334.924
0.115627640,336.382
0.115636936,334.645
0.115646236,334.810
0.115655575,336.205
0.115664876,334.814
0.115674180,334.971
0.115683478,334.721
0.115692778,334.789
0.115702100,335.595
0.115711397,334.690
0.115720722,335.694
0.115730019,334.715
0.115739317,334.701
0.115748618,334.835
0.115757927,335.133
0.115767225,334.729
0.115776536,335.204
0.115785886,336.578
0.115795235,336.566
0.115804533,334.737
0.115813875,336.327
0.115823173,334.730
0.115832471,334.715
0.115841766,334.633
0.115851093,335.762
0.115860417,335.649
0.115869739,335.604
0.115879039,334.816
0.115888335,334.632
0.115897655,335.516
0.115906979,335.679
0.115916292,335.250
0.115925587,334.641
0.115934914,335.766
0.115944211,334.702
0.115953507,334.649
0.115962843,336.106
0.115972159,335.362
0.115981494,336.077
0.115990801,335.024
0.116000098,334.724
0.116009398,334.796
0.116018730,335.938
0.116028027,334.698
0.116037352,335.691
0.116046695,336.342
0.116056017,335.601
0.116065318,334.852
0.116074656,336.171
0.116083955,334.744
0.116093255,334.801
0.116102551,334.644
0.116111887,336.095
0.116121182,334.636
0.116130516,336.010
0.116139814,334.734
0.116149123,335.123
0.116158418,334.634
0.116167722,334.930
0.116177019,334.701
0.116186337,335.431
0.116195641,334.966
0.116204944,334.890
0.116214243,334.767
0.116223541,334.739
0.116232866,335.700
0.116242167,334.832
0.116251473,335.028
0.116260798,335.676
0.116270099,334.870
0.116279436,336.126
0.116288732,334.658
0.116298038,335.000
0.116307334,334.645
0.116316631,334.718
0.116325932,334.811
0.116335257,335.714
0.116344555,334.714
0.116353853,334.746
0.116363151,334.714
0.116372499,336.527
0.116381825,335.759
0.116391121,334.630
0.116400447,335.765
0.116409744,334.691
0.116419040,334.644
0.116428343,334.906
0.116437653,335.161
0.116446973,335.518
0.116456298,335.689
0.116465596,334.724
0.116474891,334.626
0.116484218,335.766
0.116493568,336.601
0.116502889,335.559
0.116512190,334.839
0.116521512,335.590
0.116530812,334.820
0.116540108,334.635
0.116549432,335.669
0.116558758,335.740
0.116568054,334.644
0.116577392,336.185
0.116586717,335.689
0.116596033,335.384
0.116605331,334.711
0.116614684,336.734
0.116624001,335.409
0.116633300,334.741
0.116642600,334.832
0.116651896,334.654
0.116661194,334.704
0.116670495,334.856
0.116679839,336.364
0.116689145,335.030
0.116698444,334.750
0.116707766,335.604
0.116717067,334.833
0.116726365,334.728
0.116735661,334.645
0.116744987,335.762
0.116754297,335.126
0.116763621,335.665
0.116772945,335.668
0.116782243,334.756
0.116791564,335.530
0.116800898,336.052
0.116810214,335.373
0.116819539,335.690
0.116828863,335.652
0.116838177,335.328
0.116847504,335.766
0.116856824,335.505
0.116866148,335.661
0.116875448,334.802
0.116884783,336.070
0.116894081,334.738
0.116903382,334.806
0.116912695,335.276
0.116921990,334.638
0.116931291,334.818
0.116940586,334.638
0.116949911,335.673
0.116959210,334.794
0.116968506,334.646
0.116977806,334.812
0.116987102,334.638
0.116996419,335.400
0.117005719,334.806
0.117015052,336.011
0.117024384,335.923
0.117033684,334.814
0.117042981,334.700
0.117052339,336.893
0.117061672,335.982
0.117070983,335.184
0.117080280,334.714
0.117089605,335.686
0.117098903,334.722
0.117108256,336.699
0.117117551,334.643
0.117126875,335.647
0.117136175,334.801
0.117145499,335.680
0.117154839,336.237
0.117164141,334.867
0.117173470,335.827
0.117182770,334.806
0.117192071,334.834
0.117201367,334.649
0.117210690,335.650
0.117220041,336.647
0.117229339,334.717
0.117238687,336.530
0.117248014,335.756
0.117257355,336.272
0.117266708,336.718
0.117276005,334.696
0.117285301,334.641
0.117294601,334.815
0.117303959,336.897
0.117313270,335.186
0.117322621,336.632
0.117331919,334.720
0.117341239,335.519
0.117350564,335.696
0.117359864,334.807
0.117369166,334.872
0.117378461,334.637
0.117387759,334.729
0.117397063,334.940
0.117406421,336.899
0.117415730,335.103
0.117425030,334.805
0.117434328,334.716
0.117443650,335.588
0.117452977,335.770
0.117462289,335.262
0.117471624,336.053
0.117480921,334.697
0.117490237,335.365
0.117499537,334.812
0.117508872,336.035
0.117518169,334.716
0.117527494,335.683
0.117536791,334.710
0.117546087,334.641
0.117555417,335.880
0.117564740,335.646
0.117574088,336.506
0.117583388,334.813
0.117592684,334.635
0.117601996,335.242
0.117611320,335.677
0.117620621,334.841
0.117629976,336.749
0.117639273,334.710
0.117648619,336.446
0.117657918,334.777
0.117667217,334.743
0.117676562,336.434
0.117685863,334.848
0.117695159,334.660
0.117704457,334.722
0.117713757,334.795
0.117723053,334.643
0.117732350,334.697
0.117741657,335.056
0.117750954,334.709
0.117760262,335.059
0.117769586,335.668
0.117778908,335.589
0.117788208,334.813
0.117797505,334.696
0.117806815,335.169
0.117816121,335.004
0.117825430,335.106
0.117834727,334.712
0.117844052,335.680
0.117853349,334.721
0.117862659,335.145
0.117871960,334.845
0.117881277,335.396
0.117890609,335.958
0.117899919,335.152
0.117909234,335.365
0.117918537,334.882
0.117927832,334.637
0.117937130,334.731
0.117946457,335.746
0.117955752,334.642
0.117965049,334.695
0.117974374,335.699
0.117983672,334.714
0.117992994,335.593
0.118002294,334.822
0.118011616,335.579
0.118020925,335.125
0.118030225,334.794
0.118039537,335.242
0.118048834,334.701
0.118058134,334.776
0.118067449,335.365
0.118076774,335.668
0.118086072,334.757
0.118095404,335.933
0.118104704,334.807
0.118114001,334.698
0.118123299,334.715
0.118132626,335.783
0.118141922,334.645
0.118151220,334.725
0.118160550,335.885
0.118169904,336.740
0.118179253,336.573
0.118188554,334.835
0.118197879,335.706
0.118207205,335.720
0.118216503,334.718
0.118225798,334.638
0.118235098,334.811
0.118244394,334.630
0.118253718,335.671
0.118263018,334.796
0.118272313,334.644
0.118281637,335.646
0.118290962,335.690
0.118300286,335.664
0.118309605,335.498
0.118318905,334.816
0.118328201,334.636
0.118337509,335.102
0.118346809,334.793
0.118356122,335.271
0.118365422,334.811
0.118374747,335.668
0.118384062,335.338
0.118393413,336.640
0.118402710,334.715
0.118412032,335.592
0.118421359,335.771
0.118430656,334.695
0.118440001,336.422
0.118449305,334.942
0.118458628,335.614
0.118467952,335.674
0.118477251,334.765
0.118486568,335.406
0.118495890,335.584
0.118505199,335.147
0.118514542,336.327
0.118523867,335.712
0.118533203,336.101
0.118542500,334.669
0.118551827,335.772
0.118561135,335.111
0.118570460,335.675
0.118579760,334.796
0.118589070,335.178
0.118598394,335.652
0.118607719,335.695
0.118617045,335.765
0.118626341,334.643
0.118635641,334.815
0.118644981,336.212
0.118654281,334.813
0.118663603,335.602
0.118672919,335.376
0.118682246,335.757
0.118691564,335.463
0.118700862,334.716
0.118710191,335.850
0.118719489,334.717
0.118728821,335.957
0.118738149,335.803
0.118747455,335.019
0.118756778,335.618
0.118766079,334.848
0.118775437,336.892
0.118784764,335.765
0.118794059,334.631
0.118803377,335.438
0.118812683,335.024
0.118822005,335.591
0.118831302,334.698
0.118840627,335.691
0.118849925,334.714
0.118859249,335.663
0.118868576,335.787
0.118877887,335.204
0.118887210,335.627
0.118896537,335.753
0.118905832,334.643
0.118915142,335.130
0.118924464,335.598
0.118933762,334.723
0.118943120,336.899
0.118952442,335.583
0.118961758,335.398
0.118971085,335.766
0.118980404,335.495
0.118989723,335.484
0.118999024,334.809
0.119008320,334.656
0.119017654,336.019
0.119026952,334.756
0.119036296,336.357
0.119045605,335.130
0.119054908,334.916
0.119064234,335.732
0.119073534,334.801
0.119082833,334.753
0.119092128,334.642
0.119101432,334.946
0.119110757,335.695
0.119120056,334.751
0.119129356,334.824
0.119138689,335.958
0.119148012,335.662
0.119157312,334.773
0.119166629,335.431
0.119175951,335.588
0.119185252,334.813
0.119194573,335.585
0.119203874,334.819
0.119213171,334.699
0.119222493,335.592
0.119231820,335.760
0.119241115,334.638
0.119250413,334.716
0.119259737,335.682
0.119269035,334.719
0.119278368,335.971
0.119287671,334.914
0.119296995,335.663
0.119306303,335.107
0.119315607,334.932
0.119324903,334.644
0.119334200,334.718
0.119343499,334.739
0.119352799,334.816
0.119362099,334.808
0.119371422,335.605
0.119380719,334.697
0.119390017,334.745
0.119399315,334.719
0.119408637,335.590
0.119417971,336.010
0.119427293,335.609
0.119436605,335.215
0.119445906,334.834
0.119455216,335.187
0.119464514,334.706
0.119473813,334.772
0.119483149,336.100
0.119492448,334.762
0.119501749,334.833
0.119511045,334.670
0.119520373,335.801
0.119529670,334.701
0.119538986,335.347
0.119548287,334.850
0.119557594,335.052
0.119566892,334.731
0.119576218,335.723
0.119585542,335.674
0.119594867,335.706
0.119604199,335.930
0.119613522,335.655
0.119622818,334.642
0.119632118,334.812
0.119641440,335.588
0.119650738,334.720
0.119660062,335.679
0.119669386,335.668
0.119678694,335.087
0.119688001,335.022
0.119697340,336.224
0.119706641,334.840
0.119715939,334.714
0.119725234,334.635
0.119734561,335.768
0.119743870,335.127
0.119753194,335.670
0.119762494,334.795
0.119771805,335.201
0.119781102,334.687
0.119790401,334.740
0.119799744,336.350
0.119809078,336.024
0.119818375,334.720
0.119827671,334.633
0.119837003,335.970
0.119846303,334.807
0.119855606,334.896
0.119864909,334.915
0.119874206,334.673
0.119883504,334.724
0.119892855,336.637
0.119902152,334.711
0.119911448,334.632
0.119920748,334.820
0.119930045,334.698
0.119939377,335.936
0.119948677,334.810
0.119957989,335.244
0.119967287,334.712
0.119976585,334.725
0.119985883,334.715
0.119995182,334.792
0.120004489,335.021
0.120013786,334.698
0.120023111,335.695
0.120032408,334.717
0.120041704,334.641
0.120051004,334.809
0.120060375,337.345
0.120069673,334.718
0.120079002,335.859
0.120088326,335.654
0.120097623,334.716
0.120106950,335.751
0.120116274,335.686
0.120125584,335.146
0.120134883,334.750
0.120144178,334.639
0.120153531,336.719
0.120162853,335.576
0.120172170,335.405
0.120181501,335.915
0.120190796,334.637
0.120200094,334.714
0.120209392,334.734
0.120218731,336.201
0.120228053,335.589
0.120237387,336.037
0.120246684,334.698
0.120256006,335.595
0.120265307,334.813
0.120274602,334.634
0.120283903,334.814
0.120293198,334.639
0.120302496,334.720
0.120311796,334.789
0.120321129,336.018
0.120330429,334.772
0.120339727,334.756
0.120349025,334.725
0.120358321,334.637
0.120367621,334.822
0.120376917,334.638
0.120386215,334.726
0.120395562,336.483
0.120404858,334.663
0.120414156,334.738
0.120423455,334.755
0.120432780,335.699
0.120442078,334.732
0.120451385,335.065
0.120460681,334.635
0.120470007,335.765
0.120479316,335.104
0.120488638,335.595
0.120497938,334.804
0.120507286,336.535
0.120516584,334.708
0.120525882,334.725
0.120535206,335.669
0.120544527,335.580
0.120553835,335.067
0.120563132,334.695
0.120572435,334.925
0.120581738,334.884
0.120591060,335.615
0.120600388,335.781
0.120609684,334.670
0.120618982,334.734
0.120628335,336.705
0.120637658,335.624
0.120646956,334.724
0.120656281,335.694
0.120665606,335.699
0.120674902,334.653
0.120684268,337.187
0.120693590,335.591
0.120702914,335.669
0.120712214,334.794
0.120721545,335.939
0.120730846,334.805
0.120740141,334.639
0.120749439,334.717
0.120758771,335.940
0.120768095,335.672
0.120777411,335.397
0.120786712,334.817
0.120796009,334.704
0.120805305,334.646
0.120814632,335.769
0.120823930,334.719
0.120833229,334.769
0.120842553,335.685
0.120851867,335.312
0.120861189,335.567
0.120870490,334.833
0.120879805,335.359
0.120889130,335.700
0.120898453,335.632
0.120907775,335.590
0.120917109,336.001
0.120926417,335.085
0.120935728,335.226
0.120945055,335.775
0.120954352,334.673
0.120963676,335.663
0.120973002,335.754
0.120982343,336.276
0.120991665,335.591
0.121000992,335.772
0.121010306,335.291
0.121019606,334.810
0.121028904,334.705
0.121038219,335.352
0.121047519,334.812
0.121056815,334.637
0.121066115,334.817
0.121075440,335.693
0.121084764,335.664
0.121094083,335.464
0.121103383,334.813
0.121112707,335.652
0.121122029,335.606
0.121131356,335.758
0.121140668,335.248
0.121149995,335.762
0.121159290,334.630
0.121168588,334.710
0.121177887,334.788
0.121187183,334.653
0.121196527,336.376
0.121205852,335.696
0.121215149,334.712
0.121224445,334.637
0.121233772,335.787
0.121243068,334.649
0.121252405,336.122
0.121261757,336.693
0.121271053,334.644
0.121280360,335.070
0.121289685,335.693
0.121299001,335.349
0.121308327,335.752
0.121317652,335.690
0.121327000,336.544
0.121336300,334.810
0.121345650,336.604
0.121354946,334.649
0.121364273,335.744
0.121373596,335.632
0.121382894,334.743
0.121392192,334.738
0.121401537,336.412
0.121410833,334.657
0.121420160,335.770
0.121429485,335.681
0.121438783,334.739
0.121448116,336.003
0.121457412,334.640
0.121466712,334.813
0.121476034,335.588
0.121485332,334.716
0.121494663,335.944
0.121503978,335.328
0.121513276,334.734
0.121522576,334.776
0.121531874,334.734
0.121541221,336.490
0.121550524,334.926
0.121559820,334.644
0.121569144,335.671
0.121578470,335.749
0.121587766,334.646
0.121597102,336.102
0.121606398,334.639
0.121615722,335.663
0.121625073,336.632
0.121634371,334.722
0.121643702,335.929
0.121653033,335.911
0.121662330,334.701
0.121671652,335.593
0.121680952,334.808
0.121690264,335.214
0.121699561,334.711
0.121708859,334.731
0.121718174,335.339
0.121727474,334.786
0.121736770,334.643
0.121746084,335.313
0.121755382,334.739
0.121764706,335.660
0.121774002,334.638
0.121783302,334.821
0.121792643,336.267
0.121801943,334.805
0.121811243,334.800
0.121820560,335.418
0.121829881,335.554
0.121839180,334.743
0.121848477,334.714
0.121857824,336.498
0.121867125,334.821
0.121876438,335.257
0.121885738,334.816
0.121895035,334.700
0.121904350,335.330
0.121913650,334.810
0.121922946,334.637
0.121932270,335.660
0.121941568,334.725
0.121950878,335.161
0.121960173,334.626
0.121969500,335.772
0.121978823,335.645
0.121988119,334.646
0.121997419,334.801
0.122006735,335.367
0.122016070,336.057
0.122025394,335.687
0.122034692,334.715
0.122044027,336.077
0.122053343,335.357
0.122062643,334.792
0.122071949,335.027
0.122081248,334.758
0.122090570,335.613
0.122099876,335.019
0.122109199,335.608
0.122118497,334.736
0.122127797,334.809
0.122137094,334.674
0.122146391,334.694
0.122155689,334.742
0.122165013,335.664
0.122174319,335.011
0.122183646,335.767
0.122192968,335.588
0.122202268,334.814
0.122211566,334.708
0.122220862,334.648
0.122230198,336.105
0.122239493,334.634
0.122248812,335.471
0.122258115,334.927
0.122267462,336.483
0.122276757,334.622
0.122286061,334.953
0.122295359,334.711
0.122304655,334.656
0.122313989,336.024
0.122323301,335.227
0.122332598,334.713
0.122341923,335.686
0.122351222,334.766
0.122360575,336.704
0.122369871,334.647
0.122379168,334.694
0.122388499,335.922
0.122397823,335.668
0.122407145,335.593
0.122416498,336.722
0.122425820,335.584
0.122435142,335.573
0.122444441,334.791
0.122453737,334.638
0.122463061,335.650
0.122472385,335.694
0.122481701,335.357
0.122490999,334.733
0.122500333,336.033
0.122509629,334.630
0.122518955,335.769
0.122528282,335.750
0.122537578,334.649
0.122546882,334.967
0.122556227,336.392
0.122565548,335.565
0.122574849,334.838
0.122584167,335.444
0.122593462,334.629
0.122602789,335.772
0.122612104,335.356
0.122621404,334.769
0.122630734,335.909
0.122640032,334.716
0.122649334,334.856
0.122658629,334.636
0.122667927,334.723
0.122677233,335.020
0.122686541,335.085
0.122695838,334.697
0.122705136,334.739
0.122714434,334.712
0.122723729,334.634
0.122733035,335.011
0.122742330,334.632
0.122751679,336.551
0.122761005,335.744
0.122770301,334.642
0.122779601,334.790
0.122788904,334.928
0.122798202,334.737
0.122807554,336.644
0.122816876,335.618
0.122826172,334.634
0.122835499,335.763
0.122844796,334.701
0.122854091,334.645
0.122863396,334.975
0.122872706,335.132
0.122882003,334.717
0.122891328,335.690
0.122900637,335.123
0.122909960,335.617
0.122919287,335.786
0.122928601,335.317
0.122937909,335.078
0.122947233,335.664
0.122956529,334.639
0.122965837,335.086
0.122975143,335.024
0.122984487,336.404
0.122993814,335.742
0.123003122,335.112
0.123012433,335.179
0.123021733,334.800
0.123031031,334.732
0.123040377,336.461
0.123049704,335.768
0.123059026,335.586
0.123068349,335.655
0.123077649,334.796
0.123086963,335.305
0.123096290,335.766
0.123105623,335.989
0.123114921,334.718
0.123124272,336.629
0.123133569,334.714
0.123142865,334.638
0.123152192,335.765
0.123161542,336.602
0.123170892,336.604
0.123180220,335.797
0.123189516,334.665
0.123198814,334.731
0.123208113,334.772
0.123217429,335.373
0.123226729,334.798
0.123236025,334.646
0.123245348,335.651
0.123254673,335.692
0.123264000,335.762
0.123273296,334.649
0.123282601,335.002
0.123291923,335.587
0.123301221,334.718
0.123310521,334.795
0.123319843,335.597
0.123329166,335.639
0.123338464,334.738
0.123347798,336.004
0.123357149,336.629
0.123366473,335.669
0.123375768,334.637
0.123385121,336.713
0.123394419,334.698
0.123403714,334.643
0.123413014,334.806
0.123422310,334.633
0.123431607,334.714
0.123440905,334.731
0.123450203,334.727
0.123459539,336.068
0.123468839,334.818
0.123478136,334.699
0.123487458,335.599
0.123496792,336.019
0.123506117,335.693
0.123515420,334.895
0.123524742,335.608
0.123534067,335.682
0.123543420,336.728
0.123552779,336.919
0.123562099,335.501
0.123571424,335.720
0.123580722,334.735
0.123590042,335.507
0.123599346,334.933
0.123608677,335.934
0.123618027,336.606
0.123627327,334.798
0.123636641,335.297
0.123645969,335.806
0.123655265,334.640
0.123664562,334.707
0.123673893,335.909
0.123683192,334.758
0.123692487,334.631
0.123701814,335.772
0.123711111,334.700
0.123720424,335.271
0.123729727,334.915
0.123739070,336.341
0.123748377,335.045
0.123757731,336.743
0.123767056,335.701
0.123776409,336.706
0.123785715,335.014
0.123795012,334.698
0.123804311,334.743
0.123813620,335.127
0.123822915,334.640
0.123832215,334.811
0.123841550,336.056
0.123850848,334.717
0.123860153,334.975
0.123869470,335.433
0.123878804,335.991
0.123888105,334.855
0.123897430,335.691
0.123906761,335.932
0.123916089,335.793
0.123925403,335.298
0.123934729,335.762
0.123944027,334.702
0.123953342,335.365
0.123962643,334.811
0.123971962,335.481
0.123981285,335.659
0.123990584,334.729
0.123999883,334.797
0.124009211,335.801
0.124018541,335.859
0.124027838,334.705
0.124037160,335.603
0.124046487,335.756
0.124055782,334.636
0.124065109,335.765
0.124074405,334.633
0.124083702,334.716
0.124093055,336.704
0.124102377,335.597
0.124111689,335.216
0.124120991,334.876
0.124130289,334.716
0.124139584,334.630
0.124148884,334.814
0.124158180,334.633
0.124167513,336.011
0.124176839,335.744
0.124186135,334.648
0.124195432,334.696
0.124204757,335.690
0.124214091,336.009
0.124223389,334.730
0.124232713,335.665
0.124242036,335.646
0.124251364,335.783
0.124260661,334.705
0.124270005,336.378
0.124279324,335.487
0.124288646,335.611
0.124297944,334.709
0.124307296,336.684
0.124316648,336.656
0.124325996,336.531
0.124335322,335.759
0.124344646,335.657
0.124353945,334.741
0.124363242,334.711
0.124372564,335.589
0.124381864,334.811
0.124391160,334.635
0.124400479,335.496
0.124409779,334.794
0.124419101,335.594
0.124428398,334.693
0.124437723,335.693
0.124447021,334.719
0.124456343,335.596
0.124465643,334.817
0.124474965,335.587
0.124484265,334.809
0.124493616,336.611
0.124502930,335.338
0.124512240,335.140
0.124521562,335.584
0.124530886,335.666
0.124540237,336.657
0.124549562,335.681
0.124558858,334.647
0.124568167,335.147
0.124577491,335.668
0.124586825,336.003
0.124596178,336.717
0.124605518,336.224
0.124614844,335.755
0.124624140,334.634
0.124633437,334.720
0.124642790,336.695
0.124652098,335.074
0.124661395,334.700
0.124670698,334.929
0.124679996,334.726
0.124689292,334.637
0.124698596,334.958
0.124707891,334.629
0.124717189,334.714
0.124726515,335.742
0.124735856,336.263
0.124745190,336.029
0.124754542,336.657
0.124763883,336.289
0.124773188,334.990
0.124782486,334.726
0.124791781,334.629
0.124801082,334.815
0.124810379,334.698
0.124819710,335.935
0.124829028,335.439
0.124838326,334.712
0.124847624,334.738
0.124856923,334.758
0.124866247,335.687
0.124875570,335.618
0.124884871,334.814
0.124894185,335.314
0.124903490,334.981
0.124912800,335.151
0.124922095,334.640
0.124931396,334.818
0.124940691,334.635
0.124950015,335.665
0.124959341,335.744
0.124968673,335.936
0.124977977,334.959
0.124987277,334.781
0.124996575,334.730
0.125005874,334.763
0.125015199,335.693
0.125024494,334.634
0.125033795,334.838
0.125043120,335.684
0.125052415,334.644
0.125061746,335.913
0.125071068,335.584
0.125080389,335.545
0.125089687,334.737
0.125098985,334.718
0.125108333,336.538
0.125117640,335.054
0.125126940,334.790
0.125136262,335.601
0.125145571,335.117
0.125154866,334.632
0.125164166,334.814
0.125173462,334.634
0.125182786,335.674
0.125192086,334.787
0.125201381,334.645
0.125210705,335.651
0.125220005,334.807
0.125229316,335.197
0.125238638,335.594
0.125247992,336.724
0.125257287,334.636
0.125266597,335.136
0.125275923,335.740
0.125285235,335.246
0.125294532,334.697
0.125303858,335.715
0.125313155,334.710
0.125322453,334.729
0.125331777,335.673
0.125341093,335.346
0.125350393,334.811
0.125359690,334.698
0.125369007,335.411
0.125378339,335.945
0.125387656,335.406
0.125396981,335.714
0.125406279,334.730
0.125415578,334.762
0.125424925,336.508
0.125434252,335.773
0.125443568,335.367
0.125452902,336.017
0.125462203,334.817
0.125471561,336.900
0.125480862,334.833
0.125490181,335.493
0.125499479,334.711
0.125508805,335.744
0.125518101,334.656
0.125527398,334.695
0.125536726,335.824
0.125546024,334.714
0.125555319,334.635
0.125564620,334.818
0.125573942,335.589
0.125583249,335.071
0.125592550,334.816
0.125601872,335.596
0.125611172,334.815
0.125620494,335.592
0.125629792,334.718
0.125639090,334.730
0.125648414,335.660
0.125657730,335.390
0.125667057,335.768
0.125676389,335.946
0.125685712,335.616
0.125695013,334.852
0.125704335,335.599
0.125713662,335.750
0.125722960,334.744
0.125732284,335.678
0.125741611,335.753
0.125750907,334.648
0.125760221,335.298
0.125769519,334.740
0.125778843,335.669
0.125788139,334.642
0.125797439,334.818
0.125806761,335.580
0.125816059,334.718
0.125825358,334.792
0.125834668,335.153
0.125843992,335.652
0.125853319,335.795
0.125862663,336.381
0.125871985,335.564
0.125881285,334.816
0.125890580,334.632
0.125899907,335.763
0.125909257,336.608
0.125918573,335.363
0.125927873,334.813
0.125937169,334.635
0.125946487,335.462
0.125955787,334.796
0.125965160,337.433
0.125974456,334.642
0.125983787,335.911
0.125993111,335.668
0.126002432,335.559
0.126011759,335.764
0.126021072,335.282
0.126030373,334.819
0.126039668,334.639
0.126048966,334.716
0.126058265,334.789
0.126067561,334.647
0.126076874,335.248
0.126086178,334.959
0.126095476,334.720
0.126104785,335.136
0.126114086,334.819
0.126123381,334.631
0.126132728,336.509
0.126142058,335.856
0.126151354,334.649
0.126160677,335.646
0.126170003,335.736
0.126179301,334.715
0.126188608,335.054
0.126197908,334.810
0.126207204,334.642
0.126216531,335.771
0.126225881,336.618
0.126235203,335.589
0.126244508,334.963
0.126253804,334.681
0.126263151,336.489
0.126272479,335.810
0.126281777,334.719
0.126291099,335.590
0.126300425,335.754
0.126309723,334.694
0.126319045,335.597
0.126328343,334.724
0.126337638,334.639
0.126346965,335.769
0.126356286,335.539
0.126365583,334.714
0.126374883,334.790
0.126384214,335.936
0.126393538,335.641
0.126402863,335.690
0.126412160,334.718
0.126421456,334.634
0.126430756,334.803
0.126440059,334.919
0.126449385,335.720
0.126458685,334.805
0.126467981,334.678
0.126477305,335.655
0.126486628,335.624
0.126495971,336.348
0.126505299,335.808
0.126514675,337.527
0.126524020,336.441
0.126533349,335.821
0.126542647,334.733
0.126551969,335.611
0.126561300,335.889
0.126570596,334.658
0.126579920,335.673
0.126589254,336.026
0.126598552,334.719
0.126607904,336.701
0.126617200,334.645
0.126626524,335.648
0.126635825,334.841
0.126645122,334.714
0.126654418,334.641
0.126663718,334.814
0.126673027,335.120
0.126682325,334.714
0.126691654,335.860
0.126700977,335.605
0.126710300,335.654
0.126719599,334.740
0.126728897,334.717
0.126738218,335.590
0.126747519,334.816
0.126756841,335.591
0.126766168,335.769
0.126775490,335.601
0.126784796,335.009
0.126794102,335.030
0.126803424,335.597
0.126812722,334.715
0.126822056,336.026
0.126831380,335.664
0.126840699,335.492
0.126850000,334.807
0.126859297,334.696
0.126868592,334.642
0.126877893,334.828
0.126887207,335.299
0.126896508,334.841
0.126905814,335.000
0.126915138,335.664
0.126924441,334.911
0.126933737,334.678
0.126943035,334.708
0.126952360,335.699
0.126961684,335.668
0.126970979,334.635
0.126980280,334.816
0.126989623,336.357
0.126998920,334.713
0.127008220,334.790
0.127017542,335.594
0.127026850,335.079
0.127036148,334.737
0.127045446,334.718
0.127054765,335.486
0.127064064,334.751
0.127073385,335.583
0.127082687,334.869
0.127092021,336.022
0.127101353,335.942
0.127110680,335.756
0.127120001,335.587
0.127129299,334.711
0.127138597,334.735
0.127147942,336.422
0.127157240,334.707
0.127166541,334.845
0.127175855,335.303
0.127185176,335.577
0.127194503,335.762
0.127203844,336.261
0.127213144,334.811
0.127222466,335.579
0.127231763,334.713
0.127241089,335.737
0.127250385,334.649
0.127259682,334.699
0.127269033,336.640
0.127278346,335.237
0.127287641,334.639
0.127296941,334.815
0.127306263,335.583
0.127315613,336.581
0.127324912,334.791
0.127334208,334.656
0.127343545,336.119
0.127352866,335.562
0.127362181,335.323
0.127371505,335.686
0.127380830,335.671
0.127390127,334.720
0.127399455,335.784
0.127408752,334.707
0.127418048,334.646
0.127427375,335.763
0.127436685,335.192
0.127445994,335.113
0.127455319,335.687
0.127464643,335.671
0.127473996,336.694
0.127483301,334.990
0.127492615,335.297
0.127501913,334.738
0.127511211,334.717
0.127520527,335.380
0.127529827,334.812
0.127539122,334.633
0.127548446,335.664
0.127557746,334.799
0.127567068,335.594
0.127576392,335.643
0.127585697,334.986
0.127594995,334.709
0.127604317,335.593
0.127613638,335.566
0.127622978,336.242
0.127632288,335.149
0.127641585,334.724
0.127650882,334.676
0.127660209,335.771
0.127669567,336.896
0.127678865,334.713
0.127688189,335.682
0.127697509,335.499
0.127706804,334.635
0.127716105,334.821
0.127725402,334.699
0.127734698,334.648
0.127743998,334.810
0.127753294,334.641
0.127762618,335.668
0.127771916,334.754
0.127781250,336.010
0.127790550,334.797
0.127799846,334.647
0.127809162,335.401
0.127818487,335.691
0.127827811,335.673
0.127837107,334.635
0.127846436,335.839
0.127855735,334.763
0.127865061,335.736
0.127874409,336.551
0.127883706,334.665
0.127893016,335.185
0.127902313,334.694
0.127911612,334.763
0.127920913,334.833
0.127930250,336.129
0.127939548,334.725
0.127948873,335.695
0.127958190,335.419
0.127967512,335.589
0.127976839,335.769
0.127986170,335.933
0.127995471,334.816
0.128004768,334.698
0.128014090,335.597
0.128023390,334.806
0.128032686,334.637
0.128042032,336.451
0.128051356,335.694
0.128060681,335.667
0.128069976,334.635
0.128079285,335.115
0.128088583,334.722
0.128097916,335.989
0.128107242,335.761
0.128116538,334.635
0.128125891,336.716
0.128135222,335.924
0.128144520,334.708
0.128153819,334.794
0.128163198,337.632
0.128172511,335.255
0.128181809,334.745
0.128191130,335.556
0.128200426,334.656
0.128209727,334.829
0.128219038,335.186
0.128228347,335.118
0.128237673,335.748
0.128246969,334.648
0.128256266,334.701
0.128265617,336.642
0.128274915,334.719
0.128284213,334.731
0.128293537,335.667
0.128302885,336.545
0.128312215,335.869
0.128321539,335.666
0.128330835,334.654
0.128340136,334.823
0.128349458,335.589
0.128358755,334.715
0.128368106,336.629
0.128377430,335.654
0.128386725,334.635
0.128396026,334.831
0.128405323,334.696
0.128414630,335.039
0.128423928,334.716
0.128433223,334.635
0.128442526,334.903
0.128451857,335.907
0.128461155,334.760
0.128470482,335.746
0.128479800,335.455
0.128489110,335.169
0.128498435,335.687
0.128507732,334.713
0.128517054,335.592
0.128526355,334.816
0.128535650,334.628
0.128544960,335.152
0.128554287,335.774
0.128563601,335.307
0.128572902,334.850
0.128582198,334.626
0.128591495,334.717
0.128600793,334.729
0.128610091,334.714
0.128619413,335.583
0.128628713,334.810
0.128638033,335.506
0.128647355,335.594
0.128656664,335.143
0.128665986,335.598
0.128675308,335.592
0.128684633,335.683
0.128693974,336.285
0.128703269,334.632
0.128712606,336.108
0.128721942,336.089
0.128731248,335.028
0.128740546,334.745
0.128749884,336.146
0.128759217,335.991
0.128768552,336.073
0.128777853,334.817
0.128787179,335.750
0.128796475,334.653
0.128805798,335.644
0.128815123,335.690
0.128824421,334.716
0.128833716,334.638
0.128843043,335.762
0.128852357,335.300
0.128861684,335.761
0.128870981,334.695
0.128880276,334.647
0.128889576,334.802
0.128898872,334.638
0.128908232,336.968
0.128917561,335.850
0.128926885,335.666
0.128936205,335.490
0.128945531,335.755
0.128954828,334.694
0.128964150,335.594
0.128973451,334.834
0.128982747,334.633
0.128992047,334.820
0.129001379,335.952
0.129010680,334.817
0.129020006,335.765
0.129029341,336.028
0.129038664,335.647
0.129047962,334.740
0.129057260,334.710
0.129066555,334.639
0.129075856,334.818
0.129085151,334.622
0.129094449,334.713
0.129103804,336.788
0.129113099,334.644
0.129122423,335.647
0.129131748,335.693
0.129141064,335.369
0.129150389,335.727
0.129159687,334.711
0.129168982,334.637
0.129178316,336.011
0.129187613,334.700
0.129196909,334.640
0.129206209,334.807
0.129215504,334.636
0.129224851,336.486
0.129234149,334.735
0.129243471,335.574
0.129252792,335.560
0.129262119,335.777
0.129271462,336.324
0.129280763,334.840
0.129290088,335.700
0.129299392,334.949
0.129308694,334.865
0.129317989,334.637
0.129327288,334.745
0.129336588,334.819
0.129345884,334.646
0.129355181,334.695
0.129364480,334.783
0.129373778,334.716
0.129383073,334.634
0.129392400,335.761
0.129401737,336.144
0.129411035,334.714
0.129420361,335.740
0.129429657,334.642
0.129438954,334.699
0.129448252,334.745
0.129457577,335.667
0.129466909,335.969
0.129476237,335.800
0.129485533,334.649
0.129494860,335.776
0.129504157,334.700
0.129513475,335.449
0.129522780,334.990
0.129532076,334.635
0.129541400,335.670
0.129550725,335.691
0.129560031,335.032
0.129569354,335.634
0.129578655,334.829
0.129587970,335.336
0.129597268,334.749
0.129606592,335.666
0.129615914,335.590
0.129625215,334.818
0.129634510,334.639
0.129643808,334.714
0.129653114,335.003
0.129662409,334.649
0.129671733,335.645
0.129681032,334.749
0.129690356,335.666
0.129699678,335.592
0.129708980,334.904
0.129718276,334.655
0.129727601,335.685
0.129736902,334.831
0.129746216,335.311
0.129755570,336.726
0.129764918,336.526
0.129774232,335.305
0.129783556,335.695
0.129792854,334.720
0.129802150,334.633
0.129811455,334.984
0.129820752,334.695
0.129830066,335.309
0.129839397,335.926
0.129848708,335.183
0.129858033,335.714
0.129867332,334.763
0.129876630,334.722
0.129885935,334.970
0.129895235,334.819
0.129904532,334.695
0.129913857,335.694
0.129923206,336.561
0.129932522,335.373
0.129941829,335.041
0.129951124,334.643
0.129960471,336.474
0.129969771,334.800
0.129979093,335.604
0.129988417,335.647
0.129997715,334.743
0.130007013,334.711
0.130016371,336.886
0.130025724,336.738
0.130035020,334.642
0.130044320,334.812
0.130053628,335.072
0.130062950,335.596
0.130072250,334.809
0.130081546,334.629
0.130090870,335.664
0.130100168,334.731
0.130109492,335.679
0.130118788,334.669
0.130128089,334.834
0.130137402,335.244
0.130146722,335.529
0.130156022,334.814
0.130165337,335.324
0.130174637,334.809
0.130183962,335.693
0.130193260,334.733
0.130202586,335.748
0.130211893,335.034
0.130221190,334.699
0.130230521,335.920
0.130239845,335.669
0.130249155,335.133
0.130258455,334.818
0.130267751,334.635
0.130277061,335.161
0.130286387,335.747
0.130295683,334.655
0.130304980,334.692
0.130314305,335.693
0.130323602,334.718
0.130332954,336.640
0.130342251,334.711
0.130351546,334.633
0.130360847,334.806
0.130370170,335.644
0.130379481,335.206
0.130388800,335.481
0.130398119,335.485
0.130407428,335.104
0.130416726,334.757
0.130426025,334.761
0.130435321,334.636
0.130444621,334.820
0.130453919,334.700
0.130463266,336.496
0.130472566,334.815
0.130481862,334.637
0.130491159,334.718
0.130500484,335.682
0.130509808,335.667
0.130519108,334.794
0.130528403,334.645
0.130537721,335.424
0.130547025,334.959
0.130556335,335.163
0.130565631,334.636
0.130574936,334.977
0.130584253,335.425
0.130593601,336.513
0.130602930,335.848
0.130612225,334.643
0.130621549,335.643
0.130630847,334.743
0.130640154,335.049
0.130649453,334.776
0.130658752,334.736
0.130668048,334.675
0.130677386,336.174
0.130686684,334.724
0.130695981,334.688
0.130705335,336.744
0.130714657,335.598
0.130723956,334.740
0.130733254,334.756
0.130742552,334.723
0.130751874,335.588
0.130761201,335.763
0.130770517,335.389
0.130779823,335.012
0.130789133,335.164
0.130798474,336.255
0.130807774,334.826
0.130817095,335.537
0.130826419,335.670
0.130835719,334.797
0.130845041,335.596
0.130854338,334.701
0.130863663,335.697
0.130873005,336.293
0.130882301,334.664
0.130891628,335.787
0.130900986,336.890
0.130910284,334.720
0.130919610,335.746
0.130928925,335.309
0.130938244,335.499
0.130947540,334.662
0.130956838,334.736
0.130966144,335.017
0.130975467,335.607
0.130984789,335.598
0.130994089,334.814
0.131003387,334.703
0.131012709,335.596
0.131022009,334.800
0.131031331,335.590
0.131040640,335.126
0.131049991,336.638
0.131059315,335.667
0.131068641,335.739
0.131077963,335.598
0.131087260,334.701
0.131096559,334.734
0.131105859,334.826
0.131115182,335.599
0.131124482,334.817
0.131133778,334.642
0.131143076,334.726
0.131152402,335.745
0.131161724,335.603
0.131171021,334.694
0.131180346,335.692
0.131189670,335.656
0.131198965,334.642
0.131208266,334.815
0.131217562,334.647
0.131226897,336.086
0.131236222,335.682
0.131245518,334.649
0.131254818,334.810
0.131264138,335.524
0.131273451,335.256
0.131282749,334.734
0.131292069,335.542
0.131301365,334.640
0.131310718,336.716
0.131320015,334.695
0.131329337,335.600
0.131338640,334.904
0.131347999,336.903
0.131357296,334.714
0.131366647,336.639
0.131375981,336.011
0.131385281,334.790
0.131394603,335.598
0.131403900,334.696
0.131413225,335.685
0.131422522,334.714
0.131431818,334.644
0.131441145,335.757
0.131450454,335.155
0.131459752,334.719
0.131469052,334.798
0.131478374,335.592
0.131487672,334.708
0.131496990,335.462
0.131506289,334.749
0.131515584,334.631
0.131524886,334.872
0.131534209,335.627
0.131543509,334.822
0.131552833,335.657
0.131562129,334.647
0.131571458,335.856
0.131580767,335.105
0.131590065,334.725
0.131599394,335.863
0.131608713,335.492
0.131618021,335.063
0.131627321,334.805
0.131636618,334.696
0.131645914,334.646
0.131655214,334.809
0.131664553,336.213
0.131673854,334.815
0.131683228,337.479
0.131692569,336.262
0.131701895,335.747
0.131711227,335.938
0.131720524,334.698
0.131729880,336.814
0.131739192,335.232
0.131748487,334.636
0.131757814,335.761
0.131767109,334.636
0.131776407,334.729
0.131785708,334.836
0.131795030,335.600
0.131804333,334.897
0.131813629,334.653
0.131822927,334.722
0.131832251,335.682
0.131841600,336.564
0.131850896,334.637
0.131860229,335.979
0.131869548,335.513
0.131878867,335.460
0.131888197,335.899
0.131897493,334.642
0.131906802,335.135
0.131916107,334.980
0.131925421,335.298
0.131934727,334.998
0.131944027,334.815
0.131953351,335.656
0.131962684,335.995
0.131971982,334.714
0.131981346,337.123
0.131990653,335.042
0.131999948,334.632
0.132009260,335.230
0.132018564,334.958
0.132027860,334.648
0.132037166,334.990
0.132046509,336.360
0.132055809,334.814
0.132065106,334.679
0.132074441,336.062
0.132083737,334.672
0.132093038,334.839
0.132102363,335.685
0.132111660,334.674
0.132120987,335.777
0.132130283,334.667
0.132139581,334.717
0.132148879,334.731
0.132158177,334.724
0.132167472,334.635
0.132176799,335.761
0.132186096,334.701
0.132195392,334.645
0.132204726,336.020
0.132214021,334.642
0.132223319,334.714
0.132232643,335.686
0.132241941,334.715
0.132251237,334.636
0.132260537,334.816
0.132269837,334.786
0.132279137,334.804
0.132288435,334.737
0.132297750,335.344
0.132307077,335.771
0.132316384,335.061
0.132325703,335.484
0.132335012,335.123
0.132344310,334.736
0.132353661,336.611
0.132362959,334.746
0.132372257,334.722
0.132381564,335.036
0.132390865,334.861
0.132400188,335.620
0.132409512,335.669
0.132418839,335.778
0.132428136,334.677
0.132437463,335.777
0.132446785,335.594
0.132456098,335.265
0.132465429,335.902
0.132474726,334.717
0.132484022,334.635
0.132493322,334.815
0.132502648,335.741
0.132511971,335.611
0.132521324,336.725
0.132530646,335.589
0.132539970,335.668
0.132549269,334.734
0.132558566,334.717
0.132567892,335.739
0.132577215,335.598
0.132586512,334.700
0.132595810,334.744
0.132605126,335.367
0.132614422,334.664
0.132623749,335.774
0.132633072,335.629
0.132642371,334.741
0.132651671,334.801
0.132660966,334.650
0.132670263,334.692
0.132679588,335.691
0.132688886,334.707
0.132698207,335.570
0.132707507,334.814
0.132716848,336.246
0.132726148,334.817
0.132735448,334.796
0.132744744,334.657
0.132754071,335.767
0.132763378,335.075
0.132772702,335.665
0.132782001,334.733
0.132791347,336.460
0.132800695,336.539
0.132809996,334.821
0.132819313,335.420
0.132828635,335.606
0.132837970,336.071
0.132847293,335.596
0.132856619,335.764
0.132865967,336.498
0.132875280,335.274
0.132884606,335.757
0.132893942,336.083
0.132903266,335.666
0.132912564,334.741
0.132921862,334.714
0.132931158,334.643
0.132940485,335.775
0.132949780,334.638
0.132959078,334.715
0.132968407,335.851
0.132977720,335.284
0.132987021,334.833
0.132996343,335.584
0.133005641,334.718
0.133014966,335.690
0.133024314,336.543
0.133033636,335.586
0.133042963,335.770
0.133052260,334.692
0.133061579,335.478
0.133070879,334.812
0.133080189,335.178
0.133089512,335.597
0.133098838,335.754
0.133108155,335.390
0.133117476,335.583
0.133126772,334.646
0.133136069,334.701
0.133145394,335.685
0.133154716,335.612
0.133164056,336.235
0.133173358,334.852
0.133182662,334.945
0.133191960,334.748
0.133201264,334.925
0.133210560,334.657
0.133219857,334.702
0.133229155,334.742
0.133238453,334.721
0.133247785,335.931
0.133257112,335.773
0.133266443,335.932
0.133275779,336.083
0.133285076,334.693
0.133294372,334.647
0.133303672,334.815
0.133312967,334.631
0.133322265,334.716
0.133331616,336.633
0.133340940,335.671
0.133350258,335.448
0.133359558,334.812
0.133368856,334.699
0.133378175,335.506
0.133387502,335.760
0.133396840,336.183
0.133406138,334.710
0.133415436,334.734
0.133424760,335.674
0.133434122,337.036
0.133443420,334.707
0.133452749,335.867
0.133462079,335.865
0.133471378,334.748
0.133480695,335.440
0.133489997,334.850
0.133499319,335.614
0.133508680,336.977
0.133518007,335.771
0.133527303,334.671
0.133536627,335.654
0.133545925,334.739
0.133555249,335.667
0.133564555,335.020
0.133573853,334.714
0.133583149,334.638
0.133592475,335.763
0.133601772,334.694
0.133611094,335.593
0.133620399,334.955
0.133629708,335.119
0.133639005,334.709
0.133648303,334.734
0.133657627,335.666
0.133666925,334.726
0.133676254,335.828
0.133685614,336.981
0.133694939,335.705
0.133704263,335.660
0.133713604,336.267
0.133722934,335.864
0.133732229,334.646
0.133741528,334.746
0.133750829,334.825
0.133760125,334.654
0.133769422,334.698
0.133778720,334.750
0.133788040,335.493
0.133797359,335.496
0.133806686,335.766
0.133815981,334.637
0.133825305,335.669
0.133834605,334.798
0.133843928,335.602
0.133853228,334.815
0.133862523,334.635
0.133871864,336.264
0.133881169,334.983
0.133890503,336.008
0.133899827,335.677
0.133909138,335.179
0.133918475,336.154
0.133927771,334.640
0.133937081,335.149
0.133946376,334.632
0.133955700,335.671
0.133965025,335.682
0.133974322,334.717
0.133983675,336.702
0.133992997,335.590
0.134002301,334.950
0.134011662,336.976
0.134020960,334.731
0.134030276,335.401
0.134039630,336.721
0.134048947,335.426
0.134058295,336.513
0.134067597,334.898
0.134076893,334.652
0.134086227,335.993
0.134095551,335.698
0.134104849,334.721
0.134114165,335.358
0.134123463,334.748
0.134132759,334.648
0.134142113,336.728
0.134151424,335.216
0.134160748,335.665
0.134170046,334.730
0.134179395,336.551
0.134188696,334.834
0.134197993,334.681
0.134207290,334.723
0.134216616,335.717
0.134225914,334.718
0.134235230,335.389
0.134244557,335.767
0.134253852,334.637
0.134263172,335.520
0.134272472,334.790
0.134281809,336.137
0.134291106,334.701
0.134300431,335.689
0.134309774,336.361
0.134319070,334.634
0.134328370,334.814
0.134337666,334.638
0.134346966,334.817
0.134356263,334.699
0.134365562,334.742
0.134374916,336.746
0.134384224,335.077
0.134393562,336.176
0.134402891,335.844
0.134412236,336.437
0.134421556,335.494
0.134430856,334.812
0.134440153,334.702
0.134449449,334.640
0.134458757,335.113
0.134468067,335.130
0.134477368,334.859
0.134486664,334.638
0.134495988,335.673
0.134505314,335.746
0.134514610,334.652
0.134523934,335.645
0.134533264,335.902
0.134542585,335.534
0.134551907,335.591
0.134561211,334.947
0.134570521,335.165
0.134579845,335.664
0.134589171,335.756
0.134598486,335.331
0.134607783,334.690
0.134617081,334.742
0.134626382,334.806
0.134635706,335.687
0.134645015,335.098
0.134654310,334.631
0.134663617,335.060
0.134672914,334.699
0.134682231,335.409
0.134691535,334.951
0.134700853,335.443
0.134710177,335.668
0.134719502,335.683
0.134728838,336.084
0.134738164,335.738
0.134747474,335.159
0.134756789,335.343
0.134766115,335.737
0.134775423,335.089
0.134784745,335.589
0.134794046,334.846
0.134803369,335.614
0.134812687,335.470
0.134821988,334.826
0.134831307,335.497
0.134840604,334.697
0.134849929,335.697
0.134859248,335.479
0.134868544,334.635
0.134877847,334.907
0.134887145,334.735
0.134896470,335.697
0.134905770,334.829
0.134915066,334.647
0.134924366,334.810
0.134933672,334.991
0.134942986,335.325
0.134952311,335.683
0.134961608,334.711
0.134970925,335.379
0.134980245,335.532
0.134989558,335.269
0.134998903,336.426
0.135008205,334.861
0.135017501,334.652
0.135026799,334.732
0.135036124,335.717
0.135045442,335.444
0.135054790,336.531
0.135064118,335.788
0.135073416,334.725
0.135082715,334.769
0.135092013,334.725
0.135101308,334.636
0.135110615,335.058
0.135119937,335.583
0.135129261,335.653
0.135138565,334.940
0.135147883,335.471
0.135157180,334.703
0.135166480,334.769
0.135175831,336.641
0.135185153,335.595
0.135194454,334.843
0.135203749,334.636
0.135213047,334.717
0.135222373,335.745
0.135231705,335.942
0.135241005,334.808
0.135250337,335.929
0.135259634,334.717
0.135268932,334.729
0.135278243,335.180
0.135287567,335.667
0.135296896,335.823
0.135306219,335.646
0.135315554,336.068
0.135324908,336.741
0.135334230,335.593
0.135343528,334.712
0.135352826,334.740
0.135362124,334.711
0.135371432,335.089
0.135380730,334.730
0.135390043,335.288
0.135399368,335.690
0.135408665,334.711
0.135417997,335.935
0.135427324,335.759
0.135436619,334.637
0.135445917,334.717
0.135455216,334.787
0.135464512,334.644
0.135473836,335.645
0.135483141,335.006
0.135492439,334.715
0.135501734,334.636
0.135511062,335.784
0.135520376,335.298
0.135529677,334.863
0.135539001,335.652
0.135548297,334.655
0.135557650,336.711
0.135566946,334.650
0.135576279,335.991
0.135585582,334.926
0.135594881,334.731
0.135604176,334.639
0.135613503,335.778
0.135622803,334.779
0.135632109,335.044
0.135641438,335.815
0.135650733,334.637
0.135660096,337.051
0.135669401,334.991
0.135678699,334.720
0.135687998,334.786
0.135697320,335.589
0.135706618,334.700
0.135715916,334.739
0.135725213,334.712
0.135734509,334.634
0.135743809,334.821
0.135753119,335.135
0.135762416,334.718
0.135771716,334.793
0.135781012,334.646
0.135790320,335.096
0.135799618,334.736
0.135808942,335.665
0.135818238,334.631
0.135827538,334.815
0.135836833,334.629
0.135846186,336.678
0.135855494,335.109
0.135864791,334.688
0.135874094,334.917
0.135883391,334.674
0.135892710,335.500
0.135902035,335.686
0.135911333,334.718
0.135920651,335.465
0.135929951,334.817
0.135939285,336.000
0.135948580,334.645
0.135957881,334.816
0.135967176,334.636
0.135976474,334.710
0.135985781,335.059
0.135995141,336.971
0.136004449,335.069
0.136013755,335.036
0.136023099,336.379
0.136032404,334.958
0.136041701,334.714
0.136051023,335.584
0.136060350,335.768
0.136069645,334.632
0.136078967,335.570
0.136088267,334.795
0.136097562,334.647
0.136106859,334.696
0.136116161,334.858
0.136125460,334.750
0.136134756,334.671
0.136144057,334.827
0.136153371,335.304
0.136162698,335.778
0.136171995,334.704
0.136181291,334.642
0.136190617,335.760
0.136199976,336.894
0.136209273,334.717
0.136218576,334.886
0.136227895,335.495
0.136237203,335.078
0.136246532,335.870
0.136255830,334.702
0.136265178,336.523
0.136274478,334.806
0.136283791,335.275
0.136293091,334.816
0.136302387,334.638
0.136311685,334.718
0.136320985,334.807
0.136330332,336.482
0.136339629,334.695
0.136348933,334.942
0.136358239,335.041
0.136367562,335.620
0.136376873,335.180
0.136386195,335.615
0.136395566,337.350
0.136404869,334.916
0.136414193,335.639
0.136423502,335.147
0.136432807,334.982
0.136442106,334.749
0.136451441,336.057
0.136460763,335.615
0.136470086,335.620
0.136479414,335.790
0.136488711,334.700
0.136498033,335.599
0.136507334,334.813
0.136516629,334.647
0.136525927,334.707
0.136535258,335.922
0.136544556,334.724
0.136553852,334.666
0.136563180,335.815
0.136572477,334.699
0.136581802,335.695
0.136591100,334.714
0.136600422,335.583
0.136609778,336.831
0.136619086,335.069
0.136628410,335.673
0.136637710,334.803
0.136647019,335.133
0.136656316,334.697
0.136665641,335.692
0.136674954,335.267
0.136684285,335.909
0.136693588,334.910
0.136702927,336.210
0.136712225,334.724
0.136721522,334.686
0.136730836,335.317
0.136740172,336.107
0.136749530,336.888
0.136758843,335.252
0.136768145,334.863
0.136777492,336.487
0.136786810,335.455
0.136796110,334.818
0.136805407,334.701
0.136814727,335.517
0.136824054,335.760
0.136833369,335.325
0.136842702,336.017
0.136852008,334.985
0.136861306,334.737
0.136870606,334.804
0.136879912,335.024
0.136889236,335.652
0.136898561,335.696
0.136907885,335.667
0.136917181,334.648
0.136926512,335.933
0.136935870,336.888
0.136945206,336.089
0.136954553,336.513
0.136963850,334.666
0.136973183,335.996
0.136982483,334.787
0.136991781,334.742
0.137001106,335.691
0.137010403,334.720
0.137019699,334.628
0.137029052,336.714
0.137038372,335.539
0.137047690,335.444
0.137056995,334.987
0.137066317,335.584
0.137075615,334.716
0.137084922,335.058
0.137094258,336.107
0.137103590,335.931
0.137112890,334.808
0.137122205,335.346
0.137131503,334.738
0.137140801,334.712
0.137150096,334.630
0.137159397,334.811
0.137168718,335.581
0.137178063,336.416
0.137187416,336.695
0.137196711,334.642
0.137206031,335.516
0.137215356,335.689
0.137224680,335.659
0.137234027,336.501
0.137243355,335.801
0.137252695,336.228
0.137262022,335.769
0.137271319,334.702
0.137280634,335.345
0.137289963,335.854
0.137299285,335.588
0.137308583,334.710
0.137317881,334.740
0.137327218,336.149
0.137336539,335.556
0.137345870,335.903
0.137355167,334.704
0.137364488,335.543
0.137373796,335.098
0.137383092,334.634
0.137392389,334.716
0.137401741,336.641
0.137411038,334.714
0.137420364,335.744
0.137429686,335.597
0.137439010,335.654
0.137448309,334.746
0.137457619,335.167
0.137466914,334.639
0.137476241,335.764
0.137485578,336.113
0.137494875,334.715
0.137504218,336.343
0.137513516,334.713
0.137522823,335.078
0.137532140,335.401
0.137541438,334.736
0.137550737,334.767
0.137560035,334.725
0.137569347,335.231
0.137578674,335.765
0.137587986,335.219
0.137597282,334.655
0.137606586,334.949
0.137615895,335.112
0.137625192,334.717
0.137634543,336.628
0.137643867,335.669
0.137653189,335.583
0.137662516,335.764
0.137671813,334.705
0.137681118,334.986
0.137690445,335.762
0.137699740,334.629
0.137709075,336.053
0.137718370,334.634
0.137727684,335.281
0.137736984,334.797
0.137746280,334.656
0.137755591,335.206
0.137764942,336.639
0.137774262,335.514
0.137783557,334.640
0.137792899,336.310
0.137802214,335.320
0.137811539,335.713
0.137820866,335.756
0.137830164,334.752
0.137839493,335.818
0.137848799,335.017
0.137858124,335.696
0.137867455,335.943
0.137876753,334.720
0.137886076,335.614
0.137895381,334.990
0.137904678,334.692
0.137914000,335.600
0.137923306,335.018
0.137932617,335.193
0.137941941,335.670
0.137951266,335.679
0.137960582,335.381
0.137969882,334.794
0.137979187,334.982
0.137988510,335.646
0.137997835,335.697
0.138007133,334.720
0.138016476,336.342
0.138025803,335.763
0.138035111,335.103
0.138044448,336.145
0.138053752,334.923
0.138063094,336.317
0.138072394,334.807
0.138081719,335.692
0.138091063,336.399
0.138100362,334.763
0.138109696,336.017
0.138119008,335.238
0.138128335,335.760
0.138137632,334.700
0.138146928,334.641
0.138156229,334.842
0.138165525,334.664
0.138174845,335.507
0.138184153,335.096
0.138193487,336.031
0.138202819,335.934
0.138212146,335.790
0.138221443,334.702
0.138230766,335.603
0.138240075,335.121
0.138249388,335.278
0.138258715,335.769
0.138268010,334.637
0.138277308,334.714
0.138286608,334.797
0.138295915,335.061
0.138305212,334.697
0.138314512,334.803
0.138323837,335.691
0.138333133,334.644
0.138342434,334.829
0.138351738,334.955
0.138361037,334.755
0.138370363,335.752
0.138379659,334.646
0.138388966,335.076
0.138398265,334.745
0.138407563,334.717
0.138416861,334.730
0.138426211,336.614
0.138435526,335.322
0.138444852,335.767
0.138454150,334.699
0.138463445,334.644
0.138472749,334.938
0.138482057,335.098
0.138491355,334.708
0.138500679,335.682
0.138510013,336.020
0.138519333,335.497
0.138528659,335.764
0.138537983,335.652
0.138547289,334.999
0.138556615,335.760
0.138565913,334.705
0.138575240,335.789
0.138584535,334.631
0.138593833,334.724
0.138603133,334.802
0.138612455,335.597
0.138621794,336.199
0.138631119,335.702
0.138640466,336.477
0.138649812,336.468
0.138659114,334.849
0.138668429,335.341
0.138677753,335.663
0.138687079,335.750
0.138696375,334.645
0.138705675,334.815
0.138714981,335.002
0.138724279,334.723
0.138733610,335.932
0.138742944,336.013
0.138752260,335.403
0.138761561,334.819
0.138770858,334.697
0.138780203,336.430
0.138789504,334.819
0.138798799,334.638
0.138808100,334.812
0.138817451,336.638
0.138826784,336.010
0.138836084,334.793
0.138845380,334.653
0.138854677,334.696
0.138863976,334.741
0.138873273,334.712
0.138882615,336.321
0.138891916,334.815
0.138901224,335.089
0.138910523,334.757
0.138919823,334.796
0.138929118,334.646
0.138938439,335.529
0.138947763,335.693
0.138957061,334.712
0.138966356,334.635
0.138975658,334.880
0.138984954,334.641
0.138994252,334.715
0.139003578,335.745
0.139012873,334.639
0.139022174,334.816
0.139031496,335.585
0.139040793,334.717
0.139050094,334.802
0.139059418,335.682
0.139068714,334.640
0.139078040,335.768
0.139087391,336.603
0.139096713,335.597
0.139106013,334.808
0.139115324,335.196
0.139124646,335.611
0.139133944,334.729
0.139143268,335.665
0.139152621,336.693
0.139161917,334.640
0.139171256,336.220
0.139180558,334.860
0.139189856,334.741
0.139199167,335.202
0.139208495,335.794
0.139217804,335.112
0.139227101,334.720
0.139236427,335.744
0.139245723,334.653
0.139255047,335.644
0.139264372,335.695
0.139273669,334.715
0.139282991,335.565
0.139292299,335.113
0.139301596,334.680
0.139310897,334.828
0.139320221,335.682
0.139329553,335.958
0.139338887,335.999
0.139348183,334.669
0.139357481,334.731
0.139366806,335.687
0.139376130,335.688
0.139385450,335.494
0.139394777,335.766
0.139404074,334.705
0.139413370,334.645
0.139422670,334.807
0.139431965,334.641
0.139441263,334.718
0.139450562,334.744
0.139459866,334.961
0.139469221,336.781
0.139478543,335.600
0.139487841,334.700
0.139497139,334.737
0.139506436,334.715
0.139515732,334.638
0.139525033,334.822
0.139534354,335.585
0.139543681,335.766
0.139553008,335.759
0.139562319,335.218
0.139571617,334.723
0.139580924,335.032
0.139590221,334.712
0.139599555,336.017
0.139608879,335.666
0.139618237,336.890
0.139627590,336.713
0.139636887,334.697
0.139646204,335.412
0.139655505,334.808
0.139664800,334.633
0.139674120,335.536
0.139683472,336.638
0.139692769,334.717
0.139702065,334.633
0.139711391,335.755
0.139720688,334.689
0.139730004,335.383
0.139739306,334.862
0.139748632,335.731
0.139757961,335.845
0.139767284,335.623
0.139776597,335.271
0.139785926,335.848
0.139795222,334.656
0.139804533,335.186
0.139813862,335.841
0.139823180,335.478
0.139832500,335.512
0.139841800,334.812
0.139851122,335.585
0.139860420,334.726
0.139869720,334.794
0.139879034,335.286
0.139888343,335.141
0.139897639,334.642
0.139906953,335.303
0.139916277,335.683
0.139925575,334.718
0.139934870,334.634
0.139944197,335.763
0.139953543,336.464
0.139962839,334.644
0.139972139,334.804
0.139981449,335.170
0.139990773,335.660
0.140000105,335.942
0.140009429,335.680
0.140018735,334.991
0.140028064,335.842
0.140037388,335.664
0.140046739,336.641
0.140056061,335.588
0.140065404,336.351
0.140074704,334.821
0.140084036,335.927
0.140093333,334.721
0.140102659,335.742
0.140111955,334.640
0.140121252,334.695
0.140130577,335.687
0.140139920,336.350
0.140149215,334.638
0.140158542,335.763
0.140167856,335.304
0.140177164,335.095
0.140186488,335.642
0.140195783,334.645
0.140205110,335.756
0.140214418,335.084
0.140223715,334.710
0.140233013,334.729
0.140242311,334.716
0.140251606,334.633
0.140260933,335.759
0.140270233,334.798
0.140279529,334.656
0.140288850,335.574
0.140298146,334.654
0.140307479,335.986
0.140316811,335.946
0.140326127,335.366
0.140335427,334.798
0.140344723,334.645
0.140354020,334.697
0.140363351,335.911
0.140372648,334.715
0.140381996,336.537
0.140391297,334.818
0.140400619,335.590
0.140409940,335.572
0.140419267,335.745
0.140428562,334.645
0.140437859,334.689
0.140447166,335.038
0.140456490,335.666
0.140465814,335.686
0.140475112,334.707
0.140484407,334.636
0.140493734,335.773
0.140503058,335.650
0.140512368,335.176
0.140521698,335.856
0.140531034,336.094
0.140540331,334.716
0.140549656,335.688
0.140558954,334.722
0.140568250,334.647
0.140577614,337.116
0.140586931,335.409
0.140596256,335.700
0.140605554,334.720
0.140614868,335.326
0.140624169,334.817
0.140633489,335.518
0.140642801,335.257
0.140652101,334.790
0.140661397,334.641
0.140670720,335.653
0.140680045,335.691
0.140689379,336.008
0.140698674,334.636
0.140708001,335.773
0.140717297,334.638
0.140726647,336.598
0.140735947,334.820
0.140745279,335.935
0.140754579,334.808
0.140763894,335.357
0.140773220,335.707
0.140782548,335.812
0.140791859,335.195
0.140801155,334.660
0.140810455,334.825
0.140819775,335.501
0.140829071,334.664
0.140838392,335.535
0.140847709,335.420
0.140857007,334.732
0.140866306,334.765
0.140875623,335.417
0.140884919,334.650
0.140894246,335.773
0.140903543,334.700
0.140912841,334.739
0.140922139,334.718
0.140931461,335.585
0.140940788,335.774
0.140950083,334.629
0.140959417,336.014
0.140968743,335.754
0.140978053,335.157
0.140987351,334.701
0.140996650,334.794
0.141005951,334.815
0.141015247,334.644
0.141024547,334.824
0.141033843,334.636
0.141043140,334.713
0.141052467,335.746
0.141061781,335.320
0.141071089,335.092
0.141080395,335.023
0.141089693,334.714
0.141099017,335.685
0.141108342,335.672
0.141117637,334.642
0.141126943,335.005
0.141136241,334.712
0.141145559,335.482
0.141154860,334.812
0.141164171,335.194
0.141173506,336.076
0.141182805,334.742
0.141192103,334.746
0.141201425,335.603
0.141210726,334.826
0.141220050,335.677
0.141229376,335.722
0.141238674,334.717
0.141247971,334.715
0.141257273,334.845
0.141266581,335.087
0.141275878,334.719
0.141285231,336.693
0.141294541,335.161
0.141303838,334.697
0.141313136,334.739
0.141322460,335.662
0.141331781,335.555
0.141341135,336.725
0.141350448,335.282
0.141359775,335.763
0.141369098,335.615
0.141378440,336.319
0.141387776,336.111
0.141397104,335.786
0.141406402,334.747
0.141415709,335.034
0.141425034,335.697
0.141434330,334.668
0.141443630,334.820
0.141452948,335.420
0.141462269,335.555
0.141471569,334.817
0.141480882,335.261
0.141490209,335.767
0.141499559,336.616
0.141508858,334.739
0.141518158,334.804
0.141527480,335.598
0.141536803,335.646
0.141546102,334.739
0.141555435,336.009
0.141564767,335.928
0.141574097,335.879
0.141583428,335.929
0.141592726,334.721
0.141602078,336.695
0.141611392,335.283
0.141620719,335.792
0.141630041,335.591
0.141639339,334.713
0.141648663,335.682
0.141657999,336.100
0.141667295,334.634
0.141676622,335.774
0.141685945,335.618
0.141695241,334.669
0.141704541,334.816
0.141713863,335.592
0.141723161,334.714
0.141732493,335.955
0.141741846,336.693
0.141751172,335.752
0.141760468,334.654
0.141769765,334.697
0.141779064,334.743
0.141788386,335.604
0.141797702,335.370
0.141807002,334.819
0.141816310,335.092
0.141825608,334.713
0.141834908,334.789
0.141844203,334.646
0.141853513,335.149
0.141862812,334.746
0.141872136,335.669
0.141881456,335.538
0.141890757,334.816
0.141900069,335.245
0.141909396,335.770
0.141918720,335.650
0.141928032,335.248
0.141937359,335.760
0.141946681,335.618
0.141955982,334.806
0.141965306,335.693
0.141974605,334.759
0.141983925,335.528
0.141993254,335.818
0.142002551,334.706
0.142011847,334.651
0.142021154,335.064
0.142030450,334.634
0.142039758,335.083
0.142049056,334.737
0.142058380,335.669
0.142067706,335.750
0.142077012,335.010
0.142086336,335.647
0.142095641,334.988
0.142104939,334.720
0.142114282,336.347
0.142123582,334.817
0.142132904,335.586
0.142142225,335.543
0.142151524,334.789
0.142160846,335.596
0.142170143,334.693
0.142179442,334.740
0.142188756,335.314
0.142198104,336.533
0.142207431,335.773
0.142216727,334.631
0.142226035,335.112
0.142235342,335.042
0.142244639,334.685
0.142253944,334.972
0.142263240,334.673
0.142272538,334.727
0.142281837,334.762
0.142291162,335.696
0.142300457,334.638
0.142309788,335.903
0.142319086,334.725
0.142328407,335.543
0.142337733,335.763
0.142347029,334.636
0.142356356,335.766
0.142365677,335.582
0.142374994,335.399
0.142384294,334.791
0.142393614,335.530
0.142402938,335.650
0.142412236,334.738
0.142421533,334.715
0.142430851,335.425
0.142440156,334.975
0.142449473,335.406
0.142458770,334.716
0.142468096,335.745
0.142477394,334.715
0.142486718,335.673
0.142496026,335.075
0.142505370,336.402
0.142514696,335.714
0.142524046,336.589
0.142533389,336.359
0.142542690,334.834
0.142551987,334.703
0.142561305,335.436
0.142570605,334.810
0.142579915,335.145
0.142589212,334.719
0.142598516,334.946
0.142607814,334.715
0.142617134,335.528
0.142626461,335.768
0.142635758,334.700
0.142645081,335.595
0.142654381,334.818
0.142663676,334.632
0.142672977,334.810
0.142682283,335.010
0.142691580,334.715
0.142700887,335.033
0.142710194,335.076
0.142719494,334.788
0.142728819,335.701
0.142738153,336.010
0.142747475,335.593
0.142756778,334.928
0.142766074,334.634
0.142775398,335.665
0.142784724,335.763
0.142794047,335.610
0.142803347,334.822
0.142812679,335.944
0.142821977,334.714
0.142831328,336.641
0.142840626,334.717
0.142849921,334.638
0.142859222,334.818
0.142868519,334.701
0.142877837,335.437
0.142887137,334.810
0.142896432,334.630
0.142905730,334.713
0.142915028,334.738
0.142924388,336.974
0.142933709,335.546
0.142943010,334.821
0.142952307,334.692
0.142961607,334.800
0.142970905,334.733
0.142980200,334.633
0.142989501,334.818
0.142998822,335.581
0.143008162,336.222
0.143017494,335.948
0.143026816,335.597
0.143036113,334.700
0.143045416,334.884
0.143054713,334.715
0.143064027,335.283
0.143073354,335.805
0.143082693,336.201
0.143091992,334.740
0.143101319,335.790
0.143110633,335.290
0.143119933,334.817
0.143129239,335.009
0.143138537,334.720
0.143147861,335.685
0.143157159,334.717
0.143166454,334.631
0.143175755,334.805
0.143185052,334.689
0.143194347,334.646
0.143203677,335.866
0.143212987,335.181
0.143222285,334.728
0.143231584,334.738
0.143240881,334.718
0.143250229,336.510
0.143259529,334.815
0.143268871,336.302
0.143278196,335.695
0.143287494,334.713
0.143296789,334.634
0.143306089,334.818
0.143315409,335.499
0.143324706,334.710
0.143334006,334.791
0.143343302,334.657
0.143352608,335.021
0.143361907,334.757
0.143371245,336.163
0.143380592,336.482
0.143389893,334.857
0.143399190,334.667
0.143408523,336.013
0.143417824,334.821
0.143427120,334.657
0.143436448,335.803
0.143445744,334.647
0.143455045,334.854
0.143464344,334.766
0.143473642,334.736
0.143482939,334.664
0.143492265,335.767
0.143501576,335.183
0.143510898,335.599
0.143520204,335.016
0.143529500,334.637
0.143538824,335.666
0.143548122,334.730
0.143557419,334.713
0.143566715,334.632
0.143576015,334.814
0.143585312,334.697
0.143594663,336.637
0.143603986,335.632
0.143613329,336.334
0.143622639,335.144
0.143631961,335.589
0.143641259,334.755
0.143650591,335.942
0.143659887,334.654
0.143669184,334.702
0.143678509,335.694
0.143687817,335.093
0.143697113,334.665
0.143706414,334.828
0.143715728,335.291
0.143725038,335.168
0.143734362,335.655
0.143743658,334.670
0.143752967,335.109
0.143762289,335.584
0.143771587,334.745
0.143780912,335.715
0.143790210,334.715
0.143799527,335.423
0.143808854,335.766
0.143818151,334.696
0.143827447,334.642
0.143836747,334.805
0.143846069,335.594
0.143855377,335.097
0.143864675,334.732
0.143873990,335.337
0.143883317,335.743
0.143892639,335.608
0.143901946,335.038
0.143911254,335.083
0.143920566,335.245
0.143929862,334.644
0.143939162,334.828
0.143948471,335.100
0.143957795,335.665
0.143967121,335.744
0.143976438,335.405
0.143985735,334.690
0.143995033,334.741
0.144004346,335.286
0.144013642,334.649
0.144022971,335.817
0.144032267,334.663
0.144041568,334.839
0.144050892,335.656
0.144060214,335.620
0.144069515,334.833
0.144078822,335.055
0.144088120,334.712
0.144097418,334.728
0.144106738,335.540
0.144116034,334.638
0.144125334,334.819
0.144134632,334.701
0.144143954,335.594
0.144153257,334.915
0.144162568,335.213
0.144171886,335.440
0.144181185,334.752
0.144190534,336.572
0.144199845,335.180
0.144209141,334.680
0.144218458,335.397
0.144227790,335.938
0.144237087,334.715
0.144246404,335.401
0.144255731,335.769
0.144265026,334.638
0.144274350,335.669
0.144283677,335.750
0.144292973,334.646
0.144302294,335.584
0.144311593,334.744
0.144320891,334.719
0.144330212,335.568
0.144339512,334.812
0.144348826,335.290
0.144358153,335.761
0.144367476,335.649
0.144376774,334.710
0.144386077,334.936
0.144395399,335.593
0.144404697,334.721
0.144413995,334.739
0.144423315,335.508
0.144432634,335.469
0.144441934,334.815
0.144451278,336.387
0.144460612,336.000
0.144469913,334.845
0.144479208,334.644
0.144488536,335.773
0.144497831,334.629
0.144507155,335.671
0.144516462,335.059
0.144525758,334.644
0.144535055,334.693
0.144544353,334.745
0.144553663,335.161
0.144563008,336.389
0.144572308,334.813
0.144581603,334.634
0.144590924,335.560
0.144600277,336.697
0.144609620,336.356
0.144618971,336.614
0.144628266,334.632
0.144637564,334.720
0.144646888,335.682
0.144656223,336.059
0.144665539,335.368
0.144674866,335.769
0.144684163,334.698
0.144693499,336.086
0.144702799,334.811
0.144712095,334.635
0.144721392,334.712
0.144730710,335.454
0.144740035,335.708
0.144749342,335.031
0.144758643,334.826
0.144767940,334.721
0.144777240,334.788
0.144786538,334.728
0.144795834,334.645
0.144805134,334.822
0.144814430,334.631
0.144823743,335.281
0.144833043,334.794
0.144842367,335.665
0.144851686,335.501
0.144860989,334.913
0.144870309,335.504
0.144879617,335.077
0.144888920,334.927
0.144898242,335.590
0.144907565,335.621
0.144916918,336.696
0.144926231,335.286
0.144935532,334.827
0.144944827,334.638
0.144954125,334.716
0.144963423,334.731
0.144972721,334.715
0.144982037,335.369
0.144991363,335.764
0.145000713,336.602
0.145010009,334.657
0.145019316,335.039
0.145028612,334.640
0.145037909,334.714
0.145047207,334.732
0.145056505,334.720
0.145065837,335.930
0.145075140,334.908
0.145084437,334.708
0.145093762,335.690
0.145103086,335.668
0.145112408,335.581
0.145121715,335.059
0.145131010,334.630
0.145140329,335.467
0.145149628,334.797
0.145158924,334.644
0.145168221,334.693
0.145177546,335.687
0.145186843,334.718
0.145196189,336.451
0.145205516,335.757
0.145214811,334.630
0.145224109,334.717
0.145233409,334.796
0.145242722,335.282
0.145252049,335.762
0.145261397,336.516
0.145270710,335.291
0.145280026,335.383
0.145289325,334.760
0.145298647,335.589
0.145307965,335.427
0.145317277,335.253
0.145326609,335.948
0.145335910,334.848
0.145345207,334.663
0.145354531,335.681
0.145363858,335.756
0.145373156,334.731
0.145382482,335.755
0.145391779,334.674
0.145401076,334.700
0.145410374,334.742
0.145419672,334.719
0.145428994,335.594
0.145438295,334.829
0.145447591,334.638
0.145456902,335.221
0.145466255,336.695
0.145475551,334.647
0.145484848,334.698
0.145494146,334.739
0.145503444,334.707
0.145512766,335.594
0.145522092,335.765
0.145531388,334.630
0.145540717,335.858
0.145550024,335.061
0.145559320,334.660
0.145568658,336.168
0.145577966,335.073
0.145587306,336.222
0.145596604,334.732
0.145605901,334.717
0.145615197,334.630
0.145624523,335.768
0.145633821,334.701
0.145643116,334.646
0.145652443,335.764
0.145661739,334.635
0.145671047,335.093
0.145680354,335.060
0.145689652,334.716
0.145698960,335.115
0.145708256,334.641
0.145717553,334.697
0.145726886,335.968
0.145736183,334.714
0.145745479,334.634
0.145754779,334.816
0.145764074,334.634
0.145773401,335.751
0.145782727,335.749
0.145792059,335.942
0.145801383,335.650
0.145810681,334.743
0.145820024,336.368
0.145829346,335.588
0.145838693,336.466
0.145847989,334.652
0.145857290,334.855
0.145866588,334.712
0.145875884,334.672
0.145885218,336.019
0.145894513,334.630
0.145903811,334.716
0.145913109,334.730
0.145922433,335.675
0.145931729,334.633
0.145941059,335.900
0.145950356,334.697
0.145959652,334.647
0.145968955,334.895
0.145978267,335.226
0.145987590,335.631
0.145996896,335.040
0.146006197,334.818
0.146015523,335.758
0.146024830,335.023
0.146034153,335.647
0.146043478,335.696
0.146052775,334.708
0.146062097,335.585
0.146071398,334.816
0.146080693,334.636
0.146090041,336.510
0.146099367,335.745
0.146108709,336.320
0.146118006,334.706
0.146127314,335.079
0.146136630,335.364
0.146145928,334.729
0.146155226,334.720
0.146164521,334.629
0.146173827,335.004
0.146183151,335.691
0.146192447,334.644
0.146201774,335.788
0.146211097,335.614
0.146220409,335.213
0.146229734,335.708
0.146239061,335.784
0.146248383,335.595
0.146257692,335.109
0.146266990,334.733
0.146276322,335.941
0.146285622,334.813
0.146294944,335.586
0.146304244,334.816
0.146313540,334.638
0.146322837,334.719
0.146332164,335.748
0.146341486,335.597
0.146350810,335.650
0.146360134,335.692
0.146369432,334.714
0.146378767,336.050
0.146388089,335.604
0.146397429,336.235
0.146406727,334.748
0.146416055,335.788
0.146425351,334.650
0.146434705,336.746
0.146444010,334.998
0.146453334,335.662
0.146462659,335.684
0.146471959,334.803
0.146481276,335.407
0.146490629,336.713
0.146499948,335.480
0.146509270,335.602
0.146518570,334.810
0.146527918,336.534
0.146537216,334.714
0.146546541,335.689
0.146555857,335.367
0.146565209,336.699
0.146574515,335.018
0.146583812,334.687
0.146593111,334.741
0.146602434,335.658
0.146611751,335.402
0.146621052,334.817
0.146630347,334.641
0.146639667,335.522
0.146648993,335.743
0.146658316,335.602
0.146667613,334.702
0.146676911,334.734
0.146686210,334.765
0.146695541,335.929
0.146704851,335.137
0.146714166,335.337
0.146723468,334.875
0.146732792,335.682
0.146742125,335.959
0.146751425,334.817
0.146760748,335.613
0.146770046,334.735
0.146779370,335.688
0.146788695,335.698
0.146797991,334.634
0.146807291,334.814
0.146816588,334.697
0.146825884,334.646
0.146835184,334.807
0.146844480,334.633
0.146853803,335.653
0.146863101,334.728
0.146872399,334.714
0.146881699,334.790
0.146891021,335.598
0.146900318,334.703
0.146909616,334.740
0.146918914,334.709
0.146928210,334.641
0.146937566,336.823
0.146946922,336.814
0.146956221,334.761
0.146965528,335.051
0.146974825,334.725
0.146984161,336.076
0.146993460,334.758
0.147002758,334.725
0.147012109,336.642
0.147021433,335.675
0.147030729,334.634
0.147040055,335.766
0.147049364,335.113
0.147058660,334.644
0.147067986,335.758
0.147077282,334.635
0.147086580,334.726
0.147095878,334.742
0.147105176,334.714
0.147114471,334.636
0.147123798,335.763
0.147133122,335.650
0.147142454,335.974
0.147151764,335.141
0.147161059,334.636
0.147170362,334.910
0.147179667,334.991
0.147188965,334.728
0.147198292,335.751
0.147207588,334.651
0.147216907,335.478
0.147226206,334.778
0.147235540,336.030
0.147244850,335.165
0.147254178,335.806
0.147263500,335.597
0.147272825,335.701
0.147282152,335.754
0.147291464,335.254
0.147300788,335.654
0.147310113,335.698
0.147319411,334.718
0.147328735,335.682
0.147338033,334.716
0.147347344,335.193
0.147356650,335.019
0.147365947,334.695
0.147375265,335.430
0.147384565,334.809
0.147393860,334.641
0.147403184,335.636
0.147412482,334.733
0.147421780,334.731
0.147431075,334.632
0.147440404,335.834
0.147449701,334.694
0.147458997,334.659
0.147468324,335.771
0.147477620,334.648
0.147486928,335.109
0.147496261,335.974
0.147505577,335.374
0.147514878,334.832
0.147524201,335.626
0.147533525,335.668
0.147542829,334.941
0.147552175,336.447
0.147561482,335.071
0.147570783,334.841
0.147580079,334.645
0.147589402,335.647
0.147598702,334.799
0.147608025,335.600
0.147617352,335.776
0.147626657,334.991
0.147635984,335.766
0.147645309,335.689
0.147654607,334.732
0.147663923,335.400
0.147673224,334.815
0.147682521,334.707
0.147691857,336.073
0.147701163,335.017
0.147710473,335.174
0.147719795,335.593
0.147729100,334.991
0.147738398,334.716
0.147747720,335.587
0.147757056,336.094
0.147766353,334.698
0.147775678,335.700
0.147784976,334.729
0.147794272,334.672
0.147803599,335.774
0.147812895,334.632
0.147822207,335.237
0.147831533,335.743
0.147840855,335.598
0.147850152,334.695
0.147859451,334.741
0.147868778,335.766
0.147878073,334.641
0.147887374,334.817
0.147896669,334.632
0.147905993,335.670
0.147915293,334.796
0.147924634,336.266
0.147933935,334.864
0.147943231,334.636
0.147952549,335.440
0.147961873,335.689
0.147971171,334.716
0.147980466,334.631
0.147989767,334.811
0.147999090,335.647
0.148008412,335.597
0.148017713,334.810
0.148027008,334.640
0.148036306,334.712
0.148045630,335.686
0.148054970,336.223
0.148064325,336.781
0.148073630,334.998
0.148082937,335.022
0.148092262,335.725
0.148101568,335.011
0.148110865,334.686
0.148120166,334.843
0.148129462,334.641
0.148138760,334.744
0.148148060,334.808
0.148157371,335.169
0.148166695,335.675
0.148175994,334.766
0.148185335,336.258
0.148194631,334.662
0.148203957,335.766
0.148213271,335.279
0.148222597,335.758
0.148231932,336.032
0.148241227,334.643
0.148250527,334.806
0.148259835,335.066
0.148269154,335.474
0.148278509,336.810
0.148287807,334.719
0.148297103,334.635
0.148306403,334.811
0.148315747,336.385
0.148325094,336.501
0.148334397,334.918
0.148343721,335.654
0.148353025,334.938
0.148362321,334.645
0.148371619,334.723
0.148380945,335.754
0.148390267,335.598
0.148399585,335.452
0.148408937,336.647
0.148418234,334.723
0.148427579,336.418
0.148436907,335.776
0.148446217,335.192
0.148455516,334.754
0.148464871,336.773
0.148474193,335.602
0.148483503,335.140
0.148492808,334.985
0.148502105,334.712
0.148511404,334.731
0.148520739,336.070
0.148530055,335.380
0.148539359,334.938
0.148548656,334.697
0.148557978,335.596
0.148567281,334.905
0.148576603,335.591
0.148585912,335.143
0.148595237,335.687
0.148604561,335.667
0.148613877,335.378
0.148623205,335.814
0.148632503,334.699
0.148641802,334.784
0.148651153,336.646
0.148660449,334.643
0.148669756,335.058
0.148679114,336.896
0.148688412,334.718
0.148697712,334.793
0.148707034,335.598
0.148716331,334.702
0.148725630,334.745
0.148734928,334.716
0.148744223,334.638
0.148753523,334.815
0.148762845,335.591
0.148772196,336.624
0.148781546,336.587
0.148790842,334.650
0.148800198,336.822
0.148809505,335.074
0.148818803,334.719
0.148828101,334.735
0.148837399,334.722
0.148846694,334.633
0.148856021,335.764
0.148865366,336.412
0.148874686,335.527
0.148884013,335.761
0.148893354,336.281
0.148902660,335.021
0.148911982,335.589
0.148921333,336.627
0.148930640,335.055
0.148939936,334.650
0.148949233,334.694
0.148958558,335.693
0.148967868,335.175
0.148977190,335.603
0.148986492,334.844
0.148995787,334.641
0.149005135,336.532
0.149014435,334.791
0.149023747,335.225
0.149033046,334.785
0.149042399,336.679
0.149051732,336.015
0.149061057,335.686
0.149070355,334.713
0.149079713,336.889
0.149089072,336.927
0.149098369,334.693
0.149107665,334.653
0.149116965,334.807
0.149126287,335.590
0.149135584,334.714
0.149144882,334.730
0.149154180,334.705
0.149163502,335.583
0.149172822,335.546
0.149182120,334.732
0.149191419,334.744
0.149200769,336.621
0.149210092,335.616
0.149219419,335.779
0.149228741,335.595
0.149238039,334.719
0.149247339,334.794
0.149256648,335.126
0.149265948,334.795
0.149275247,334.764
0.149284566,335.477
0.149293897,335.933
0.149303198,334.814
0.149312493,334.636
0.149321791,334.719
0.149331118,335.774
0.149340449,335.937
0.149349776,335.768
0.149359072,334.636
0.149368396,335.666
0.149377720,335.684
0.149387030,335.165
0.149396348,335.420
0.149405675,335.768
0.149414998,335.652
0.149424294,334.647
0.149433603,335.143
0.149442961,336.884
0.149452259,334.728
0.149461558,334.739
0.149470856,334.722
0.149480183,335.790
0.149489479,334.654
0.149498812,335.972
0.149508137,335.727
0.149517447,335.154
0.149526743,334.669
0.149536045,334.842
0.149545393,336.543
0.149554744,336.647
0.149564045,334.828
0.149573403,336.899
0.149582728,335.675
0.149592027,334.765
0.149601325,334.723
0.149610623,334.731
0.149619920,334.717
0.149629216,334.633
0.149638543,335.769
0.149647902,336.947
0.149657234,335.939
0.149666561,335.761
0.149675856,334.632
0.149685154,334.712
0.149694478,335.685
0.149703818,336.217
0.149713113,334.642
0.149722433,335.525
0.149731734,334.814
0.149741030,334.653
0.149750340,335.179
0.149759637,334.671
0.149768946,335.127
0.149778268,335.590
0.149787612,336.400
0.149796938,335.743
0.149806273,336.061
0.149815597,335.654
0.149824922,335.694
0.149834219,334.716
0.149843515,334.642
0.149852815,334.811
0.149862137,335.584
0.149871461,335.667
0.149880817,336.790
0.149890131,335.303
0.149899432,334.840
0.149908728,334.662
0.149918026,334.723
0.149927351,335.705
0.149936650,334.761
0.149945945,334.635
0.149955251,335.016
0.149964551,334.796
0.149973870,335.467
0.149983170,334.811
0.149992492,335.583
0.150001814,335.599
0.150011149,336.076
0.150020448,334.755
0.150029801,336.692
0.150039096,334.644
0.150048393,334.695
0.150057692,334.745
0.150067041,336.572
0.150076336,334.638
0.150085637,334.813
0.150094982,336.430
0.150104280,334.719
0.150113633,336.700
0.150122964,335.937
0.150132288,335.655
0.150141613,335.691
0.150150910,334.713
0.150160232,335.587
0.150169533,334.823
0.150178846,335.286
0.150188173,335.769
0.150197473,334.786
0.150206769,334.656
0.150216072,334.910
0.150225394,335.593
0.150234706,335.237
0.150244031,335.681
0.150253377,336.465
0.150262672,334.634
0.150271973,334.813
0.150281341,337.267
0.150290637,334.669
0.150299939,334.850
0.150309279,336.233
0.150318580,334.845
0.150327928,336.524
0.150337261,336.013
0.150346588,335.742
0.150355883,334.645
0.150365180,334.688
0.150374480,334.783
0.150383792,335.226
0.150393136,336.418
0.150402463,335.763
0.150411785,335.588
0.150421094,335.114
0.150430423,335.843
0.150439736,335.286
0.150449037,334.822
0.150458342,334.982
0.150467639,334.708
0.150476964,335.680
0.150486262,334.723
0.150495583,335.581
0.150504884,334.808
0.150514181,334.693
0.150523503,335.600
0.150532803,334.811
0.150542113,335.148
0.150551410,334.713
0.150560709,334.753
0.150570060,336.648
0.150579419,336.918
0.150588746,335.765
0.150598043,334.701
0.150607342,334.741
0.150616649,335.073
0.150625945,334.639
0.150635279,336.027
0.150644574,334.630
0.150653898,335.670
0.150663227,335.838
0.150672523,334.657
0.150681847,335.654
0.150691145,334.741
0.150700443,334.716
0.150709739,334.646
0.150719041,334.900
0.150728383,336.284
0.150737680,334.720
0.150747007,335.746
0.150756302,334.647
0.150765630,335.800
0.150774926,334.635
0.150784223,334.717
0.150793521,334.730
0.150802819,334.724
0.150812141,335.581
0.150821447,335.002
0.150830786,336.225
0.150840084,334.712
0.150849390,335.033
0.150858721,335.900
0.150868044,335.622
0.150877359,335.365
0.150886675,335.366
0.150896005,335.879
0.150905304,334.755
0.150914600,334.658
0.150923930,335.898
0.150933226,334.658
0.150942550,335.635
0.150951876,335.748
0.150961208,335.956
0.150970535,335.788
0.150979831,334.635
0.150989128,334.707
0.150998426,334.728
0.151007760,336.010
0.151017082,335.598
0.151026397,335.338
0.151035722,335.691
0.151045018,334.659
0.151054324,335.005
0.151063619,334.637
0.151072916,334.708
0.151082215,334.732
0.151091512,334.719
0.151100845,335.965
0.151110173,335.812
0.151119514,336.298
0.151128842,335.784
0.151138167,335.703
0.151147483,335.366
0.151156789,335.045
0.151166085,334.634
0.151175409,335.669
0.151184709,334.795
0.151194026,335.428
0.151203323,334.691
0.151212674,336.642
0.151222018,336.384
0.151231324,335.007
0.151240651,335.761
0.151249946,334.634
0.151259255,335.122
0.151268604,336.567
0.151277916,335.223
0.151287249,335.996
0.151296586,336.136
0.151305885,334.759
0.151315184,334.763
0.151324483,334.752
0.151333779,334.664
0.151343079,334.816
0.151352377,334.700
0.151361672,334.641
0.151370999,335.761
0.151380311,335.230
0.151389638,335.768
0.151398936,334.740
0.151408234,334.720
0.151417534,334.794
0.151426830,334.656
0.151436163,335.990
0.151445487,335.687
0.151454785,334.718
0.151464081,334.637
0.151473381,334.818
0.151482703,335.583
0.151492027,335.673
0.151501327,334.791
0.151510622,334.645
0.151519971,336.532
0.151529269,334.746
0.151538593,335.664
0.151547915,335.586
0.151557215,334.815
0.151566511,334.632
0.151575811,334.826
0.151585147,336.087
0.151594470,335.615
0.151603770,334.812
0.151613066,334.641
0.151622385,335.492
0.151631687,334.890
0.151640985,334.716
0.151650283,334.709
0.151659583,334.835
0.151668881,334.696
0.151678178,334.694
0.151687485,335.071
0.151696781,334.637
0.151706104,335.642
0.151715428,335.676
0.151724726,334.718
0.151734052,335.747
0.151743375,335.595
0.151752672,334.696
0.151761972,334.828
0.151771270,334.718
0.151780602,335.931
0.151789907,334.995
0.151799202,334.628
0.151808526,335.668
0.151817879,336.705
0.151827217,336.154
0.151836514,334.691
0.151845838,335.687
0.151855157,335.480
0.151864482,335.690
0.151873781,334.763
0.151883103,335.589
0.151892431,335.805
0.151901731,334.797
0.151911074,336.366
0.151920380,335.002
0.151929724,336.388
0.151939022,334.712
0.151948372,336.632
0.151957706,336.014
0.151967027,335.544
0.151976327,334.808
0.151985669,336.311
0.151995002,335.998
0.152004327,335.674
0.152013622,334.639
0.152022922,334.810
0.152032218,334.631
0.152041542,335.662
0.152050841,334.785
0.152060150,335.118
0.152069460,335.173
0.152078759,334.737
0.152088077,335.473
0.152097436,336.897
0.152106736,334.823
0.152116032,334.635
0.152125356,335.672
0.152134682,335.748
0.152143981,334.763
0.152153316,336.068
0.152162663,336.483
0.152171982,335.462
0.152181280,334.733
0.152190604,335.668
0.152199899,334.636
0.152209200,334.811
0.152218497,334.699
0.152227816,335.487
0.152237116,334.812
0.152246447,335.922
0.152255745,334.710
0.152265069,335.680
0.152274393,335.667
0.152283720,335.740
0.152293051,335.938
0.152302364,335.279
0.152311689,335.687
0.152320986,334.708
0.152330323,336.108
0.152339628,334.998
0.152348964,336.087
0.152358262,334.715
0.152367562,334.792
0.152376899,336.152
0.152386225,335.737
0.152395524,334.759
0.152404845,335.570
0.152414144,334.766
0.152423458,335.304
0.152432799,336.267
0.152442101,334.861
0.152451398,334.707
0.152460695,334.682
0.152470052,336.860
0.152479348,334.635
0.152488672,335.666
0.152497970,334.730
0.152507289,335.479
0.152516584,334.630
0.152525911,335.761
0.152535208,334.694
0.152544539,335.942
0.152553848,335.115
0.152563170,335.588
0.152572470,334.808
0.152581791,335.557
0.152591115,335.667
0.152600415,334.789
0.152609723,335.074
0.152619020,334.694
0.152628345,335.708
0.152637675,335.891
0.152647001,335.728
0.152656300,334.752
0.152665595,334.638
0.152674930,336.069
0.152684253,335.614
0.152693587,336.019
0.152702889,334.888
0.152712212,335.620
0.152721536,335.675
0.152730862,335.704
0.152740174,335.258
0.152749496,335.583
0.152758823,335.764
0.152768146,335.648
0.152777469,335.599
0.152786765,334.684
0.152796087,335.594
0.152805414,335.772
0.152814710,334.635
0.152824028,335.454
0.152833328,334.792
0.152842624,334.652
0.152851921,334.694
0.152861245,335.690
0.152870543,334.715
0.152879840,334.709
0.152889145,334.950
0.152898460,335.361
0.152907758,334.727
0.152917086,335.814
0.152926382,334.649
0.152935706,335.651
0.152945057,336.641
0.152954354,334.712
0.152963682,335.776
0.152972980,334.760
0.152982277,334.662
0.152991583,335.046
0.153000882,334.731
0.153010177,334.648
0.153019482,334.979
0.153028778,334.635
0.153038102,335.664
0.153047400,334.728
0.153056733,336.005
0.153066064,335.923
0.153075381,335.381
0.153084725,336.395
0.153094050,335.720
0.153103400,336.600
0.153112697,334.668
0.153122001,334.960
0.153131323,335.591
0.153140648,335.704
0.153149949,334.814
0.153159271,335.606
0.153168569,334.725
0.153177871,334.871
0.153187189,335.456
0.153196511,335.577
0.153205811,334.813
0.153215124,335.249
0.153224421,334.715
0.153233721,334.792
0.153243017,334.650
0.153252328,335.194
0.153261661,335.982
0.153270985,335.667
0.153280283,334.736
0.153289607,335.673
0.153298902,334.629
0.153308255,336.706
0.153317579,335.647
0.153326899,335.508
0.153336199,334.805
0.153345494,334.638
0.153354817,335.628
0.153364116,334.771
0.153373417,334.810
0.153382743,335.761
0.153392039,334.652
0.153401336,334.698
0.153410635,334.751
0.153419957,335.597
0.153429252,334.631
0.153438579,335.764
0.153447874,334.629
0.153457172,334.715
0.153466472,334.791
0.153475794,335.589
0.153485091,334.697
0.153494416,335.690
0.153503713,334.713
0.153513032,335.474
0.153522335,334.913
0.153531657,335.595
0.153540959,334.863
0.153550283,335.682
0.153559579,334.654
0.153568933,336.721
0.153578252,335.506
0.153587586,336.008
0.153596911,335.690
0.153606230,335.515
0.153615541,335.169
0.153624842,334.833
0.153634181,336.216
0.153643477,334.650
0.153652838,337.000
0.153662133,334.636
0.153671434,334.817
0.153680739,334.978
0.153690072,336.011
0.153699398,335.735
0.153708706,335.061
0.153718003,334.696
0.153727354,336.647
0.153736652,334.712
0.153745960,335.113
0.153755265,334.962
0.153764560,334.625
0.153773858,334.715
0.153783160,334.892
0.153792472,335.221
0.153801769,334.687
0.153811095,335.739
0.153820392,334.713
0.153829690,334.726
0.153838988,334.720
0.153848302,335.307
0.153857607,334.961
0.153866931,335.662
0.153876247,335.387
0.153885577,335.896
0.153894873,334.630
0.153904170,334.718
0.153913495,335.682
0.153922792,334.708
0.153932112,335.491
0.153941412,334.813
0.153950709,334.698
0.153960005,334.647
0.153969313,335.096
0.153978609,334.646
0.153987906,334.711
0.153997204,334.731
0.154006502,334.716
0.154015828,335.747
0.154025151,335.598
0.154034448,334.690
0.154043779,335.918
0.154053076,334.720
0.154062398,335.588
0.154071750,336.681
0.154081087,336.126
0.154090385,334.728
0.154099693,335.084
0.154108990,334.699
0.154118288,334.728
0.154127587,334.743
0.154136885,334.748
0.154146211,335.709
0.154155518,335.077
0.154164841,335.607
0.154174142,334.838
0.154183466,335.660
0.154192777,335.202
0.154202136,336.916
0.154211431,334.629
0.154220729,334.719
0.154230028,334.762
0.154239325,334.723
0.154248672,336.462
0.154257998,335.762
0.154267322,335.653
0.154276618,334.644
0.154285918,334.816
0.154295214,334.635
0.154304514,334.810
0.154313845,335.929
0.154323143,334.710
0.154332442,334.786
0.154341738,334.643
0.154351038,334.806
0.154360373,336.063
0.154369671,334.739
0.154378967,334.637
0.154388294,335.767
0.154397604,335.175
0.154406929,335.692
0.154416256,335.771
0.154425569,335.260
0.154434867,334.721
0.154444192,335.708
0.154453508,335.401
0.154462807,334.762
0.154472132,335.688
0.154481428,334.646
0.154490781,336.718
0.154500105,335.650
0.154509427,335.596
0.154518753,335.755
0.154528090,336.134
0.154537388,334.722
0.154546713,335.683
0.154556027,335.316
0.154565332,334.985
0.154574659,335.760
0.154583956,334.696
0.154593256,334.813
0.154602565,335.111
0.154611880,335.352
0.154621201,335.528
0.154630499,334.731
0.154639797,334.744
0.154649099,334.850
0.154658447,336.556
0.154667758,335.183
0.154677083,335.698
0.154686381,334.718
0.154695687,335.025
0.154705040,336.713
0.154714353,335.262
0.154723679,335.758
0.154733003,335.651
0.154742345,336.301
0.154751645,334.803
0.154760940,334.637
0.154770238,334.722
0.154779536,334.732
0.154788861,335.674
0.154798183,335.590
0.154807509,335.761
0.154816806,334.702
0.154826102,334.634
0.154835405,334.905
0.154844736,335.933
0.154854044,335.070
0.154863342,334.731
0.154872666,335.665
0.154881992,335.747
0.154891314,335.596
0.154900611,334.696
0.154909910,334.742
0.154919221,335.194
0.154928543,335.598
0.154937843,334.805
0.154947138,334.626
0.154956436,334.716
0.154965740,334.929
0.154975062,335.594
0.154984359,334.697
0.154993684,335.694
0.155003000,335.406
0.155012332,335.941
0.155021659,335.760
0.155030971,335.248
0.155040300,335.832
0.155049608,335.097
0.155058930,335.593
0.155068257,335.759
0.155077554,334.717
0.155086866,335.223
0.155096191,335.684
0.155105515,335.668
0.155114810,334.631
0.155124137,335.770
0.155133487,336.608
0.155142810,335.629
0.155152164,336.717
0.155161459,334.629
0.155170759,334.818
0.155180097,336.156
0.155189411,335.312
0.155198718,335.046
0.155208016,334.717
0.155217336,335.516
0.155226660,335.691
0.155235958,334.714
0.155245266,335.073
0.155254595,335.867
0.155263963,337.246
0.155273261,334.723
0.155282623,337.027
0.155291969,336.447
0.155301322,336.718
0.155310618,334.645
0.155319915,334.719
0.155329242,335.773
0.155338554,335.220
0.155347885,335.930
0.155357186,334.819
0.155366483,334.692
0.155375779,334.646
0.155385079,334.812
0.155394401,335.579
0.155403708,335.077
0.155413033,335.682
0.155422331,334.715
0.155431657,335.739
0.155440962,335.008
0.155450260,334.697
0.155459587,335.785
0.155468895,335.108
0.155478192,334.666
0.155487498,335.016
0.155496793,334.638
0.155506140,336.479
0.155515493,336.696
0.155524788,334.645
0.155534085,334.692
0.155543412,335.762
0.155552709,334.706
0.155562005,334.640
0.155571309,334.930
0.155580605,334.685
0.155589907,334.844
0.155599242,336.091
0.155608541,334.735
0.155617866,335.707
0.155627164,334.728
0.155636460,334.666
0.155645787,335.782
0.155655085,334.705
0.155664391,335.016
0.155673718,335.766
0.155683032,335.303
0.155692358,335.761
0.155701680,335.583
0.155711004,335.669
0.155720304,334.791
0.155729626,335.597
0.155738957,335.920
0.155748256,334.763
0.155757598,336.309
0.155766921,335.612
0.155776222,334.864
0.155785518,334.635
0.155794816,334.721
0.155804143,335.775
0.155813440,334.713
0.155822768,335.782
0.155832063,334.635
0.155841361,334.714
0.155850685,335.688
0.155859983,334.716
0.155869300,335.417
0.155878601,334.827
0.155887899,334.729
0.155897195,334.646
0.155906495,334.816
0.155915805,335.165
0.155925129,335.667
0.155934456,335.773
0.155943780,335.665
0.155953076,334.635
0.155962376,334.807
0.155971673,334.691
0.155980972,334.754
0.155990295,335.657
0.155999610,335.336
0.156008911,334.815
0.156018233,335.599
0.156027563,335.872
0.156036863,334.823
0.156046208,336.411
0.156055508,334.796
0.156064833,335.703
0.156074131,334.726
0.156083438,335.035
0.156092791,336.711
0.156102131,336.246
0.156111431,334.808
0.156120728,334.695
0.156130024,334.646
0.156139324,334.811
0.156148657,335.990
0.156157955,334.715
0.156167253,334.724
0.156176550,334.713
0.156185846,334.636
0.156195177,335.931
0.156204501,335.645
0.156213808,335.084
0.156223145,336.108
0.156232440,334.636
0.156241738,334.713
0.156251037,334.774
0.156260335,334.714
0.156269630,334.638
0.156278931,334.813
0.156288243,335.259
0.156297544,334.815
0.156306844,334.806
0.156316149,334.973
0.156325450,334.853
0.156334746,334.650
0.156344044,334.716
0.156353344,334.794
0.156362653,335.138
0.156371950,334.692
0.156381248,334.740
0.156390546,334.712
0.156399841,334.627
0.156409144,334.900
0.156418439,334.634
0.156427789,336.588
0.156437089,334.791
0.156446384,334.645
0.156455685,334.817
0.156465033,336.529
0.156474357,335.662
0.156483710,336.731
0.156493008,334.720
0.156502325,335.405
0.156511625,334.812
0.156520975,336.598
0.156530297,335.593
0.156539597,334.806
0.156548895,334.710
0.156558246,336.638
0.156567571,335.697
0.156576877,335.028
0.156586206,335.847
0.156595503,334.683
0.156604800,334.706
0.156614125,335.690
0.156623423,334.715
0.156632718,334.634
0.156642071,336.717
0.156651380,335.108
0.156660678,334.714
0.156670004,335.742
0.156679299,334.636
0.156688608,335.115
0.156697906,334.738
0.156707204,334.712
0.156716499,334.637
0.156725834,336.067
0.156735156,335.577
0.156744465,335.116
0.156753788,335.649
0.156763104,335.344
0.156772404,334.811
0.156781726,335.583
0.156791026,334.801
0.156800324,334.740
0.156809644,335.522
0.156818962,335.452
0.156828262,334.809
0.156837586,335.642
0.156846900,335.295
0.156856201,334.855
0.156865540,336.185
0.156874865,335.720
0.156884161,334.652
0.156893459,334.726
0.156902759,334.801
0.156912054,334.640
0.156921352,334.693
0.156930676,335.695
0.156939986,335.141
0.156949281,334.639
0.156958608,335.768
0.156967917,335.120
0.156977238,335.540
0.156986564,335.748
0.156995886,335.594
0.157005210,335.646
0.157014534,335.687
0.157023877,336.327
0.157033182,335.012
0.157042492,335.141
0.157051788,334.639
0.157061118,335.895
0.157070442,335.680
0.157079759,335.412
0.157089087,335.781
0.157098383,334.661
0.157107681,334.722
0.157117006,335.712
0.157126331,335.702
0.157135635,334.947
0.157144937,334.875
0.157154261,335.655
0.157163566,334.986
0.157172893,335.766
0.157182215,335.589
0.157191549,336.049
0.157200845,334.635
0.157210163,335.457
0.157219463,334.794
0.157228759,334.648
0.157238070,335.195
0.157247374,334.952
0.157256672,334.716
0.157266016,336.417
0.157275345,335.816
0.157284643,334.730
0.157293941,334.740
0.157303268,335.752
0.157312581,335.292
0.157321909,335.793
0.157331215,335.007
0.157340555,336.253
0.157349853,334.730
0.157359151,334.714
0.157368467,335.391
0.157377820,336.711
0.157387117,334.698
0.157396439,335.598
0.157405761,335.591
0.157415099,336.167
0.157424423,335.654
0.157433774,336.645
0.157443073,334.750
0.157452400,335.777
0.157461696,334.648
0.157471020,335.677
0.157480372,336.671
0.157489696,335.675
0.157498993,334.665
0.157508293,334.817
0.157517625,335.935
0.157526925,334.813
0.157536252,335.758
0.157545548,334.651
0.157554845,334.691
0.157564169,335.692
0.157573484,335.334
0.157582809,335.682
0.157592116,335.057
0.157601411,334.631
0.157610738,335.763
0.157620035,334.697
0.157629357,335.594
0.157638657,334.805
0.157647979,335.592
0.157657291,335.213
0.157666615,335.683
0.157675939,335.662
0.157685259,335.512
0.157694567,335.085
0.157703864,334.697
0.157713160,334.648
0.157722460,334.809
0.157731755,334.637
0.157741082,335.773
0.157750387,334.972
0.157759704,335.398
0.157769006,334.874
0.157778302,334.647
0.157787614,335.246
0.157796939,335.694
0.157806263,335.668
0.157815558,334.631
0.157824885,335.766
0.157834207,335.580
0.157843531,335.662
0.157852830,334.790
0.157862152,335.588
0.157871449,334.695
0.157880801,336.640
0.157890098,334.711
0.157899404,335.027
0.157908702,334.713
0.157918017,335.337
0.157927318,334.821
0.157936615,334.694
0.157945931,335.401
0.157955276,336.395
0.157964585,335.144
0.157973910,335.679
0.157983209,334.776
0.157992507,334.749
0.158001829,335.592
0.158011133,334.923
0.158020502,337.290
0.158029827,335.691
0.158039151,335.670
0.158048447,334.644
0.158057747,334.818
0.158067067,335.515
0.158076380,335.257
0.158085712,335.951
0.158095007,334.642
0.158104344,336.123
0.158113669,335.689
0.158122993,335.663
0.158132288,334.635
0.158141590,334.881
0.158150905,335.329
0.158160229,335.667
0.158169529,334.788
0.158178825,334.646
0.158188125,334.809
0.158197420,334.635
0.158206718,334.714
0.158216042,335.684
0.158225340,334.719
0.158234672,335.939
0.158244007,336.084
0.158253305,334.724
0.158262603,334.704
0.158271930,335.781
0.158281225,334.637
0.158290523,334.719
0.158299848,335.691
0.158309162,335.320
0.158318494,335.933
0.158327794,334.819
0.158337091,334.698
0.158346390,334.738
0.158355698,335.084
0.158365013,335.351
0.158374314,334.819
0.158383621,335.058
0.158392918,334.721
0.158402218,334.795
0.158411514,334.641
0.158420837,335.649
0.158430195,336.857
0.158439519,335.665
0.158448867,336.536
0.158458167,334.810
0.158467507,336.251
0.158476843,336.086
0.158486140,334.695
0.158495436,334.649
0.158504745,335.132
0.158514063,335.453
0.158523415,336.657
0.158532714,334.773
0.158542039,335.707
0.158551361,335.592
0.158560663,334.844
0.158569961,334.733
0.158579256,334.643
0.158588584,335.797
0.158597907,335.613
0.158607205,334.723
0.158616529,335.678
0.158625853,335.672
0.158635179,335.747
0.158644486,335.043
0.158653783,334.695
0.158663082,334.765
0.158672408,335.712
0.158681703,334.642
0.158691008,334.983
0.158700304,334.633
0.158709625,335.559
0.158718951,335.746
0.158728273,335.593
0.158737597,335.646
0.158746897,334.816
0.158756196,334.745
0.158765494,334.739
0.158774792,334.722
0.158784087,334.632
0.158793388,334.822
0.158802723,336.072
0.158812046,335.617
0.158821405,336.932
0.158830723,335.445
0.158840020,334.717
0.158849318,334.726
0.158858657,336.200
0.158868004,336.469
0.158877330,335.763
0.158886627,334.688
0.158895923,334.643
0.158905250,335.779
0.158914564,335.298
0.158923899,336.057
0.158933205,335.025
0.158942529,335.661
0.158951829,334.791
0.158961124,334.642
0.158970421,334.686
0.158979729,335.074
0.158989030,334.826
0.158998325,334.641
0.159007652,335.777
0.159016974,335.590
0.159026308,336.014
0.159035608,334.786
0.159044930,335.594
0.159054230,334.812
0.159063542,335.217
0.159072842,334.810
0.159082167,335.695
0.159091473,335.031
0.159100810,336.133
0.159110112,334.853
0.159119458,336.472
0.159128776,335.463
0.159138077,334.811
0.159147414,336.131
0.159156749,336.066
0.159166054,334.993
0.159175378,335.663
0.159184683,334.969
0.159193983,334.810
0.159203299,335.364
0.159212597,334.734
0.159221895,334.713
0.159231190,334.634
0.159240520,335.866
0.159249842,335.591
0.159259139,334.714
0.159268466,335.751
0.159277788,335.598
0.159287111,335.648
0.159296436,335.696
0.159305760,335.671
0.159315118,336.889
0.159324419,334.817
0.159333732,335.275
0.159343033,334.827
0.159352391,336.901
0.159361689,334.720
0.159370990,334.827
0.159380312,335.590
0.159389645,336.011
0.159398943,334.733
0.159408241,334.719
0.159417586,336.428
0.159426887,334.819
0.159436184,334.698
0.159445531,336.502
0.159454832,334.810
0.159464144,335.260
0.159473445,334.814
0.159482742,334.712
0.159492041,334.740
0.159501348,335.081
0.159510669,335.536
0.159519981,335.249
0.159529280,334.742
0.159538578,334.719
0.159547895,335.420
0.159557195,334.809
0.159566491,334.640
0.159575788,334.715
0.159585114,335.744
0.159594437,335.598
0.159603745,335.090
0.159613043,334.741
0.159622358,335.342
0.159631710,336.658
0.159641034,335.674
0.159650331,334.686
0.159659685,336.746
0.159669018,336.000
0.159678335,335.413
0.159687667,335.946
0.159696989,335.593
0.159706287,334.721
0.159715585,334.737
0.159724885,334.806
0.159734181,334.636
0.159743508,335.766
0.159752805,334.695
0.159762153,336.550
0.159771486,335.976
0.159780808,335.589
0.159790135,335.769
0.159799468,336.002
0.159808787,335.472
0.159818145,336.888
0.159827454,335.139
0.159836778,335.648
0.159846082,334.948
0.159855426,336.400
0.159864747,335.542
0.159874047,334.815
0.159883360,335.258
0.159892660,334.809
0.159902010,336.598
0.159911315,334.971
0.159920616,334.847
0.159929913,334.686
0.159939211,334.741
0.159948510,334.752
0.159957821,335.187
0.159967120,334.760
0.159976448,335.806
0.159985772,335.685
0.159995068,334.664
0.160004369,334.814
0.160013691,335.591
0.160022989,334.716
0.160032287,334.729
0.160041611,335.666
0.160050937,335.753
0.160060243,334.995
0.160069563,335.534
0.160078891,335.820
0.160088189,334.723
0.160097512,335.618
0.160106817,334.980
0.160116112,334.641
0.160125433,335.551
0.160134764,335.923
0.160144075,335.182
0.160153373,334.726
0.160162698,335.715
0.160171996,334.725
0.160181339,336.332
0.160190650,335.186
0.160199954,334.950
0.160209281,335.798
0.160218583,334.852
0.160227879,334.651
0.160237186,335.048
0.160246544,336.896
0.160255855,335.213
0.160265207,336.654
0.160274568,336.985
0.160283890,335.611
0.160293225,336.068
0.160302523,334.709
0.160311848,335.720
0.160321156,335.070
0.160330470,335.316
0.160339778,335.095
0.160349099,335.530
0.160358396,334.714
0.160367696,334.788
0.160377041,336.437
0.160386338,334.695
0.160395663,335.694
0.160404961,334.703
0.160414282,335.586
0.160423609,335.766
0.160432905,334.630
0.160442238,336.015
0.160451540,334.873
0.160460837,334.665
0.160470176,336.217
0.160479508,335.970
0.160488822,335.296
0.160498180,336.875
0.160507478,334.717
0.160516773,334.636
0.160526100,335.768
0.160535397,334.698
0.160544719,335.594
0.160554052,335.990
0.160563374,335.589
0.160572672,334.717
0.160581996,335.681
0.160591294,334.714
0.160600594,334.789
0.160609925,335.937
0.160619249,335.649
0.160628549,334.798
0.160637871,335.589
0.160647202,335.929
0.160656502,334.815
0.160665824,335.586
0.160675122,334.720
0.160684424,334.881
0.160693720,334.648
0.160703017,334.700
0.160712368,336.634
0.160721666,334.719
0.160730979,335.255
0.160740282,334.909
0.160749577,334.634
0.160758879,334.857
0.160768176,334.727
0.160777499,335.603
0.160786801,334.884
0.160796150,336.545
0.160805447,334.712
0.160814745,334.731
0.160824069,335.664
0.160833378,335.112
0.160842705,335.767
0.160852023,335.449
0.160861319,334.646
0.160870619,334.814
0.160879914,334.641
0.160889248,336.013
0.160898547,334.740
0.160907844,334.715
0.160917147,334.903
0.160926443,334.660
0.160935741,334.710
0.160945046,334.999
0.160954355,335.125
0.160963671,335.383
0.160972972,334.817
0.160982307,336.059
0.160991604,334.715
0.161000904,334.791
0.161010200,334.653
0.161019531,335.911
0.161028858,335.765
0.161038156,334.749
0.161047478,335.595
0.161056779,334.819
0.161066075,334.641
0.161075375,334.828
0.161084673,334.698
0.161093968,334.643
0.161103268,334.804
0.161112564,334.634
0.161121888,335.666
0.161131186,334.728
0.161140486,334.801
0.161149808,335.589
0.161159135,335.776
0.161168446,335.216
0.161177768,335.595
0.161187095,335.752
0.161196390,334.632
0.161205714,335.666
0.161215013,334.757
0.161224337,335.663
0.161233690,336.698
0.161242985,334.646
0.161252298,335.269
0.161261623,335.688
0.161270947,335.658
0.161280242,334.634
0.161289562,335.518
0.161298858,334.648
0.161308156,334.716
0.161317484,335.804
0.161326780,334.673
0.161336155,337.509
0.161345480,335.696
0.161354804,335.669
0.161364103,334.738
0.161373432,335.860
0.161382729,334.683
0.161392030,334.844
0.161401354,335.667
0.161410680,335.723
0.161420004,335.678
0.161429346,336.288
0.161438675,335.873
0.161447971,334.648
0.161457269,334.731
0.161466602,335.970
0.161475911,335.126
0.161485234,335.645
0.161494536,334.867
0.161503834,334.716
0.161513141,335.053
0.161522470,335.848
0.161531818,336.535
0.161541142,335.661
0.161550442,334.794
0.161559738,334.648
0.161569038,334.829
0.161578335,334.671
0.161587633,334.717
0.161596984,336.637
0.161606284,334.818
0.161615594,335.148
0.161624905,335.201
0.161634203,334.725
0.161643499,334.654
0.161652799,334.821
0.161662137,336.142
0.161671434,334.720
0.161680733,334.733
0.161690057,335.667
0.161699352,334.630
0.161708679,335.767
0.161717976,334.701
0.161727274,334.742
0.161736572,334.712
0.161745867,334.639
0.161755194,335.760
0.161764490,334.634
0.161773814,335.672
0.161783113,334.787
0.161792472,336.893
0.161801795,335.643
0.161811093,334.739
0.161820391,334.707
0.161829686,334.643
0.161839007,335.561
0.161848341,336.007
0.161857642,334.843
0.161866949,335.043
0.161876264,335.335
0.161885565,334.848
0.161894912,336.483
0.161904209,334.712
0.161913508,334.737
0.161922805,334.717
0.161932115,335.132
0.161941441,335.759
0.161950738,334.694
0.161960084,336.455
0.161969384,334.812
0.161978753,337.253
0.161988077,335.662
0.161997401,335.687
0.162006725,335.668
0.162016052,335.744
0.162025347,334.651
0.162034644,334.694
0.162043943,334.742
0.162053267,335.662
0.162062584,335.419
0.162071887,334.908
0.162081183,334.642
0.162090480,334.721
0.162099780,334.800
0.162109091,335.191
0.162118400,335.097
0.162127734,336.024
0.162137034,334.820
0.162146356,335.596
0.162155683,335.762
0.162164978,334.637
0.162174332,336.718
0.162183640,335.103
0.162192956,335.386
0.162202283,335.762
0.162211579,334.636
0.162220876,334.711
0.162230200,335.676
0.162239512,335.234
0.162248820,335.055
0.162258146,335.757
0.162267460,335.284
0.162276781,335.576
0.162286108,335.781
0.162295404,334.635
0.162304707,334.907
0.162314028,335.560
0.162323326,334.721
0.162332678,336.696
0.162341974,334.644
0.162351285,335.205
0.162360584,334.741
0.162369881,334.709
0.162379229,336.537
0.162388556,335.770
0.162397871,335.308
0.162407180,335.146
0.162416508,335.787
0.162425822,335.323
0.162435123,334.841
0.162444445,335.601
0.162453770,335.667
0.162463068,334.732
0.162472392,335.669
0.162481687,334.634
0.162491014,335.761
0.162500387,337.417
0.162509682,334.645
0.162518988,335.020
0.162528299,335.180
0.162537624,335.700
0.162546975,336.648
0.162556291,335.349
0.162565590,334.797
0.162574886,334.652
0.162584183,334.695
0.162593482,334.742
0.162602779,334.716
0.162612075,334.636
0.162621376,334.829
0.162630671,334.633
0.162639969,334.718
0.162649295,335.742
0.162658627,335.939
0.162667924,334.702
0.162677249,335.697
0.162686547,334.742
0.162695854,335.059
0.162705155,334.828
0.162714451,334.638
0.162723775,335.672
0.162733075,334.793
0.162742388,335.294
0.162751690,334.847
0.162760995,335.005
0.162770354,336.902
0.162779653,334.770
0.162788963,335.174
0.162798260,334.663
0.162807561,334.853
0.162816872,335.203
0.162826169,334.675
0.162835470,334.832
0.162844765,334.644
0.162854088,335.624
0.162863387,334.754
0.162872685,334.726
0.162881980,334.637
0.162891282,334.841
0.162900579,334.700
0.162909904,335.697
0.162919227,335.641
0.162928522,334.631
0.162937823,334.812
0.162947118,334.638
0.162956435,335.416
0.162965768,335.986
0.162975121,336.714
0.162984446,335.687
0.162993745,334.776
0.163003046,334.818
0.163012379,335.989
0.163021707,335.802
0.163031002,334.645
0.163040300,334.721
0.163049597,334.699
0.163058920,335.601
0.163068248,335.823
0.163077580,335.932
0.163086877,334.711
0.163096228,336.634
0.163105527,334.758
0.163114849,335.603
0.163124150,334.821
0.163133447,334.708
0.163142781,336.022
0.163152110,335.847
0.163161422,335.232
0.163170746,335.660
0.163180071,335.683
0.163189368,334.717
0.163198721,336.705
0.163208017,334.649
0.163217341,335.649
0.163226639,334.747
0.163235966,335.762
0.163245273,335.053
0.163254574,334.853
0.163263896,335.586
0.163273194,334.720
0.163282520,335.733
0.163291859,336.223
0.163301194,336.037
0.163310519,335.698
0.163319817,334.749
0.163329125,335.065
0.163338459,336.048
0.163347802,336.332
0.163357109,335.043
0.163366406,334.689
0.163375723,335.424
0.163385028,334.969
0.163394345,335.427
0.163403643,334.717
0.163412967,335.682
0.163422291,335.662
0.163431611,335.532
0.163440912,334.809
0.163450226,335.317
0.163459522,334.645
0.163468858,336.094
0.163478153,334.639
0.163487454,334.828
0.163496750,334.641
0.163506064,335.311
0.163515366,334.889
0.163524685,335.494
0.163533998,335.241
0.163543323,335.715
0.163552635,335.239
0.163561931,334.634
0.163571258,335.766
0.163580579,335.588
0.163589877,334.711
0.163599177,334.792
0.163608473,334.647
0.163617773,334.820
0.163627131,336.887
0.163636448,335.406
0.163645746,334.724
0.163655055,335.127
0.163664371,335.381
0.163673703,335.967
0.163683023,335.505
0.163692319,334.647
0.163701622,334.909
0.163710970,336.544
0.163720268,334.719
0.163729566,334.729
0.163738880,335.314
0.163748228,336.534
0.163757529,334.808
0.163766826,334.702
0.163776124,334.738
0.163785422,334.730
0.163794725,334.882
0.163804035,335.159
0.163813354,335.491
0.163822678,335.668
0.163832004,335.746
0.163841300,334.655
0.163850624,335.650
0.163859949,335.704
0.163869246,334.709
0.163878542,334.638
0.163887870,335.832
0.163897183,335.249
0.163906480,334.714
0.163915807,335.751
0.163925146,336.213
0.163934477,335.925
0.163943784,335.054
0.163953082,334.725
0.163962407,335.680
0.163971731,335.669
0.163981026,334.630
0.163990331,334.955
0.163999649,335.450
0.164008944,334.640
0.164018244,334.810
0.164027540,334.636
0.164036837,334.709
0.164046135,334.723
0.164055459,335.663
0.164064788,335.837
0.164074084,334.666
0.164083425,336.250
0.164092724,334.783
0.164102023,334.745
0.164111333,335.178
0.164120633,334.813
0.164129929,334.634
0.164139275,336.467
0.164148605,335.893
0.164157901,334.647
0.164167208,335.041
0.164176515,335.047
0.164185813,334.728
0.164195136,335.625
0.164204446,335.160
0.164213759,335.286
0.164223060,334.838
0.164232385,335.676
0.164241707,335.596
0.164251044,336.129
0.164260366,335.612
0.164269664,334.716
0.164278962,334.733
0.164288300,336.176
0.164297595,334.632
0.164306896,334.816
0.164316193,334.702
0.164325515,335.591
0.164334815,334.804
0.164344111,334.648
0.164353418,335.068
0.164362717,334.754
0.164372051,336.020
0.164381351,334.801
0.164390673,335.596
0.164399973,334.803
0.164409272,334.750
0.164418570,334.746
0.164427892,335.590
0.164437193,334.817
0.164446488,334.632
0.164455809,335.545
0.164465135,335.744
0.164474431,334.646
0.164483728,334.702
0.164493026,334.739
0.164502350,335.663
0.164511655,334.980
0.164520956,334.818
0.164530269,335.263
0.164539569,334.810
0.164548866,334.700
0.164558178,335.233
0.164567479,334.813
0.164576800,335.588
0.164586098,334.717
0.164595423,335.686
0.164604720,334.711
0.164614038,335.449
0.164623393,336.781
0.164632694,334.811
0.164641998,334.962
0.164651334,336.088
0.164660630,334.669
0.164669957,335.775
0.164679279,335.585
0.164688603,335.667
0.164697903,334.788
0.164707261,336.899
0.164716580,335.460
0.164725904,335.691
0.164735228,335.664
0.164744524,334.629
0.164753851,335.771
0.164763161,335.184
0.164772459,334.720
0.164781787,335.809
0.164791100,335.257
0.164800406,335.041
0.164809714,335.072
0.164819012,334.711
0.164828336,335.687
0.164837671,336.061
0.164846966,334.628
0.164856293,335.762
0.164865593,334.787
0.164874915,335.605
0.164884216,334.819
0.164893511,334.639
0.164902809,334.733
0.164912146,336.109
0.164921444,334.741
0.164930739,334.635
0.164940074,336.051
0.164949371,334.696
0.164958722,336.640
0.164968030,335.067
0.164977352,335.588
0.164986659,335.072
0.164995993,336.011
0.165005332,336.193
0.165014637,334.976
0.165023932,334.640
0.165033229,334.687
0.165042527,334.741
0.165051851,335.662
0.165061147,334.631
0.165070500,336.728
0.165079839,336.194
0.165089201,337.052
0.165098501,334.780
0.165107849,336.553
0.165117176,335.771
0.165126484,335.060
0.165135844,336.976
0.165145169,335.688
0.165154507,336.180
0.165163802,334.631
0.165173121,335.465
0.165182419,334.740
0.165191752,335.995
0.165201054,334.867
0.165210395,336.250
0.165219704,335.142
0.165228999,334.633
0.165238340,336.264
0.165247666,335.746
0.165256962,334.649
0.165266286,335.646
0.165275584,334.753
0.165284905,335.525
0.165294213,335.103
0.165303540,335.765
0.165312835,334.634
0.165322144,335.124
0.165331446,334.884
0.165340742,334.654
0.165350040,334.709
0.165359365,335.695
0.165368681,335.369
0.165377987,335.023
0.165387295,335.081
0.165396610,335.340
0.165405936,335.762
0.165415233,334.694
0.165424543,335.161
0.165433849,334.994
0.165443158,335.121
0.165452455,334.721
0.165461760,334.962
0.165471073,335.259
0.165480421,336.543
0.165489748,335.765
0.165499071,335.648
0.165508396,335.688
0.165517694,334.715
0.165526989,334.635
0.165536290,334.819
0.165545612,335.585
0.165554909,334.715
0.165564217,335.083
0.165573513,334.670
0.165582859,336.454
0.165592163,334.931
0.165601461,334.742
0.165610807,336.452
0.165620115,335.085
0.165629411,334.653
0.165638736,335.682
0.165648036,334.823
0.165657332,334.645
0.165666632,334.807
0.165675954,335.588
0.165685268,335.310
0.165694566,334.730
0.165703864,334.721
0.165713159,334.633
0.165722513,336.712
0.165731829,335.398
0.165741152,335.620
0.165750465,335.262
0.165759787,335.608
0.165769086,334.753
0.165778412,335.738
0.165787710,334.718
0.165797033,335.656
0.165806370,336.124
0.165815694,335.638
0.165825020,335.745
0.165834328,335.112
0.165843650,335.589
0.165852951,334.816
0.165862246,334.637
0.165871571,335.673
0.165880870,334.795
0.165890166,334.640
0.165899463,334.690
0.165908761,334.743
0.165918059,334.709
0.165927354,334.631
0.165936655,334.818
0.165945950,334.629
0.165955248,334.740
0.165964575,335.767
0.165973871,334.656
0.165983199,335.791
0.165992521,335.610
0.166001819,334.723
0.166011145,335.723
0.166020453,335.101
0.166029751,334.725
0.166039079,335.798
0.166048376,334.702
0.166057695,335.474
0.166066995,334.818
0.166076290,334.634
0.166085588,334.709
0.166094886,334.739
0.166104210,335.664
0.166113506,334.634
0.166122806,334.813
0.166132103,334.696
0.166141454,336.639
0.166150778,335.661
0.166160074,334.638
0.166169400,335.759
0.166178708,335.073
0.166188032,335.667
0.166197332,334.792
0.166206627,334.646
0.166215924,334.694
0.166225276,336.640
0.166234594,335.446
0.166243900,335.031
0.166253227,335.766
0.166262524,334.707
0.166271834,335.167
0.166281175,336.274
0.166290499,335.665
0.166299802,334.897
0.166309099,334.676
0.166318397,334.728
0.166327696,334.764
0.166337006,335.180
0.166346350,336.385
0.166355651,334.821
0.166364948,334.700
0.166374267,335.500
0.166383568,334.815
0.166392910,336.307
0.166402234,335.664
0.166411559,335.710
0.166420857,334.722
0.166430157,334.793
0.166439479,335.592
0.166448776,334.697
0.166458101,335.695
0.166467398,334.718
0.166476709,335.172
0.166486009,334.806
0.166495333,335.662
0.166504658,335.699
0.166513958,334.800
0.166523280,335.597
0.166532577,334.701
0.166541902,335.700
0.166551200,334.714
0.166560521,335.576
0.166569829,335.073
0.166579153,335.663
0.166588481,335.807
0.166597778,334.704
0.166607110,335.940
0.166616420,335.151
0.166625742,335.596
0.166635062,335.515
0.166644386,335.685
0.166653710,335.663
0.166663006,334.637
0.166672306,334.814
0.166681603,334.694
0.166690899,334.647
0.166700225,335.756
0.166709521,334.634
0.166718848,335.772
0.166728145,334.709
0.166737463,335.428
0.166746815,336.695
0.166756111,334.643
0.166765434,335.648
0.166774733,334.740
0.166784031,334.718
0.166793348,335.443
0.166802649,334.817
0.166811945,334.644
0.166821242,334.721
0.166830542,334.798
0.166839857,335.345
0.166849156,334.740
0.166858480,335.689
0.166867806,335.715
0.166877105,334.781
0.166886403,334.724
0.166895699,334.632
0.166904999,334.816
0.166914296,334.701
0.166923619,335.603
0.166932919,334.810
0.166942227,335.088
0.166951538,335.214
0.166960842,334.942
0.166970159,335.416
0.166979488,335.818
0.166988784,334.660
0.166998082,334.731
0.167007407,335.719
0.167016732,335.671
0.167026028,334.671
0.167035329,334.839
0.167044647,335.454
0.167053959,335.218
0.167063285,335.746
0.167072596,335.183
0.167081893,334.696
0.167091218,335.692
0.167100542,335.666
0.167109890,336.539
0.167119191,334.826
0.167128495,334.934
0.167137822,335.800
0.167147146,335.658
0.167156442,334.645
0.167165742,334.808
0.167175037,334.635
0.167184335,334.715
0.167193636,334.816
0.167202934,334.737
0.167212229,334.635
0.167221531,334.850
0.167230849,335.456
0.167240144,334.646
0.167249498,336.719
0.167258810,335.248
0.167268117,335.060
0.167277442,335.693
0.167286766,335.669
0.167296119,336.698
0.167305451,335.940
0.167314748,334.695
0.167324073,335.694
0.167333419,336.476
0.167342764,336.428
0.167352065,334.814
0.167361387,335.590
0.167370685,334.726
0.167380037,336.697
0.167389333,334.645
0.167398656,335.628
0.167407962,334.993
0.167417260,334.745
0.167426587,335.778
0.167435886,334.773
0.167445208,335.589
0.167454509,334.819
0.167463806,334.708
0.167473102,334.642
0.167482402,334.808
0.167491697,334.631
0.167501031,336.005
0.167510329,334.733
0.167519627,334.711
0.167528922,334.633
0.167538222,334.810
0.167547520,334.707
0.167556815,334.644
0.167566125,335.152
0.167575447,335.587
0.167584755,335.108
0.167594051,334.634
0.167603375,335.663
0.167612701,335.749
0.167621997,334.644
0.167631294,334.700
0.167640611,335.401
0.167649910,334.757
0.167659211,334.867
0.167668519,335.073
0.167677815,334.645
0.167687144,335.857
0.167696451,335.058
0.167705775,335.667
0.167715073,334.720
0.167724384,335.193
0.167733679,334.632
0.167742984,334.954
0.167752281,334.695
0.167761576,334.639
0.167770883,335.046
0.167780221,336.171
0.167789544,335.635
0.167798842,334.729
0.167808185,336.317
0.167817511,335.742
0.167826806,334.643
0.167836150,336.365
0.167845448,334.741
0.167854776,335.792
0.167864072,334.664
0.167873373,334.844
0.167882670,334.698
0.167891996,335.726
0.167901323,335.780
0.167910662,336.179
0.167919969,335.074
0.167929294,335.693
0.167938636,336.317
0.167947934,334.728
0.167957284,336.578
0.167966595,335.204
0.167975895,334.810
0.167985192,334.705
0.167994488,334.649
0.168003788,334.802
0.168013084,334.638
0.168022430,336.477
0.168031755,335.682
0.168041079,335.673
0.168050437,336.889
0.168059738,334.815
0.168069035,334.698
0.168078331,334.651
0.168087631,334.817
0.168096927,334.639
0.168106227,334.818
0.168115522,334.632
0.168124820,334.712
0.168134127,335.055
0.168143435,335.097
0.168152735,334.793
0.168162066,335.900
0.168171363,334.712
0.168180659,334.636
0.168189986,335.768
0.168199281,334.634
0.168208630,336.550
0.168217956,335.742
0.168227269,335.262
0.168236622,336.713
0.168245927,334.982
0.168255251,335.664
0.168264575,335.685
0.168273873,334.716
0.168283210,336.127
0.168292516,335.013
0.168301826,335.169
0.168311122,334.642
0.168320454,335.960
0.168329749,334.637
0.168339047,334.710
0.168348345,334.735
0.168357689,336.382
0.168366984,334.627
0.168376293,335.118
0.168385590,334.698
0.168394889,334.740
0.168404186,334.717
0.168413528,336.289
0.168422830,334.895
0.168432152,335.594
0.168441451,334.755
0.168450778,335.785
0.168460100,335.595
0.168469425,335.677
0.168478724,334.768
0.168488042,335.464
0.168497363,335.551
0.168506665,334.845
0.168515960,334.629
0.168525293,335.996
0.168534633,336.227
0.168543929,334.653
0.168553231,334.900
0.168562554,335.616
0.168571852,334.714
0.168581177,335.707
0.168590502,335.700
0.168599797,334.637
0.168609098,334.836
0.168618396,334.723
0.168627692,334.647
0.168637019,335.790
0.168646315,334.638
0.168655612,334.713
0.168664913,334.825
0.168674238,335.689
0.168683591,336.697
0.168692887,334.662
0.168702204,335.418
0.168711503,334.769
0.168720801,334.729
0.168730113,335.224
0.168739414,334.843
0.168748749,336.049
0.168758087,336.174
0.168767414,335.761
0.168776709,334.647
0.168786007,334.699
0.168795331,335.693
0.168804656,335.675
0.168813951,334.634
0.168823304,336.711
0.168832618,335.291
0.168841918,334.821
0.168851216,334.703
0.168860531,335.355
0.168869831,334.815
0.168879127,334.635
0.168888451,335.668
0.168897749,334.730
0.168907076,335.763
0.168916395,335.475
0.168925695,334.818
0.168935034,336.204
0.168944355,335.540
0.168953681,335.765
0.168963021,336.218
0.168972324,334.932
0.168981620,334.648
0.168990944,335.651
0.169000245,334.836
0.169009541,334.650
0.169018838,334.704
0.169028136,334.743
0.169037461,335.669
0.169046783,335.589
0.169056083,334.819
0.169065400,335.411
0.169074724,335.664
0.169084077,336.698
0.169093372,334.644
0.169102680,335.055
0.169112004,335.695
0.169121302,334.717
0.169130600,334.731
0.169139898,334.716
0.169149215,335.413
0.169158523,335.094
0.169167820,334.702
0.169177142,335.596
0.169186443,334.809
0.169195738,334.637
0.169205058,335.521
0.169214356,334.731
0.169223680,335.670
0.169232976,334.632
0.169242279,334.901
0.169251604,335.731
0.169260955,336.605
0.169270282,335.772
0.169279595,335.292
0.169288949,336.728
0.169298255,335.026
0.169307594,336.219
0.169316903,335.124
0.169326199,334.643
0.169335518,335.496
0.169344848,335.876
0.169354146,334.708
0.169363453,335.066
0.169372754,334.814
0.169382092,336.169
0.169391389,334.711
0.169400691,334.882
0.169410014,335.601
0.169419323,335.125
0.169428618,334.637
0.169437942,335.675
0.169447241,334.730
0.169456565,335.669
0.169465881,335.390
0.169475182,334.822
0.169484501,335.509
0.169493797,334.645
0.169503097,334.812
0.169512393,334.635
0.169521713,335.518
0.169531038,335.705
0.169540352,335.306
0.169549649,334.683
0.169558950,334.844
0.169568265,335.357
0.169577564,334.738
0.169586861,334.719
0.169596203,336.287
0.169605530,335.767
0.169614851,335.579
0.169624175,335.664
0.169633480,334.981
0.169642804,335.660
0.169652102,334.711
0.169661430,335.810
0.169670754,335.671
0.169680050,334.642
0.169689376,335.767
0.169698717,336.257
0.169708044,335.780
0.169717368,335.645
0.169726663,334.652
0.169735964,334.804
0.169745270,335.044
0.169754568,334.716
0.169763898,335.886
0.169773196,334.716
0.169782491,334.630
0.169791818,335.766
0.169801115,334.706
0.169810412,334.663
0.169819719,335.053
0.169829041,335.597
0.169838338,334.718
0.169847637,334.733
0.169856934,334.719
0.169866230,334.637
0.169875530,334.808
0.169884837,335.037
0.169894163,335.738
0.169903461,334.730
0.169912757,334.666
0.169922068,335.188
0.169931376,335.104
0.169940674,334.726
0.169950001,335.773
0.169959311,335.167
0.169968632,335.545
0.169977931,334.765
0.169987272,336.255
0.169996592,335.547
0.170005920,335.790
0.170015233,335.292
0.170024543,335.127
0.170033840,334.723
0.170043182,336.291
0.170052535,336.716
0.170061854,335.492
0.170071152,334.714
0.170080475,335.614
0.170089774,334.767
0.170099114,336.256
0.170108422,335.081
0.170117720,334.751
0.170127016,334.648
0.170136346,335.882
0.170145642,334.644
0.170154940,334.725
0.170164238,334.738
0.170173562,335.667
0.170182889,335.746
0.170192211,335.595
0.170201534,335.646
0.170210832,334.739
0.170220153,335.544
0.170229471,335.437
0.170238771,334.822
0.170248093,335.590
0.170257403,335.149
0.170266729,335.748
0.170276041,335.233
0.170285365,335.646
0.170294663,334.742
0.170303961,334.706
0.170313259,334.727
0.170322557,334.723
0.170331871,335.321
0.170341179,335.072
0.170350475,334.689
0.170359772,334.658
0.170369084,335.261
0.170378382,334.713
0.170387680,334.733
0.170397005,335.686
0.170406329,335.666
0.170415675,336.454
0.170424975,334.809
0.170434292,335.404
0.170443614,335.595
0.170452915,334.838
0.170462228,335.283
0.170471582,336.725
0.170480877,334.636
0.170490175,334.726
0.170499482,335.033
0.170508816,336.026
0.170518113,334.703
0.170527416,334.923
0.170536714,334.718
0.170546009,334.635
0.170555336,335.760
0.170564631,334.633
0.170573955,335.666
0.170583255,334.792
0.170592577,335.593
0.170601874,334.696
0.170611200,335.714
0.170620518,335.454
0.170629864,336.448
0.170639174,335.165
0.170648490,335.370
0.170657791,334.848
0.170667089,334.733
0.170676385,334.646
0.170685712,335.765
0.170695007,334.637
0.170704331,335.663
0.170713629,334.733
0.170722927,334.718
0.170732223,334.640
0.170741551,335.837
0.170750867,335.379
0.170760173,334.990
0.170769483,335.150
0.170778778,334.630
0.170788086,335.100
0.170797382,334.637
0.170806706,335.668
0.170816006,334.793
0.170825301,334.646
0.170834613,335.223
0.170843964,336.644
0.170853262,334.714
0.170862560,334.718
0.170871887,335.785
0.170881182,334.641
0.170890532,336.572
0.170899832,334.793
0.170909128,334.661
0.170918437,335.135
0.170927759,335.605
0.170937058,334.749
0.170946383,335.687
0.170955707,335.676
0.170965002,334.635
0.170974303,334.809
0.170983600,334.695
0.170992909,335.150
0.171002236,335.764
0.171011546,335.150
0.171020844,334.718
0.171030142,334.735
0.171039486,336.392
0.171048781,334.635
0.171058082,334.817
0.171067379,334.697
0.171076739,336.971
0.171086037,334.714
0.171095378,336.286
0.171104679,334.813
0.171113976,334.714
0.171123275,334.746
0.171132575,334.797
0.171141883,335.109
0.171151180,334.697
0.171160505,335.695
0.171169803,334.717
0.171179134,335.929
0.171188455,335.560
0.171197751,334.657
0.171207101,336.598
0.171216429,335.800
0.171225726,334.680
0.171235027,334.849
0.171244360,335.974
0.171253684,335.668
0.171263008,335.685
0.171272306,334.710
0.171281623,335.408
0.171290950,335.766
0.171300273,335.650
0.171309569,334.645
0.171318870,334.832
0.171328181,335.204
0.171337479,334.722
0.171346777,334.729
0.171356084,335.048
0.171365411,335.779
0.171374733,335.606
0.171384032,334.737
0.171393358,335.731
0.171402655,334.724
0.171411952,334.669
0.171421279,335.796
0.171430575,334.633
0.171439900,335.691
0.171449200,334.827
0.171458496,334.646
0.171467820,335.660
0.171477146,335.724
0.171486443,334.717
0.171495739,334.642
0.171505040,334.825
0.171514335,334.634
0.171523633,334.718
0.171532932,334.788
0.171542228,334.646
0.171551529,334.815
0.171560824,334.635
0.171570122,334.716
0.171579446,335.681
0.171588770,335.667
0.171598108,336.175
0.171607436,335.791
0.171616747,335.213
0.171626043,334.647
0.171635343,334.805
0.171644681,336.162
0.171653979,334.719
0.171663304,335.689
0.171672646,336.321
0.171681946,334.794
0.171691268,335.592
0.171700565,334.691
0.171709863,334.740
0.171719197,336.025
0.171728555,336.899
0.171737901,336.439
0.171747199,334.730
0.171756524,335.702
0.171765825,334.830
0.171775121,334.674
0.171784456,336.056
0.171793755,334.772
0.171803053,334.724
0.171812387,336.032
0.171821685,334.722
0.171831007,335.590
0.171840311,334.929
0.171849635,335.659
0.171858930,334.645
0.171868231,334.811
0.171877526,334.632
0.171886824,334.715
0.171896122,334.730
0.171905446,335.660
0.171914777,335.928
0.171924104,335.765
0.171933401,334.700
0.171942697,334.644
0.171951997,334.810
0.171961292,334.634
0.171970590,334.707
0.171979914,335.676
0.171989238,335.662
0.171998538,334.790
0.172007860,335.592
0.172017172,335.256
0.172026478,334.997
0.172035778,334.802
0.172045100,335.599
0.172054405,334.974
0.172063700,334.634
0.172073034,336.015
0.172082361,335.753
0.172091685,335.667
0.172100982,334.714
0.172110281,334.749
0.172119579,334.717
0.172128877,334.729
0.172138184,335.057
0.172147542,336.885
0.172156869,335.769
0.172166166,334.699
0.172175461,334.648
0.172184762,334.817
0.172194057,334.640
0.172203395,336.157
0.172212724,335.830
0.172222036,335.248
0.172231382,336.464
0.172240685,334.886
0.172249982,334.699
0.172259304,335.596
0.172268605,334.813
0.172277918,335.279
0.172287218,334.807
0.172296533,335.345
0.172305848,335.343
0.172315148,334.792
0.172324495,336.502
0.172333817,335.590
0.172343121,334.921
0.172352445,335.680
0.172361741,334.639
0.172371041,334.822
0.172380379,336.155
0.172389703,335.663
0.172399029,335.751
0.172408343,335.281
0.172417643,334.811
0.172426991,336.525
0.172436289,334.720
0.172445613,335.687
0.172454935,335.579
0.172464252,335.404
0.172473578,335.758
0.172482876,334.708
0.172492184,335.115
0.172501517,335.971
0.172510833,335.382
0.172520131,334.713
0.172529455,335.679
0.172538779,335.675
0.172548106,335.746
0.172557401,334.640
0.172566698,334.696
0.172575999,334.810
0.172585297,334.744
0.172594613,335.369
0.172603940,335.769
0.172613262,335.588
0.172622581,335.512
0.172631881,334.798
0.172641177,334.648
0.172650474,334.696
0.172659799,335.691
0.172669097,334.720
0.172678417,335.538
0.172687717,334.810
0.172697013,334.636
0.172706366,336.713
0.172715689,335.630
0.172725012,335.640
0.172734314,334.844
0.172743609,334.635
0.172752907,334.726
0.172762205,334.731
0.172771503,334.722
0.172780834,335.929
0.172790161,335.766
0.172799458,334.700
0.172808778,335.495
0.172818114,336.110
0.172827427,335.265
0.172836725,334.732
0.172846024,334.759
0.172855342,335.431
0.172864642,334.832
0.172873973,335.909
0.172883298,335.700
0.172892623,335.710
0.172901922,334.743
0.172911240,335.436
0.172920541,334.833
0.172929836,334.633
0.172939160,335.670
0.172948486,335.746
0.172957782,334.646
0.172967107,335.688
0.172976432,335.694
0.172985773,336.297
0.172995071,334.737
0.173004369,334.719
0.173013665,334.638
0.173022965,334.819
0.173032273,335.082
0.173041595,335.602
0.173050896,334.811
0.173060191,334.632
0.173069492,334.823
0.173078790,334.744
0.173088136,336.464
0.173097432,334.636
0.173106785,336.718
0.173116102,335.409
0.173125424,335.597
0.173134760,336.078
0.173144066,335.048
0.173153368,334.840
0.173162689,335.562
0.173172013,335.670
0.173181313,334.798
0.173190609,334.652
0.173199927,335.456
0.173209225,334.743
0.173218586,336.973
0.173227904,335.465
0.173237205,334.814
0.173246520,335.371
0.173255818,334.716
0.173265144,335.745
0.173274486,336.285
0.173283783,334.698
0.173293107,335.687
0.173302422,335.321
0.173311722,334.816
0.173321020,334.736
0.173330342,335.581
0.173339646,334.938
0.173348970,335.651
0.173358305,336.081
0.173367606,334.815
0.173376916,335.156
0.173386240,335.666
0.173395538,334.728
0.173404851,335.283
0.173414175,335.666
0.173423476,334.844
0.173432801,335.681
0.173442100,334.762
0.173451408,335.082
0.173460703,334.646
0.173470030,335.759
0.173479352,335.587
0.173488676,335.674
0.173497976,334.803
0.173507285,335.122
0.173516622,336.122
0.173525950,335.816
0.173535248,334.713
0.173544594,336.481
0.173553932,336.158
0.173563228,334.638
0.173572554,335.765
0.173581852,334.703
0.173591148,334.657
0.173600449,334.863
0.173609756,335.033
0.173619054,334.718
0.173628378,335.677
0.173637702,335.666
0.173647011,335.128
0.173656311,334.813
0.173665609,334.693
0.173674904,334.643
0.173684211,335.031
0.173693526,335.360
0.173702836,335.163
0.173712136,334.784
0.173721450,335.327
0.173730746,334.637
0.173740046,334.821
0.173749344,334.699
0.173758642,334.740
0.173767966,335.668
0.173777308,336.313
0.173786635,335.772
0.173795933,334.727
0.173805232,334.745
0.173814531,334.797
0.173823868,336.112
0.173833165,334.695
0.173842490,335.697
0.173851804,335.291
0.173861099,334.637
0.173870426,335.769
0.173879748,335.587
0.173889048,334.815
0.173898345,334.692
0.173907660,335.319
0.173916987,335.770
0.173926282,334.642
0.173935580,334.713
0.173944931,336.633
0.173954268,336.140
0.173963604,336.083
0.173972932,335.806
0.173982236,334.947
0.173991557,335.564
0.174000886,335.839
0.174010182,334.678
0.174019536,336.719
0.174028831,334.631
0.174038148,335.398
0.174047450,334.874
0.174056746,334.651
0.174066043,334.700
0.174075341,334.743
0.174084639,334.718
0.174093934,334.632
0.174103261,335.757
0.174112570,335.136
0.174121894,335.664
0.174131194,334.801
0.174140538,336.366
0.174149860,335.609
0.174159185,335.694
0.174168500,335.348
0.174177825,335.691
0.174187123,334.720
0.174196445,335.588
0.174205745,334.810
0.174215068,335.645
0.174224390,335.595
0.174233696,334.999
0.174243014,335.454
0.174252335,335.536
0.174261633,334.756
0.174270979,336.445
0.174280301,335.599
0.174289629,335.802
0.174298975,336.457
0.174308301,335.716
0.174317598,334.721
0.174326921,335.606
0.174336222,334.836
0.174345559,336.133
0.174354857,334.747
0.174364211,336.722
0.174373506,334.646
0.174382804,334.722
0.174392129,335.695
0.174401427,334.714
0.174410751,335.683
0.174420049,334.712
0.174429344,334.625
0.174438671,335.760
0.174447968,334.696
0.174457263,334.648
0.174466568,334.957
0.174475863,334.638
0.174485161,334.707
0.174494491,335.887
0.174503815,335.668
0.174513110,334.630
0.174522458,336.501
0.174531794,336.111
0.174541102,335.088
0.174550427,335.697
0.174559723,334.656
0.174569024,334.851
0.174578320,334.636
0.174587645,335.692
0.174596946,334.836
0.174606241,334.650
0.174615606,337.136
0.174624906,334.777
0.174634203,334.719
0.174643522,335.487
0.174652823,334.817
0.174662118,334.634
0.174671416,334.721
0.174680744,335.796
0.174690057,335.271
0.174699366,335.137
0.174708662,334.637
0.174717959,334.716
0.174727258,334.737
0.174736593,336.061
0.174745888,334.636
0.174755188,334.808
0.174764521,335.992
0.174773868,336.473
0.174783169,334.842
0.174792512,336.361
0.174801835,335.615
0.174811153,335.444
0.174820478,335.696
0.174829800,335.584
0.174839126,335.765
0.174848424,334.696
0.174857722,334.738
0.174867019,334.712
0.174876361,336.313
0.174885721,336.939
0.174895016,334.629
0.174904362,336.471
0.174913662,334.792
0.174922984,335.593
0.174932306,335.571
0.174941606,334.820
0.174950930,335.659
0.174960235,334.993
0.174969536,334.816
0.174978849,335.272
0.174988177,335.795
0.174997484,335.062
0.175006826,336.311
0.175016126,334.803
0.175025450,335.659
0.175034748,334.739
0.175044078,335.856
0.175053389,335.221
0.175062685,334.634
0.175072031,336.480
0.175081330,334.737
0.175090625,334.650
0.175099935,335.147
0.175109248,335.274
0.175118558,335.161
0.175127880,335.583
0.175137178,334.721
0.175146478,334.798
0.175155798,335.545
0.175165096,334.703
0.175174394,334.739
0.175183718,335.667
0.175193014,334.642
0.175202314,334.816
0.175211623,335.126
0.175220921,334.719
0.175230247,335.746
0.175239558,335.200
0.175248867,335.094
0.175258165,334.739
0.175267491,335.757
0.175276816,335.692
0.175286140,335.670
0.175295455,335.319
0.175304789,336.029
0.175314113,335.656
0.175323435,335.604
0.175332763,335.802
0.175342058,334.639
0.175351382,335.669
0.175360708,335.708
0.175370006,334.731
0.175379301,334.639
0.175388638,336.115
0.175397962,335.653
0.175407313,336.646
0.175416610,334.712
0.175425925,335.316
0.175435225,334.817
0.175444572,336.478
0.175453870,334.720
0.175463196,335.745
0.175472492,334.643
0.175481815,335.639
0.175491166,336.638
0.175500464,334.719
0.175509773,335.134
0.175519101,335.825
0.175528397,334.639
0.175537721,335.658
0.175547073,336.697
0.175556395,335.590
0.175565722,335.760
0.175575029,335.038
0.175584326,334.713
0.175593627,334.837
0.175602961,336.011
0.175612292,335.923
0.175621619,335.765
0.175630971,336.686
0.175640292,335.542
0.175649593,334.837
0.175658889,334.642
0.175668223,336.036
0.175677548,335.698
0.175686872,335.667
0.175696172,334.796
0.175705519,336.498
0.175714842,335.640
0.175724167,335.694
0.175733465,334.726
0.175742761,334.640
0.175752074,335.274
0.175761385,335.204
0.175770684,334.749
0.175780010,335.755
0.175789326,335.372
0.175798634,335.082
0.175807960,335.729
0.175817276,335.379
0.175826610,336.022
0.175835907,334.719
0.175845204,334.661
0.175854530,335.768
0.175863828,334.695
0.175873150,335.593
0.175882455,334.993
0.175891750,334.636
0.175901048,334.719
0.175910350,334.878
0.175919672,335.580
0.175928968,334.649
0.175938295,335.772
0.175947592,334.704
0.175956914,335.572
0.175966214,334.814
0.175975509,334.633
0.175984837,335.795
0.175994185,336.540
0.176003485,334.804
0.176012794,335.126
0.176022114,335.502
0.176031425,335.203
0.176040750,335.698
0.176050062,335.220
0.176059357,334.636
0.176068684,335.764
0.176078022,336.158
0.176087371,336.584
0.176096671,334.787
0.176106029,336.903
0.176115338,335.107
0.176124633,334.640
0.176133931,334.715
0.176143256,335.687
0.176152589,336.012
0.176161885,334.630
0.176171212,335.768
0.176180528,335.381
0.176189825,334.721
0.176199186,336.963
0.176208509,335.626
0.176217858,336.585
0.176227157,334.765
0.176236473,335.371
0.176245828,336.792
0.176255149,335.561
0.176264473,335.657
0.176273804,335.919
0.176283102,334.711
0.176292446,336.387
0.176301747,334.823
0.176311042,334.634
0.176320340,334.716
0.176329669,335.857
0.176338965,334.642
0.176348262,334.697
0.176357613,336.639
0.176366911,334.720
0.176376235,335.685
0.176385533,334.721
0.176394872,336.198
0.176404206,336.026
0.176413503,334.697
0.176422846,336.352
0.176432146,334.810
0.176441442,334.634
0.176450740,334.720
0.176460043,334.925
0.176469376,336.000
0.176478711,336.050
0.176488014,334.897
0.176497328,335.308
0.176506677,336.552
0.176516008,335.935
0.176525304,334.652
0.176534631,335.777
0.176543926,334.630
0.176553251,335.669
0.176562583,335.964
0.176571928,336.421
0.176581251,335.643
0.176590576,335.692
0.176599900,335.665
0.176609196,334.636
0.176618496,334.819
0.176627808,335.229
0.176637132,335.662
0.176646441,335.114
0.176655755,335.304
0.176665056,334.851
0.176674378,335.589
0.176683696,335.434
0.176693020,335.692
0.176702344,335.668
0.176711640,334.640
0.176720940,334.810
0.176730266,335.742
0.176739581,335.325
0.176748883,334.864
0.176758247,337.121
0.176767576,335.818
0.176776878,334.878
0.176786177,334.761
0.176795503,335.762
0.176804800,334.684
0.176814098,334.705
0.176823396,334.747
0.176832694,334.717
0.176842016,335.586
0.176851316,334.816
0.176860612,334.638
0.176869958,336.474
0.176879284,335.747
0.176888607,335.600
0.176897915,335.106
0.176907268,336.718
0.176916628,336.960
0.176925963,336.056
0.176935288,335.692
0.176944600,335.247
0.176953928,335.791
0.176963252,335.664
0.176972548,334.664
0.176981879,335.919
0.176991189,335.152
0.177000511,335.583
0.177009816,334.972
0.177019134,335.468
0.177028442,335.092
0.177037744,334.875
0.177047061,335.388
0.177056357,334.668
0.177065658,334.839
0.177074972,335.315
0.177084274,334.842
0.177093569,334.633
0.177102893,335.669
0.177112193,334.806
0.177121539,336.439
0.177130872,335.992
0.177140197,335.700
0.177149495,334.717
0.177158790,334.646
0.177168090,334.806
0.177177401,335.195
0.177186699,334.725
0.177196026,335.742
0.177205321,334.650
0.177214659,336.141
0.177223981,335.624
0.177233279,334.724
0.177242580,334.837
0.177251879,334.743
0.177261201,335.587
0.177270507,335.038
0.177279832,335.672
0.177289127,334.641
0.177298454,335.762
0.177307751,334.687
0.177317087,336.102
0.177326413,335.724
0.177335711,334.754
0.177345007,334.633
0.177354307,334.816
0.177363604,334.697
0.177372902,334.737
0.177382200,334.717
0.177391496,334.636
0.177400797,334.857
0.177410093,334.648
0.177419417,335.664
0.177428749,335.967
0.177438045,334.644
0.177447345,334.803
0.177456670,335.699
0.177465968,334.721
0.177475290,335.588
0.177484590,334.810
0.177493928,336.173
0.177503252,335.663
0.177512552,334.789
0.177521848,334.651
0.177531148,334.807
0.177540453,334.987
0.177549751,334.712
0.177559049,334.732
0.177568346,334.713
0.177577684,336.154
0.177587055,337.346
0.177596389,336.024
0.177605711,335.601
0.177615039,335.795
0.177624355,335.385
0.177633664,335.117
0.177642997,336.003
0.177652295,334.743
0.177661622,335.752
0.177670917,334.641
0.177680217,334.797
0.177689542,335.704
0.177698865,335.597
0.177708181,335.391
0.177717508,335.769
0.177726803,334.625
0.177736123,335.525
0.177745449,335.740
0.177754772,335.600
0.177764069,334.700
0.177773369,334.823
0.177782667,334.708
0.177791962,334.635
0.177801316,336.747
0.177810612,334.638
0.177819947,336.062
0.177829281,336.035
0.177838603,335.597
0.177847922,335.478
0.177857218,334.664
0.177866579,336.989
0.177875917,336.163
0.177885242,335.709
0.177894564,335.591
0.177903894,335.857
0.177913191,334.706
0.177922487,334.649
0.177931788,334.828
0.177941083,334.637
0.177950410,335.766
0.177959742,335.969
0.177969067,335.667
0.177978366,334.793
0.177987712,336.442
0.177997035,335.643
0.178006334,334.739
0.178015631,334.718
0.178024927,334.636
0.178034254,335.767
0.178043575,335.582
0.178052909,336.011
0.178062235,335.748
0.178071549,335.286
0.178080850,334.829
0.178090181,335.932
0.178099479,334.716
0.178108777,334.734
0.178118101,335.670
0.178127397,334.640
0.178136737,336.238
0.178146035,334.742
0.178155367,335.947
0.178164667,334.820
0.178173999,335.926
0.178183323,335.669
0.178192649,335.740
0.178201965,335.386
0.178211261,334.637
0.178220614,336.713
0.178229911,334.699
0.178239211,334.792
0.178248535,335.668
0.178257846,335.184
0.178267152,335.026
0.178276483,335.930
0.178285781,334.716
0.178295086,334.967
0.178304381,334.650
0.178313678,334.693
0.178322977,334.742
0.178332295,335.440
0.178341601,335.026
0.178350901,334.804
0.178360223,335.577
0.178369561,336.177
0.178378889,335.806
0.178388187,334.727
0.178397514,335.780
0.178406865,336.619
0.178416190,335.710
0.178425515,335.719
0.178434876,336.986
0.178444196,335.511
0.178453497,334.827
0.178462794,334.696
0.178472141,336.514
0.178481441,334.808
0.178490737,334.639
0.178500037,334.814
0.178509333,334.629
0.178518657,335.667
0.178527983,335.741
0.178537290,335.051
0.178546602,335.241
0.178555900,334.742
0.178565198,334.712
0.178574494,334.638
0.178583798,334.972
0.178593094,334.637
0.178602400,335.024
0.178611727,335.790
0.178621023,334.656
0.178630348,335.679
0.178639674,335.723
0.178648971,334.717
0.178658270,334.761
0.178667595,335.695
0.178676926,335.928
0.178686254,335.801
0.178695561,335.037
0.178704858,334.686
0.178714211,336.733
0.178723555,336.391
0.178732866,335.162
0.178742167,334.854
0.178751465,334.724
0.178760760,334.641
0.178770061,334.807
0.178779377,335.384
0.178788673,334.645
0.178797973,334.829
0.178807287,335.285
0.178816614,335.771
0.178825911,334.680
0.178835211,334.820
0.178844564,336.705
0.178853883,335.488
0.178863180,334.695
0.178872483,334.912
0.178881807,335.668
0.178891103,334.634
0.178900403,334.818
0.178909735,335.928
0.178919032,334.717
0.178928359,335.746
0.178937681,335.597
0.178946981,334.816
0.178956296,335.325
0.178965623,335.772
0.178974921,334.738
0.178984220,334.757
0.178993562,336.335
0.179002920,336.884
0.179012218,334.701
0.179021513,334.639
0.179030813,334.808
0.179040123,335.158
0.179049421,334.710
0.179058745,335.683
0.179068082,336.105
0.179077377,334.644
0.179086678,334.825
0.179095975,334.701
0.179105274,334.749
0.179114581,335.071
0.179123877,334.640
0.179133206,335.850
0.179142526,335.504
0.179151886,336.966
0.179161212,335.744
0.179170508,334.647
0.179179831,335.646
0.179189130,334.740
0.179198427,334.710
0.179207723,334.640
0.179217023,334.812
0.179226362,336.190
0.179235659,334.718
0.179244959,334.786
0.179254256,334.691
0.179263556,334.816
0.179272862,335.005
0.179282160,334.714
0.179291458,334.738
0.179300770,335.230
0.179310080,335.176
0.179319381,334.825
0.179328678,334.701
0.179337974,334.650
0.179347301,335.767
0.179356596,334.638
0.179365894,334.718
0.179375192,334.729
0.179384516,335.668
0.179393837,335.553
0.179403164,335.766
0.179412479,335.343
0.179421777,334.742
0.179431075,334.717
0.179440371,334.635
0.179449724,336.713
0.179459058,336.017
0.179468355,334.715
0.179477655,334.790
0.179486950,334.636
0.179496270,335.508
0.179505600,335.892
0.179514943,336.333
0.179524264,335.551
0.179533601,336.128
0.179542916,335.342
0.179552244,335.806
0.179561567,335.657
0.179570899,335.945
0.179580199,334.802
0.179589495,334.635
0.179598819,335.663
0.179608170,336.637
0.179617468,334.720
0.179626789,335.589
0.179636116,335.761
0.179645413,334.698
0.179654709,334.643
0.179664009,334.813
0.179673321,335.237
0.179682619,334.718
0.179691944,335.689
0.179701268,335.665
0.179710568,334.799
0.179719890,335.596
0.179729223,335.989
0.179738548,335.695
0.179747846,334.715
0.179757163,335.432
0.179766519,336.813
0.179775829,335.170
0.179785152,335.626
0.179794455,334.896
0.179803781,335.727
0.179813079,334.739
0.179822386,335.058
0.179831684,334.712
0.179840991,335.049
0.179850315,335.669
0.179859610,334.637
0.179868940,335.859
0.179878263,335.646
0.179887559,334.644
0.179896859,334.809
0.179906155,334.638
0.179915479,335.675
0.179924781,334.864
0.179934126,336.421
0.179943421,334.630
0.179952748,335.760
0.179962062,335.302
0.179971383,335.586
0.179980693,335.138
0.179990006,335.262
0.179999343,336.156
0.180008640,334.673
0.180017938,334.727
0.180027238,334.823
0.180036561,335.630
0.180045859,334.710
0.180055158,334.775
0.180064478,335.526
0.180073794,335.367
0.180083096,334.884
0.180092393,334.665
0.180101691,334.728
0.180110992,334.829
0.180120305,335.278
0.180129602,334.697
0.180138927,335.697
0.180148224,334.714
0.180157523,334.736
0.180166831,335.087
0.180176153,335.590
0.180185453,334.820
0.180194750,334.703
0.180204067,335.408
0.180213377,335.140
0.180222694,335.436
0.180232022,335.779
0.180241320,334.741
0.180250671,336.623
0.180259991,335.540
0.180269292,334.818
0.180278616,335.657
0.180287914,334.743
0.180297238,335.666
0.180306569,335.926
0.180315870,334.821
0.180325177,335.042
0.180334489,335.250
0.180343794,334.992
0.180353117,335.610
0.180362441,335.677
0.180371744,334.885
0.180381042,334.721
0.180390337,334.638
0.180399664,335.765
0.180408959,334.634
0.180418283,335.640
0.180427611,335.805
0.180436942,335.942
0.180446243,334.842
0.180455540,334.667
0.180464840,334.825
0.180474166,335.726
0.180483465,334.754
0.180492760,334.634
0.180502061,334.810
0.180511384,335.653
0.180520703,335.466
0.180530035,335.978
0.180539357,335.584
0.180548655,334.720
0.180557953,334.743
0.180567270,335.405
0.180576565,334.630
0.180585866,334.813
0.180595163,334.700
0.180604461,334.740
0.180613759,334.717
0.180623097,336.180
0.180632453,336.812
0.180641775,335.593
0.180651082,335.027
0.180660409,335.784
0.180669745,336.116
0.180679067,335.561
0.180688418,336.636
0.180697718,334.812
0.180707050,335.952
0.180716377,335.777
0.180725673,334.638
0.180735008,336.060
0.180744316,335.091
0.180753611,334.644
0.180762918,335.037
0.180772213,334.639
0.180781537,335.662
0.180790862,335.686
0.180800208,336.456
0.180809527,335.484
0.180818854,335.762
0.180828177,335.653
0.180837473,334.647
0.180846809,336.075
0.180856122,335.285
0.180865423,334.827
0.180874718,334.637
0.180884032,335.301
0.180893332,334.796
0.180902655,335.611
0.180912013,336.919
0.180921367,336.732
0.180930668,334.813
0.180940013,336.454
0.180949341,335.776
0.180958663,335.591
0.180967960,334.721
0.180977287,335.749
0.180986582,334.647
0.180995883,334.807
0.181005178,334.645
0.181014476,334.721
0.181023827,336.635
0.181033149,335.595
0.181042459,335.160
0.181051786,335.760
0.181061083,334.704
0.181070379,334.649
0.181079706,335.763
0.181089028,335.586
0.181098350,335.604
0.181107674,335.680
0.181116998,335.664
0.181126325,335.744
0.181135647,335.598
0.181144944,334.700
0.181154269,335.695
0.181163569,334.801
0.181172865,334.648
0.181182211,336.476
0.181191507,334.660
0.181200831,335.667
0.181210137,334.986
0.181219433,334.678
0.181228731,334.706
0.181238055,335.697
0.181247353,334.712
0.181256649,334.638
0.181265975,335.771
0.181275271,334.632
0.181284597,335.759
0.181293895,334.695
0.181303190,334.648
0.181312491,334.814
0.181321786,334.630
0.181331083,334.706
0.181340408,335.686
0.181349706,334.718
0.181359023,335.409
0.181368349,335.765
0.181377647,334.707
0.181386969,335.593
0.181396285,335.364
0.181405608,335.633
0.181414932,335.686
0.181424267,336.034
0.181433635,337.278
0.181442962,335.766
0.181452259,334.673
0.181461577,335.463
0.181470888,335.186
0.181480187,334.773
0.181489484,334.704
0.181498785,334.839
0.181508081,334.631
0.181517378,334.713
0.181526704,335.742
0.181536000,334.644
0.181545324,335.651
0.181554622,334.743
0.181563920,334.714
0.181573215,334.637
0.181582542,335.767
0.181591838,334.642
0.181601138,334.808
0.181610435,334.696
0.181619777,336.309
0.181629080,334.916
0.181638402,335.595
0.181647700,334.726
0.181657051,336.639
0.181666371,335.499
0.181675729,336.890
0.181685056,335.768
0.181694380,335.659
0.181703675,334.647
0.181712976,334.810
0.181722271,334.640
0.181731617,336.434
0.181740925,335.090
0.181750243,335.444
0.181759570,335.786
0.181768866,334.656
0.181778164,334.728
0.181787462,334.741
0.181796760,334.717
0.181806056,334.642
0.181815356,334.818
0.181824687,335.929
0.181833985,334.727
0.181843285,334.794
0.181852581,334.645
0.181861881,334.799
0.181871180,334.754
0.181880477,334.714
0.181889776,334.740
0.181899100,335.674
0.181908422,335.580
0.181917750,335.836
0.181927059,335.115
0.181936391,335.942
0.181945717,335.756
0.181955013,334.636
0.181964337,335.658
0.181973635,334.729
0.181982968,336.010
0.181992288,335.512
0.182001615,335.762
0.182010938,335.645
0.182020234,334.664
0.182029536,334.853
0.182038849,335.260
0.182048157,335.101
0.182057479,335.580
0.182066803,335.668
0.182076103,334.800
0.182085399,334.650
0.182094698,334.779
0.182103997,334.752
0.182113295,334.720
0.182122640,336.433
0.182131967,335.772
0.182141298,335.927
0.182150622,335.667
0.182159922,334.794
0.182169218,334.652
0.182178545,335.761
0.182187866,335.569
0.182197190,335.660
0.182206488,334.733
0.182215786,334.719
0.182225081,334.639
0.182234408,335.766
0.182243705,334.694
0.182253027,335.598
0.182262328,334.809
0.182271650,335.592
0.182280998,336.541
0.182290343,336.432
0.182299659,335.376
0.182308981,335.594
0.182318283,334.844
0.182327602,335.508
0.182336901,334.751
0.182346199,334.724
0.182355494,334.636
0.182364795,334.822
0.182374090,334.637
0.182383414,335.667
0.182392714,334.796
0.182402010,334.657
0.182411307,334.695
0.182420632,335.691
0.182429930,334.719
0.182439252,335.584
0.182448552,334.810
0.182457874,335.583
0.182467198,335.668
0.182476524,335.757
0.182485839,335.320
0.182495147,335.091
0.182504469,335.592
0.182513793,335.660
0.182523150,336.851
0.182532447,334.714
0.182541743,334.633
0.182551070,335.765
0.182560369,334.776
0.182569691,335.609
0.182579001,335.128
0.182588297,334.655
0.182597621,335.696
0.182606920,334.737
0.182616235,335.360
0.182625535,334.802
0.182634831,334.648
0.182644145,335.298
0.182653496,336.642
0.182662820,335.666
0.182672116,334.633
0.182681421,335.000
0.182690730,335.117
0.182700041,335.193
0.182709393,336.694
0.182718704,335.196
0.182728053,336.551
0.182737378,335.689
0.182746719,336.299
0.182756017,334.725
0.182765341,335.645
0.182774636,334.631
0.182783936,334.808
0.182793296,336.939
0.182802619,335.629
0.182811951,335.954
0.182821247,334.665
0.182830558,335.184
0.182839883,335.692
0.182849218,336.068
0.182858566,336.551
0.182867868,334.841
0.182877192,335.687
0.182886544,336.676
0.182895853,335.100
0.182905168,335.356
0.182914469,334.848
0.182923765,334.629
0.182933089,335.668
0.182942389,334.800
0.182951684,334.640
0.182960981,334.692
0.182970312,335.890
0.182979609,334.716
0.182988967,336.889
0.182998302,336.053
0.183007597,334.631
0.183016895,334.714
0.183026198,334.895
0.183035512,335.320
0.183044812,334.811
0.183054108,334.632
0.183063421,335.284
0.183072719,334.734
0.183082041,335.573
0.183091358,335.412
0.183100685,335.763
0.183109982,334.695
0.183119290,335.096
0.183128590,334.822
0.183137887,334.667
0.183147185,334.719
0.183156482,334.725
0.183165780,334.718
0.183175112,335.942
0.183184412,334.815
0.183193710,334.703
0.183203016,335.047
0.183212314,334.711
0.183221636,335.589
0.183230943,335.056
0.183240265,335.592
0.183249563,334.723
0.183258918,336.787
0.183268241,335.625
0.183277565,335.666
0.183286871,335.007
0.183296189,335.460
0.183305510,335.550
0.183314864,336.751
0.183324205,336.263
0.183333532,335.775
0.183342855,335.649
0.183352151,334.648
0.183361478,335.762
0.183370773,334.627
0.183380071,334.711
0.183389395,335.684
0.183398709,335.314
0.183408007,334.721
0.183417335,335.782
0.183426641,335.031
0.183435989,336.514
0.183445290,334.846
0.183454585,334.641
0.183463883,334.713
0.183473208,335.684
0.183482505,334.717
0.183491807,334.877
0.183501130,335.604
0.183510427,334.707
0.183519752,335.701
0.183529050,334.717
0.183538372,335.586
0.183547672,334.810
0.183556967,334.633
0.183566265,334.722
0.183575568,334.907
0.183584900,335.940
0.183594197,334.699
0.183603523,335.747
0.183612865,336.297
0.183622163,334.735
0.183631487,335.667
0.183640783,334.633
0.183650083,334.811
0.183659431,336.534
0.183668753,335.601
0.183678054,334.810
0.183687358,334.955
0.183696680,335.613
0.183705979,334.735
0.183715303,335.674
0.183724601,334.714
0.183733902,334.839
0.183743199,334.710
0.183752521,335.600
0.183761875,336.716
0.183771197,335.591
0.183780550,336.724
0.183789870,335.522
0.183799168,334.720
0.183808474,335.016
0.183817796,335.590
0.183827093,334.699
0.183836391,334.739
0.183845703,335.221
0.183855011,335.088
0.183864315,334.928
0.183873625,335.188
0.183882949,335.661
0.183892249,334.790
0.183901590,336.265
0.183910890,334.803
0.183920212,335.590
0.183929509,334.713
0.183938860,336.632
0.183948184,335.664
0.183957526,336.316
0.183966860,336.002
0.183976205,336.438
0.183985529,335.645
0.183994830,334.840
0.184004141,335.210
0.184013465,335.667
0.184022763,334.738
0.184032079,335.348
0.184041378,334.789
0.184050674,334.646
0.184059998,335.654
0.184069330,335.963
0.184078628,334.725
0.184087924,334.643
0.184097224,334.824
0.184106520,334.631
0.184115817,334.717
0.184125144,335.744
0.184134454,335.161
0.184143763,335.137
0.184153088,335.694
0.184162385,334.706
0.184171706,335.543
0.184181033,335.766
0.184190362,335.875
0.184199701,336.173
0.184208998,334.712
0.184218311,335.251
0.184227612,334.834
0.184236934,335.597
0.184246241,335.045
0.184255544,334.929
0.184264865,335.543
0.184274187,335.614
0.184283498,335.179
0.184292795,334.706
0.184302127,335.945
0.184311454,335.763
0.184320749,334.641
0.184330047,334.717
0.184339346,334.771
0.184348688,336.300
0.184358041,336.702
0.184367375,336.020
0.184376698,335.644
0.184386002,334.934
0.184395299,334.709
0.184404614,335.327
0.184413943,335.845
0.184423268,335.689
0.184432569,334.847
0.184441877,335.098
0.184451202,335.675
0.184460500,334.757
0.184469825,335.676
0.184479147,335.589
0.184488451,334.937
0.184497748,334.699
0.184507043,334.643
0.184516370,335.758
0.184525682,335.227
0.184534979,334.710
0.184544277,334.730
0.184553575,334.713
0.184562875,334.799
0.184572171,334.640
0.184581468,334.698
0.184590766,334.734
0.184600088,335.596
0.184609383,334.639
0.184618737,336.712
0.184628032,334.632
0.184637365,336.003
0.184646691,335.740
0.184656032,336.250
0.184665341,335.124
0.184674639,334.746
0.184683937,334.718
0.184693259,335.585
0.184702570,335.223
0.184711887,335.403
0.184721216,335.844
0.184730514,334.706
0.184739830,335.378
0.184749130,334.814
0.184758452,335.583
0.184767776,335.659
0.184777100,335.680
0.184786424,335.668
0.184795720,334.638
0.184805047,335.765
0.184814344,334.702
0.184823639,334.643
0.184832966,335.762
0.184842262,334.637
0.184851562,334.815
0.184860857,334.635
0.184870174,335.390
0.184879474,334.794
0.184888769,334.643
0.184898093,335.641
0.184907417,335.693
0.184916744,335.754
0.184926076,335.937
0.184935376,334.821
0.184944734,336.888
0.184954032,334.718
0.184963358,335.743
0.184972684,335.742
0.184982039,336.767
0.184991334,334.633
0.185000634,334.783
0.185009959,335.715
0.185019257,334.721
0.185028579,335.584
0.185037879,334.809
0.185047176,334.694
0.185056498,335.590
0.185065803,334.975
0.185075112,335.147
0.185084410,334.711
0.185093734,335.679
0.185103052,335.433
0.185112373,335.542
0.185121726,336.711
0.185131023,334.692
0.185140321,334.737
0.185149619,334.714
0.185158914,334.632
0.185168216,334.867
0.185177540,335.666
0.185186865,335.688
0.185196191,335.745
0.185205486,334.645
0.185214810,335.649
0.185224114,334.926
0.185233432,335.472
0.185242790,336.894
0.185252118,335.780
0.185261413,334.652
0.185270721,335.077
0.185280030,335.119
0.185289332,334.858
0.185298635,334.909
0.185307931,334.657
0.185317245,335.301
0.185326543,334.760
0.185335854,335.168
0.185345149,334.633
0.185354454,334.975
0.185363752,334.718
0.185373074,335.601
0.185382375,334.833
0.185391671,334.652
0.185400995,335.671
0.185410293,334.731
0.185419607,335.291
0.185428904,334.719
0.185438205,334.839
0.185447503,334.702
0.185456863,336.958
0.185466186,335.629
0.185475481,334.634
0.185484788,335.047
0.185494083,334.628
0.185503380,334.706
0.185512680,334.792
0.185522002,335.596
0.185531369,337.212
0.185540724,336.768
0.185550023,334.746
0.185559354,335.946
0.185568709,336.783
0.185578023,335.281
0.185587323,334.817
0.185596621,334.704
0.185605943,335.597
0.185615243,334.805
0.185624538,334.631
0.185633862,335.663
0.185643187,335.682
0.185652511,335.668
0.185661818,335.072
0.185671129,335.176
0.185680427,334.743
0.185689724,334.670
0.185699024,334.816
0.185708347,335.615
0.185717645,334.740
0.185726970,335.686
0.185736268,334.735
0.185745568,334.813
0.185754890,335.588
0.185764214,335.673
0.185773519,334.978
0.185782817,334.721
0.185792127,335.154
0.185801427,334.814
0.185810723,334.640
0.185820030,335.054
0.185829330,334.813
0.185838689,336.919
0.185848038,336.553
0.185857337,334.775
0.185866635,334.734
0.185875931,334.649
0.185885259,335.791
0.185894572,335.277
0.185903872,334.822
0.185913183,335.174
0.185922479,334.657
0.185931782,334.919
0.185941090,335.073
0.185950414,335.661
0.185959712,334.727
0.185969023,335.208
0.185978342,335.473
0.185987668,335.766
0.185996981,335.262
0.186006277,334.645
0.186015604,335.763
0.186024926,335.586
0.186034226,334.803
0.186043530,334.968
0.186052828,334.714
0.186062128,334.788
0.186071423,334.639
0.186080761,336.181
0.186090062,334.812
0.186099360,334.745
0.186108657,334.684
0.186117963,335.027
0.186127259,334.644
0.186136557,334.721
0.186145857,334.801
0.186155153,334.644
0.186164503,336.629
0.186173802,334.746
0.186183116,335.321
0.186192438,335.581
0.186201739,334.823
0.186211034,334.634
0.186220387,336.709
0.186229684,334.704
0.186239006,335.594
0.186248333,335.763
0.186257629,334.639
0.186266926,334.708
0.186276251,335.683
0.186285548,334.718
0.186294867,335.482
0.186304168,334.807
0.186313465,334.701
0.186322823,336.895
0.186332123,334.811
0.186341419,334.630
0.186350745,335.760
0.186360067,335.580
0.186369364,334.710
0.186378692,335.787
0.186387988,334.675
0.186397286,334.701
0.186406612,335.755
0.186415910,334.731
0.186425268,336.887
0.186434572,334.953
0.186443868,334.636
0.186453166,334.719
0.186462518,336.695
0.186471833,335.339
0.186481157,335.649
0.186490464,335.065
0.186499762,334.718
0.186509086,335.682
0.186518384,334.708
0.186527679,334.633
0.186537006,335.761
0.186546329,335.647
0.186555625,334.643
0.186564929,334.955
0.186574225,334.634
0.186583535,335.175
0.186592860,335.691
0.186602178,335.459
0.186611500,335.580
0.186620834,336.036
0.186630131,334.701
0.186639478,336.486
0.186648779,334.832
0.186658081,334.884
0.186667387,334.981
0.186676683,334.668
0.186686016,336.005
0.186695344,335.782
0.186704640,334.678
0.186713986,336.463
0.186723286,334.773
0.186732611,335.698
0.186741932,335.588
0.186751263,335.881
0.186760575,335.257
0.186769909,336.017
0.186779210,334.824
0.186788506,334.673
0.186797807,334.845
0.186807156,336.538
0.186816453,334.712
0.186825751,334.733
0.186835075,335.663
0.186844419,336.375
0.186853719,334.806
0.186863043,335.645
0.186872338,334.644
0.186881639,334.808
0.186890934,334.630
0.186900234,334.810
0.186909559,335.681
0.186918883,335.679
0.186928221,336.182
0.186937518,334.664
0.186946815,334.701
0.186956114,334.752
0.186965411,334.721
0.186974707,334.641
0.186984014,335.044
0.186993345,335.932
0.187002669,335.664
0.187011995,335.747
0.187021306,335.164
0.187030615,335.128
0.187039939,335.690
0.187049263,335.661
0.187058559,334.636
0.187067859,334.817
0.187077154,334.629
0.187086481,335.765
0.187095778,334.693
0.187105120,336.289
0.187114446,335.753
0.187123753,335.062
0.187133077,335.666
0.187142385,335.065
0.187151710,335.714
0.187161006,334.641
0.187170333,335.788
0.187179631,334.726
0.187188927,334.646
0.187198252,335.706
0.187207592,336.242
0.187216901,335.119
0.187226224,335.628
0.187235566,336.309
0.187244926,336.958
0.187254248,335.601
0.187263545,334.696
0.187272849,334.922
0.187282146,334.720
0.187291465,335.460
0.187300765,334.815
0.187310081,335.380
0.187319403,335.599
0.187328703,334.797
0.187337999,334.649
0.187347296,334.687
0.187356621,335.690
0.187365945,335.663
0.187375269,335.679
0.187384570,334.821
0.187393865,334.641
0.187403166,334.809
0.187412463,334.698
0.187421758,334.645
0.187431059,334.805
0.187440394,336.075
0.187449731,336.128
0.187459055,335.678
0.187468368,335.271
0.187477689,335.545
0.187487001,335.219
0.187496325,335.662
0.187505623,334.752
0.187514921,334.719
0.187524260,336.200
0.187533560,334.807
0.187542867,335.027
0.187552164,334.709
0.187561496,335.962
0.187570805,335.102
0.187580128,335.639
0.187589453,335.692
0.187598750,334.712
0.187608072,335.589
0.187617373,334.813
0.187626670,334.719
0.187635979,335.115
0.187645306,335.786
0.187654646,336.237
0.187663956,335.142
0.187673278,335.584
0.187682575,334.717
0.187691876,334.811
0.187701185,335.129
0.187710480,334.637
0.187719786,335.004
0.187729083,334.700
0.187738405,335.595
0.187747755,336.585
0.187757077,335.608
0.187766375,334.729
0.187775683,335.060
0.187784981,334.753
0.187794303,335.592
0.187803630,335.770
0.187812927,334.695
0.187822260,335.978
0.187831558,334.713
0.187840879,335.587
0.187850180,334.810
0.187859475,334.634
0.187868773,334.716
0.187878075,334.882
0.187887393,335.439
0.187896716,335.649
0.187906024,335.074
0.187915348,335.667
0.187924643,334.633
0.187933970,335.763
0.187943266,334.635
0.187952573,335.057
0.187961899,335.747
0.187971195,334.639
0.187980556,336.998
0.187989851,334.632
0.187999149,334.711
0.188008447,334.729
0.188017744,334.706
0.188027088,336.387
0.188036426,336.158
0.188045724,334.735
0.188055020,334.654
0.188064347,335.766
0.188073642,334.642
0.188082992,336.606
0.188092291,334.740
0.188101589,334.721
0.188110888,334.793
0.188120186,334.710
0.188129510,335.674
0.188138842,335.957
0.188148164,335.590
0.188157486,335.588
0.188166817,335.918
0.188176126,335.123
0.188185437,335.169
0.188194736,334.796
0.188204032,334.643
0.188213356,335.650
0.188222654,334.746
0.188232014,336.963
0.188241310,334.633
0.188250610,334.812
0.188259941,335.929
0.188269242,334.815
0.188278565,335.651
0.188287881,335.373
0.188297185,334.924
0.188306537,336.693
0.188315836,334.756
0.188325135,334.756
0.188334433,334.734
0.188343729,334.663
0.188353030,334.814
0.188362349,335.507
0.188371645,334.655
0.188380946,334.817
0.188390241,334.633
0.188399539,334.717
0.188408863,335.684
0.188418206,336.346
0.188427506,334.794
0.188436802,334.644
0.188446099,334.701
0.188455430,335.916
0.188464728,334.715
0.188474071,336.378
0.188483429,336.871
0.188492739,335.166
0.188502036,334.705
0.188511338,334.846
0.188520634,334.676
0.188529932,334.702
0.188539231,334.767
0.188548529,334.731
0.188557863,336.030
0.188567161,334.714
0.188576519,336.888
0.188585819,334.831
0.188595168,336.552
0.188604492,335.653
0.188613821,335.834
0.188623143,335.614
0.188632465,335.572
0.188641763,334.758
0.188651062,334.744
0.188660357,334.635
0.188669659,334.845
0.188678984,335.707
0.188688280,334.659
0.188697634,336.745
0.188706946,335.240
0.188716246,334.811
0.188725542,334.632
0.188734881,336.220
0.188744187,334.999
0.188753482,334.642
0.188762779,334.699
0.188772109,335.854
0.188781406,334.714
0.188790725,335.483
0.188800026,334.817
0.188809348,335.586
0.188818672,335.671
0.188827971,334.783
0.188837267,334.644
0.188846603,336.087
0.188855945,336.323
0.188865245,334.810
0.188874570,335.699
0.188883889,335.455
0.188893184,334.644
0.188902517,335.986
0.188911841,335.643
0.188921172,335.941
0.188930476,334.917
0.188939771,334.627
0.188949068,334.715
0.188958393,335.678
0.188967690,334.717
0.188977012,335.579
0.188986339,335.760
0.188995636,334.702
0.189004987,336.644
0.189014296,335.112
0.189023591,334.627
0.189032918,335.758
0.189042236,335.463
0.189051560,335.663
0.189060860,334.792
0.189070182,335.594
0.189079505,335.646
0.189088810,334.977
0.189098111,334.822
0.189107433,335.600
0.189116734,334.817
0.189126029,334.638
0.189135330,334.826
0.189144663,335.975
0.189153977,335.323
0.189163278,334.833
0.189172600,335.582
0.189181924,335.664
0.189191248,335.684
0.189200568,335.510
0.189209876,335.094
0.189219177,334.810
0.189228500,335.646
0.189237820,335.535
0.189247121,334.808
0.189256460,336.200
0.189265757,334.708
0.189275108,336.636
0.189284449,336.272
0.189293775,335.741
0.189303097,335.598
0.189312394,334.695
0.189321725,335.887
0.189331036,335.196
0.189340333,334.692
0.189349634,334.839
0.189358929,334.636
0.189368227,334.712
0.189377526,334.795
0.189386822,334.646
0.189396146,335.651
0.189405444,334.731
0.189414759,335.361
0.189424058,334.751
0.189433356,334.721
0.189442679,335.624
0.189451980,334.841
0.189461277,334.710
0.189470573,334.644
0.189479874,334.829
0.189489182,335.098
0.189498506,335.670
0.189507809,334.893
0.189517128,335.499
0.189526424,334.633
0.189535724,334.807
0.189545048,335.651
0.189554343,334.638
0.189563670,335.756
0.189572984,335.301
0.189582287,334.911
0.189591609,335.595
0.189600950,336.273
0.189610249,334.793
0.189619545,334.641
0.189628857,335.231
0.189638182,335.691
0.189647479,334.710
0.189656824,336.402
0.189666151,335.768
0.189675488,336.139
0.189684812,335.661
0.189694112,334.808
0.189703417,334.968
0.189712715,334.725
0.189722040,335.704
0.189731355,335.335
0.189740652,334.724
0.189749950,334.713
0.189759245,334.633
0.189768545,334.804
0.189777842,334.693
0.189787138,334.652
0.189796465,335.755
0.189805813,336.536
0.189815137,335.660
0.189824435,334.731
0.189833762,335.752
0.189843057,334.640
0.189852367,335.153
0.189861690,335.646
0.189870986,334.643
0.189880287,334.819
0.189889645,336.894
0.189898945,334.814
0.189908267,335.581
0.189917585,335.449
0.189926885,334.789
0.189936180,334.646
0.189945477,334.693
0.189954776,334.744
0.189964087,335.217
0.189973403,335.346
0.189982730,335.799
0.189992068,336.158
0.190001377,335.110
0.190010704,335.782
0.190020000,334.652
0.190029300,334.826
0.190038606,334.994
0.190047920,335.317
0.190057245,335.681
0.190066542,334.721
0.190075867,335.678
0.190085169,334.861
0.190094480,335.200
0.190103825,336.425
0.190113126,334.838
0.190122437,335.196
0.190131761,335.675
0.190141094,335.992
0.190150410,335.356
0.190159705,334.643
0.190169033,335.781
0.190178330,334.703
0.190187681,336.638
0.190196990,335.130
0.190206286,334.641
0.190215586,334.815
0.190224894,335.082
0.190234192,334.712
0.190243491,334.792
0.190252814,335.603
0.190262138,335.674
0.190271436,334.739
0.190280735,334.747
0.190290030,334.634
0.190299383,336.712
0.190308697,335.288
0.190318026,335.859
0.190327324,334.713
0.190336639,335.340
0.190345965,335.761
0.190355261,334.634
0.190364585,335.662
0.190373936,336.633
0.190383233,334.718
0.190392529,334.630
0.190401856,335.768
0.190411153,334.696
0.190420475,335.593
0.190429775,334.808
0.190439070,334.636
0.190448378,335.068
0.190457685,335.060
0.190467010,335.682
0.190476310,334.820
0.190485617,335.036
0.190494940,335.658
0.190504266,335.715
0.190513564,334.726
0.190522903,336.208
0.190532233,335.878
0.190541529,334.650
0.190550853,335.687
0.190560157,334.920
0.190569453,334.656
0.190578750,334.707
0.190588049,334.744
0.190597373,335.665
0.190606697,335.681
0.190615995,334.716
0.190625317,335.589
0.190634643,335.756
0.190643940,334.692
0.190653272,335.930
0.190662572,334.800
0.190671867,334.631
0.190681165,334.714
0.190690462,334.725
0.190699774,335.210
0.190709093,335.475
0.190718393,334.820
0.190727690,334.697
0.190737013,335.600
0.190746313,334.806
0.190755634,335.585
0.190764932,334.716
0.190774257,335.683
0.190783554,334.719
0.190792854,334.794
0.190802150,334.649
0.190811457,335.035
0.190820757,334.814
0.190830055,334.726
0.190839386,335.927
0.190848687,334.821
0.190858030,336.367
0.190867328,334.720
0.190876627,334.778
0.190885924,334.686
0.190895222,334.698
0.190904546,335.690
0.190913844,334.711
0.190923165,335.579
0.190932466,334.818
0.190941788,335.581
0.190951114,335.761
0.190960411,334.695
0.190969707,334.647
0.190979007,334.807
0.190988329,335.593
0.190997627,334.715
0.191006925,334.728
0.191016236,335.203
0.191025531,334.627
0.191034858,335.768
0.191044202,336.381
0.191053500,334.710
0.191062853,336.731
0.191072149,334.639
0.191081496,336.497
0.191090802,335.007
0.191100100,334.725
0.191109401,334.851
0.191118698,334.683
0.191127995,334.698
0.191137293,334.746
0.191146618,335.668
0.191155935,335.428
0.191165288,336.715
0.191174598,335.159
0.191183920,335.585
0.191193246,335.748
0.191202542,334.642
0.191211839,334.695
0.191221137,334.734
0.191230453,335.351
0.191239777,335.682
0.191249111,336.010
0.191258406,334.637
0.191267733,335.767
0.191277057,335.659
0.191286352,334.642
0.191295655,334.909
0.191304951,334.646
0.191314249,334.723
0.191323577,335.810
0.191332911,336.009
0.191342206,334.636
0.191351540,336.035
0.191360838,334.710
0.191370161,335.620
0.191379488,335.780
0.191388783,334.636
0.191398084,334.814
0.191407406,335.587
0.191416703,334.714
0.191426003,334.798
0.191435299,334.643
0.191444596,334.693
0.191453947,336.642
0.191463245,334.713
0.191472540,334.635
0.191481841,334.819
0.191491183,336.318
0.191500491,335.112
0.191509791,334.786
0.191519087,334.643
0.191528384,334.691
0.191537724,336.264
0.191547023,334.769
0.191556322,334.749
0.191565620,334.746
0.191574943,335.607
0.191584270,335.770
0.191593568,334.725
0.191602864,334.671
0.191612191,335.766
0.191621487,334.659
0.191630785,334.743
0.191640103,335.415
0.191649428,335.700
0.191658732,334.948
0.191668033,334.845
0.191677357,335.678
0.191686682,335.694
0.191696006,335.667
0.191705302,334.663
0.191714629,335.773
0.191723963,335.993
0.191733281,335.469
0.191742607,335.745
0.191751916,335.126
0.191761214,334.697
0.191770512,334.745
0.191779824,335.246
0.191789122,334.715
0.191798430,335.099
0.191807726,334.629
0.191817023,334.719
0.191826323,334.795
0.191835637,335.280
0.191844963,335.763
0.191854295,335.928
0.191863592,334.712
0.191872917,335.682
0.191882226,335.135
0.191891548,335.588
0.191900901,336.711
0.191910198,334.698
0.191919521,335.609
0.191928839,335.465
0.191938135,334.645
0.191947433,334.725
0.191956731,334.735
0.191966055,335.671
0.191975351,334.638
0.191984687,336.113
0.191994011,335.646
0.192003335,335.692
0.192012659,335.660
0.192021970,335.183
0.192031299,335.864
0.192040595,334.643
0.192049893,334.725
0.192059219,335.742
0.192068515,334.643
0.192077812,334.694
0.192087110,334.738
0.192096434,335.664
0.192105782,336.509
0.192115108,335.761
0.192124422,335.276
0.192133722,334.813
0.192143029,335.061
0.192152325,334.644
0.192161625,334.812
0.192170945,335.505
0.192180257,335.241
0.192189578,335.555
0.192198903,335.711
0.192208199,334.634
0.192217504,334.984
0.192226802,334.722
0.192236109,335.077
0.192245410,334.819
0.192254741,335.926
0.192264065,335.662
0.192273418,336.717
0.192282717,334.762
0.192292044,335.759
0.192301340,334.653
0.192310637,334.697
0.192319935,334.743
0.192329233,334.713
0.192338555,335.593
0.192347882,335.766
0.192357191,335.130
0.192366501,335.172
0.192375801,334.795
0.192385139,336.158
0.192394463,335.648
0.192403795,335.975
0.192413129,336.011
0.192422427,334.726
0.192431777,336.595
0.192441072,334.635
0.192450399,335.762
0.192459696,334.695
0.192469018,335.605
0.192478345,335.754
0.192487668,335.632
0.192496989,335.551
0.192506313,335.684
0.192515614,334.820
0.192524920,335.030
0.192534247,335.776
0.192543571,335.649
0.192552896,335.692
0.192562219,335.645
0.192571534,335.338
0.192580841,335.058
0.192590137,334.638
0.192599461,335.666
0.192608787,335.746
0.192618083,334.652
0.192627380,334.694
0.192636678,334.745
0.192646002,335.663
0.192655324,335.585
0.192664625,334.813
0.192673920,334.635
0.192683270,336.586
0.192692570,334.804
0.192701865,334.640
0.192711166,334.817
0.192720471,334.988
0.192729769,334.713
0.192739093,335.683
0.192748409,335.357
0.192757704,334.642
0.192767042,336.166
0.192776367,335.685
0.192785690,335.625
0.192795017,335.775
0.192804338,335.587
0.192813672,336.010
0.192822997,335.680
0.192832321,335.667
0.192841647,335.738
0.192850969,335.595
0.192860285,335.394
0.192869617,335.936
0.192878938,335.571
0.192888234,334.641
0.192897566,335.950
0.192906861,334.639
0.192916159,334.722
0.192925512,336.700
0.192934823,335.193
0.192944146,335.643
0.192953471,335.689
0.192962813,336.331
0.192972111,334.730
0.192981409,334.711
0.192990721,335.237
0.193000048,335.766
0.193009366,335.444
0.193018663,334.682
0.193027964,334.835
0.193037293,335.874
0.193046592,334.765
0.193055917,335.698
0.193065242,335.695
0.193074589,336.487
0.193083916,335.775
0.193093214,334.729
0.193102537,335.609
0.193111837,334.809
0.193121151,335.324
0.193130452,334.822
0.193139758,335.017
0.193149082,335.664
0.193158408,335.743
0.193167704,334.647
0.193177001,334.704
0.193186326,335.695
0.193195638,335.211
0.193204960,335.589
0.193214286,335.758
0.193223581,334.627
0.193232906,335.670
0.193242205,334.790
0.193251503,334.714
0.193260857,336.738
0.193270179,335.588
0.193279493,335.306
0.193288791,334.729
0.193298107,335.390
0.193307433,335.716
0.193316765,335.972
0.193326063,334.711
0.193335372,335.142
0.193344677,334.975
0.193353999,335.596
0.193363349,336.580
0.193372647,334.738
0.193381971,335.668
0.193391266,334.634
0.193400567,334.816
0.193409864,334.701
0.193419170,335.030
0.193428493,335.628
0.193437842,336.537
0.193447142,334.824
0.193456450,335.082
0.193465748,334.720
0.193475048,334.805
0.193484344,334.653
0.193493644,334.801
0.193502943,334.755
0.193512267,335.668
0.193521600,335.985
0.193530927,335.771
0.193540222,334.635
0.193549549,335.758
0.193558846,334.694
0.193568141,334.643
0.193577478,336.115
0.193586831,336.718
0.193596131,334.801
0.193605461,335.887
0.193614759,334.717
0.193624104,336.409
0.193633457,336.718
0.193642754,334.691
0.193652086,335.941
0.193661394,335.103
0.193670690,334.633
0.193680045,336.795
0.193689342,334.677
0.193698659,335.412
0.193707959,334.823
0.193717282,335.611
0.193726579,334.707
0.193735905,335.718
0.193745206,334.840
0.193754502,334.650
0.193763803,334.856
0.193773140,336.129
0.193782489,336.548
0.193791789,334.825
0.193801121,335.942
0.193810445,335.646
0.193819769,335.690
0.193829112,336.335
0.193838463,336.640
0.193847772,335.124
0.193857090,335.445
0.193866418,335.806
0.193875728,335.167
0.193885048,335.504
0.193894375,335.791
0.193903671,334.637
0.193912968,334.721
0.193922293,335.687
0.193931591,334.722
0.193940887,334.640
0.193950187,334.812
0.193959484,334.698
0.193968791,335.055
0.193978092,334.816
0.193987387,334.647
0.193996695,335.080
0.194006002,335.041
0.194015320,335.459
0.194024620,334.792
0.194033916,334.650
0.194043239,335.650
0.194052542,334.893
0.194061861,335.482
0.194071183,335.587
0.194080483,334.811
0.194089821,336.166
0.194099118,334.712
0.194108453,336.056
0.194117749,334.648
0.194127049,334.808
0.194136345,334.643
0.194145653,335.102
0.194154952,334.748
0.194164288,336.096
0.194173583,334.635
0.194182884,334.811
0.194192181,334.701
0.194201503,335.596
0.194210806,334.896
0.194220128,335.603
0.194229452,335.676
0.194238779,335.765
0.194248077,334.713
0.194257398,335.583
0.194266725,335.764
0.194276022,334.691
0.194285347,335.690
0.194294644,334.711
0.194303940,334.629
0.194313247,335.049
0.194322542,334.636
0.194331866,335.668
0.194341166,334.790
0.194350461,334.640
0.194359772,335.172
0.194369097,335.690
0.194378420,335.656
0.194387742,335.591
0.194397043,334.823
0.194406338,334.637
0.194415680,336.300
0.194425007,335.769
0.194434322,335.337
0.194443631,335.126
0.194452928,334.686
0.194462226,334.739
0.194471557,335.923
0.194480882,335.692
0.194490204,335.603
0.194499505,334.817
0.194508824,335.499
0.194518132,335.089
0.194527433,334.817
0.194536755,335.616
0.194546080,335.697
0.194555432,336.667
0.194564748,335.359
0.194574074,335.752
0.194583370,334.648
0.194592667,334.694
0.194601992,335.687
0.194611301,335.143
0.194620597,334.632
0.194629897,334.811
0.194639219,335.589
0.194648529,335.186
0.194657856,335.749
0.194667153,334.711
0.194676452,334.735
0.194685750,334.746
0.194695048,334.728
0.194704380,335.935
0.194713681,334.840
0.194723003,335.587
0.194732311,335.104
0.194741635,335.650
0.194750957,335.592
0.194760283,335.763
0.194769579,334.638
0.194778876,334.711
0.194788175,334.733
0.194797521,336.455
0.194806816,334.630
0.194816116,334.811
0.194825413,334.691
0.194834735,335.585
0.194844035,334.811
0.194853347,335.235
0.194862645,334.710
0.194871943,334.727
0.194881267,335.665
0.194890567,334.794
0.194899864,334.699
0.194909188,335.670
0.194918493,334.973
0.194927790,334.714
0.194937086,334.637
0.194946390,334.958
0.194955686,334.630
0.194965055,337.303
0.194974384,335.840
0.194983706,335.606
0.194993004,334.732
0.195002304,334.773
0.195011628,335.673
0.195020962,336.014
0.195030285,335.658
0.195039624,336.179
0.195048933,335.148
0.195058231,334.698
0.195067526,334.647
0.195076858,335.954
0.195086190,335.927
0.195095514,335.673
0.195104839,335.686
0.195114163,335.670
0.195123483,335.528
0.195132794,335.188
0.195142122,335.800
0.195151422,334.816
0.195160720,334.727
0.195170042,335.587
0.195179342,334.817
0.195188649,335.029
0.195197973,335.668
0.195207299,335.737
0.195216621,335.594
0.195225918,334.698
0.195235247,335.847
0.195244545,334.719
0.195253891,336.450
0.195263192,334.862
0.195272515,335.597
0.195281812,334.720
0.195291112,334.794
0.195300425,335.281
0.195309753,335.792
0.195319048,334.635
0.195328346,334.707
0.195337677,335.935
0.195347001,335.666
0.195356297,334.632
0.195365600,334.913
0.195374897,334.710
0.195384193,334.647
0.195393499,335.001
0.195402842,336.351
0.195412164,335.595
0.195421489,335.686
0.195430786,334.702
0.195440118,335.969
0.195449429,335.169
0.195458744,335.371
0.195468044,334.772
0.195477368,335.686
0.195486690,335.599
0.195495998,335.060
0.195505316,335.461
0.195514640,335.672
0.195523986,336.466
0.195533283,334.665
0.195542587,334.945
0.195551920,336.011
0.195561219,334.753
0.195570551,335.959
0.195579852,334.823
0.195589147,334.629
0.195598477,335.857
0.195607799,335.623
0.195617095,334.653
0.195626405,335.146
0.195635727,335.588
0.195645024,334.705
0.195654375,336.633
0.195663699,335.666
0.195673033,336.028
0.195682334,334.815
0.195691631,334.697
0.195700927,334.645
0.195710227,334.813
0.195719522,334.639
0.195728876,336.715
0.195738197,335.581
0.195747514,335.403
0.195756840,335.744
0.195766187,336.475
0.195775532,336.418
0.195784857,335.694
0.195794154,334.715
0.195803476,335.596
0.195812788,335.220
0.195822126,336.159
0.195831431,334.996
0.195840732,334.834
0.195850045,335.276
0.195859346,334.833
0.195868669,335.612
0.195877986,335.407
0.195887311,335.712
0.195896621,335.151
0.195905916,334.637
0.195915221,334.957
0.195924518,334.720
0.195933814,334.646
0.195943114,334.808
0.195952410,334.641
0.195961708,334.715
0.195971011,334.937
0.195980309,334.715
0.195989604,334.631
0.195998905,334.806
0.196008202,334.698
0.196017497,334.644
0.196026797,334.801
0.196036093,334.637
0.196045393,334.807
0.196054688,334.625
0.196063989,334.816
0.196073333,336.384
0.196082630,334.718
0.196091970,336.215
0.196101269,334.790
0.196110567,334.725
0.196119864,334.664
0.196129217,336.726
0.196138527,335.176
0.196147852,335.691
0.196157152,334.796
0.196166448,334.657
0.196175745,334.703
0.196185044,334.746
0.196194342,334.714
0.196203666,335.685
0.196212964,334.723
0.196222259,334.632
0.196231560,334.812
0.196240908,336.529
0.196250204,334.652
0.196259540,336.110
0.196268836,334.640
0.196278160,335.664
0.196287458,334.728
0.196296773,335.363
0.196306080,335.051
0.196315383,334.892
0.196324706,335.651
0.196334055,336.539
0.196343355,334.815
0.196352696,336.263
0.196362003,335.076
0.196371301,334.708
0.196380625,335.682
0.196389952,335.748
0.196399247,334.642
0.196408544,334.697
0.196417869,335.691
0.196427167,334.718
0.196436512,336.441
0.196445813,334.819
0.196455108,334.628
0.196464406,334.723
0.196473732,335.743
0.196483028,334.642
0.196492328,334.805
0.196501623,334.638
0.196510921,334.705
0.196520272,336.633
0.196529572,334.803
0.196538883,335.194
0.196548210,335.790
0.196557508,334.707
0.196566830,335.590
0.196576135,334.985
0.196585430,334.633
0.196594754,335.654
0.196604061,335.064
0.196613385,335.668
0.196622707,335.574
0.196632027,335.530
0.196641325,334.737
0.196650659,335.999
0.196659957,334.754
0.196669280,335.611
0.196678614,336.020
0.196687909,334.635
0.196697207,334.715
0.196706507,334.793
0.196715816,335.125
0.196725113,334.699
0.196734438,335.696
0.196743762,335.669
0.196753057,334.631
0.196762370,335.248
0.196771728,336.899
0.196781026,334.731
0.196790353,335.752
0.196799692,336.212
0.196809001,335.138
0.196818297,334.634
0.196827594,334.713
0.196836892,334.726
0.196846252,336.966
0.196855584,335.927
0.196864917,335.992
0.196874241,335.660
0.196883561,335.525
0.196892887,335.757
0.196902200,335.248
0.196911498,334.720
0.196920823,335.702
0.196930121,334.727
0.196939428,335.080
0.196948724,334.647
0.196958021,334.697
0.196967355,336.032
0.196976692,336.108
0.196986014,335.586
0.196995321,335.076
0.197004617,334.635
0.197013914,334.716
0.197023214,334.795
0.197032510,334.646
0.197041818,335.092
0.197051169,336.634
0.197060467,334.723
0.197069772,334.970
0.197079072,334.817
0.197088367,334.629
0.197097702,336.052
0.197106999,334.696
0.197116295,334.645
0.197125595,334.810
0.197134929,336.033
0.197144253,335.657
0.197153556,334.900
0.197162875,335.497
0.197172194,335.476
0.197181494,334.808
0.197190810,335.356
0.197200106,334.662
0.197209415,335.118
0.197218711,334.645
0.197228019,335.111
0.197237352,335.964
0.197246650,334.730
0.197255984,336.053
0.197265292,335.067
0.197274631,336.199
0.197283935,334.971
0.197293256,335.555
0.197302588,335.930
0.197311915,335.787
0.197321211,334.652
0.197330535,335.676
0.197339862,335.744
0.197349184,335.595
0.197358537,336.728
0.197367885,336.528
0.197377202,335.405
0.197386500,334.730
0.197395798,334.717
0.197405114,335.385
0.197414414,334.808
0.197423724,335.162
0.197433020,334.645
0.197442347,335.760
0.197451642,334.637
0.197460942,334.807
0.197470241,334.753
0.197479575,336.011
0.197488871,334.653
0.197498199,335.816
0.197507522,335.650
0.197516847,335.700
0.197526145,334.716
0.197535460,335.345
0.197544814,336.723
0.197554109,334.635
0.197563407,334.740
0.197572734,335.753
0.197582078,336.389
0.197591425,336.504
0.197600727,334.842
0.197610024,334.721
0.197619330,335.018
0.197628631,334.817
0.197637926,334.632
0.197647224,334.724
0.197656524,334.800
0.197665846,335.589
0.197675148,334.859
0.197684468,335.538
0.197693768,334.812
0.197703096,335.802
0.197712417,335.558
0.197721735,335.429
0.197731035,334.811
0.197740365,335.864
0.197749690,335.710
0.197759018,335.809
0.197768330,335.234
0.197777655,335.704
0.197786954,334.763
0.197796270,335.374
0.197805571,334.827
0.197814877,335.012
0.197824174,334.691
0.197833474,334.818
0.197842772,334.721
0.197852088,335.387
0.197861389,334.809
0.197870720,335.927
0.197880018,334.718
0.197889317,334.795
0.197898628,335.170
0.197907925,334.699
0.197917250,335.689
0.197926550,334.812
0.197935846,334.646
0.197945147,334.848
0.197954443,334.646
0.197963770,335.794
0.197973067,334.693
0.197982363,334.646
0.197991663,334.808
0.198000959,334.631
0.198010298,336.226
0.198019627,335.818
0.198028924,334.702
0.198038242,335.466
0.198047569,335.760
0.198056892,335.646
0.198066188,334.649
0.198075495,335.056
0.198084807,335.220
0.198094131,335.671
0.198103456,335.677
0.198112753,334.708
0.198122053,334.786
0.198131375,335.590
0.198140672,334.691
0.198149999,335.773
0.198159325,335.767
0.198168684,336.897
0.198177989,334.987
0.198187311,335.588
0.198196608,334.710
0.198205908,334.800
0.198215220,335.207
0.198224517,334.700
0.198233815,334.734
0.198243131,335.391
0.198252427,334.640
0.198261728,334.836
0.198271050,335.594
0.198280377,335.766
0.198289674,334.693
0.198298988,335.303
0.198308289,334.860
0.198317615,335.716
0.198326915,334.800
0.198336214,334.766
0.198345512,334.731
0.198354807,334.632
0.198364108,334.815
0.198373405,334.700
0.198382701,334.642
0.198392004,334.910
0.198401362,336.895
0.198410659,334.712
0.198419984,335.678
0.198429308,335.668
0.198438634,335.740
0.198447930,334.642
0.198457242,335.248
0.198466567,335.687
0.198475864,334.711
0.198485159,334.629
0.198494486,335.764
0.198503782,334.634
0.198513079,334.714
0.198522379,334.796
0.198531717,336.152
0.198541039,335.597
0.198550339,334.790
0.198559655,335.378
0.198568953,334.730
0.198578277,335.679
0.198587583,335.022
0.198596884,334.842
0.198606208,335.659
0.198615519,335.200
0.198624829,335.154
0.198634165,336.100
0.198643464,334.741
0.198652763,334.757
0.198662061,334.744
0.198671380,335.499
0.198680708,335.787
0.198690006,334.726
0.198699337,335.935
0.198708647,335.148
0.198717943,334.655
0.198727270,335.771
0.198736565,334.629
0.198745863,334.714
0.198755163,334.792
0.198764458,334.642
0.198773770,335.234
0.198783095,335.697
0.198792419,335.665
0.198801737,335.448
0.198811037,334.813
0.198820354,335.389
0.198829688,336.012
0.198839014,335.743
0.198848309,334.645
0.198857630,335.540
0.198866929,334.763
0.198876227,334.746
0.198885526,334.742
0.198894824,334.744
0.198904146,335.585
0.198913473,335.763
0.198922820,336.498
0.198932138,335.431
0.198941464,335.761
0.198950760,334.642
0.198960120,336.968
0.198969421,334.818
0.198978745,335.662
0.198988041,334.671
0.198997368,335.766
0.199006736,337.251
0.199016095,336.925
0.199025393,334.722
0.199034756,337.087
0.199044083,335.756
0.199053378,334.629
0.199062675,334.705
0.199072001,335.731
0.199081338,336.132
0.199090638,334.796
0.199099964,335.713
0.199109261,334.722
0.199118557,334.635
0.199127857,334.818
0.199137179,335.598
0.199146489,335.142
0.199155787,334.722
0.199165083,334.655
0.199174383,334.815
0.199183679,334.638
0.199192991,335.261
0.199202290,334.739
0.199211637,336.487
0.199220932,334.637
0.199230263,335.909
0.199239587,335.651
0.199248907,335.532
0.199258207,334.803
0.199267503,334.639
0.199276800,334.718
0.199286098,334.728
0.199295422,335.667
0.199304775,336.692
0.199314081,335.019
0.199323407,335.736
0.199332706,334.752
0.199342004,334.748
0.199351300,334.651
0.199360606,334.999
0.199369901,334.635
0.199379198,334.710
0.199388498,334.792
0.199397794,334.642
0.199407120,335.755
0.199416421,334.805
0.199425719,334.739
0.199435025,335.034
0.199444353,335.802
0.199453675,335.590
0.199462976,334.816
0.199472325,336.570
0.199481640,335.363
0.199490944,334.914
0.199500239,334.634
0.199509585,336.446
0.199518883,334.732
0.199528181,334.719
0.199537499,335.470
0.199546803,334.933
0.199556103,334.793
0.199565425,335.610
0.199574727,334.874
0.199584040,335.248
0.199593366,335.764
0.199602662,334.633
0.199611959,334.719
0.199621312,336.688
0.199630632,335.527
0.199639929,334.696
0.199649228,334.741
0.199658576,336.528
0.199667898,335.595
0.199677202,334.955
0.199686498,334.648
0.199695795,334.699
0.199705096,334.836
0.199714392,334.652
0.199723716,335.652
0.199733015,334.785
0.199742313,334.711
0.199751637,335.684
0.199760935,334.715
0.199770249,335.316
0.199779576,335.752
0.199788875,334.781
0.199798171,334.651
0.199807502,335.901
0.199816797,334.637
0.199826095,334.715
0.199835397,334.896
0.199844695,334.712
0.199853990,334.634
0.199863291,334.814
0.199872588,334.696
0.199881883,334.643
0.199891184,334.814
0.199900479,334.633
0.199909777,334.712
0.199919075,334.732
0.199928399,335.670
0.199937699,334.795
0.199946994,334.644
0.199956318,335.640
0.199965688,337.332
0.199975040,336.657
0.199984335,334.630
0.199993663,335.819
0.200002959,334.655
0.200012281,335.571
0.200021588,335.058
0.200030885,334.698
0.200040193,335.088
0.200049500,335.059
0.200058799,334.743
0.200068133,336.024
0.200077430,334.723
0.200086753,335.607
0.200096081,335.794
0.200105378,334.711
0.200114690,335.214
0.200123990,334.814
0.200133285,334.635
0.200142583,334.715
0.200151881,334.733
0.200161179,334.711
0.200170474,334.637
0.200179801,335.763
0.200189124,335.642
0.200198456,335.937
0.200207756,334.817
0.200217052,334.635
0.200226352,334.811
0.200235647,334.631
0.200244989,336.296
0.200254301,335.246
0.200263609,335.067
0.200272927,335.455
0.200282226,334.751
0.200291523,334.714
0.200300819,334.637
0.200310119,334.815
0.200319415,334.639
0.200328775,336.969
0.200338101,335.751
0.200347413,335.228
0.200356710,334.690
0.200366061,336.644
0.200375359,334.710
0.200384657,334.733
0.200393981,335.666
0.200403323,336.298
0.200412625,334.878
0.200421935,335.158
0.200431230,334.647
0.200440563,335.980
0.200449886,335.608
0.200459196,335.184
0.200468495,334.763
0.200477793,334.719
0.200487117,335.661
0.200496418,334.838
0.200505715,334.696
0.200515037,335.599
0.200524360,335.607
0.200533701,336.276
0.200543002,334.859
0.200552324,335.594
0.200561623,334.746
0.200570949,335.736
0.200580268,335.481
0.200589565,334.701
0.200598894,335.849
0.200608218,335.663
0.200617540,335.593
0.200626894,336.727
0.200636216,335.587
0.200645513,334.719
0.200654840,335.752
0.200664153,335.267
0.200673479,335.756
0.200682801,335.592
0.200692119,335.452
0.200701444,335.679
0.200710778,336.013
0.200720098,335.521
0.200729429,335.934
0.200738726,334.692
0.200748049,335.633
0.200757350,334.820
0.200766698,336.545
0.200775996,334.716
0.200785320,335.682
0.200794618,334.714
0.200803918,334.794
0.200813215,334.683
0.200822538,335.652
0.200831890,336.642
0.200841187,334.715
0.200850504,335.413
0.200859805,334.814
0.200869126,335.589
0.200878424,334.717
0.200887724,334.790
0.200897061,336.153
0.200906369,335.082
0.200915669,334.793
0.200924967,334.711
0.200934300,336.020
0.200943608,335.053
0.200952932,335.666
0.200962233,334.842
0.200971530,334.704
0.200980846,335.383
0.200990152,335.021
0.200999448,334.634
0.201008772,335.660
0.201018070,334.727
0.201027394,335.662
0.201036713,335.484
0.201046039,335.758
0.201055336,334.701
0.201064633,334.679
0.201073952,335.469
0.201083292,336.247
0.201092652,336.980
0.201101976,335.662
0.201111275,334.751
0.201120575,334.802
0.201129895,335.505
0.201139218,335.643
0.201148516,334.740
0.201157814,334.715
0.201167130,335.389
0.201176429,334.752
0.201185741,335.236
0.201195051,335.151
0.201204346,334.637
0.201213644,334.714
0.201222942,334.729
0.201232266,335.666
0.201241584,335.448
0.201250911,335.763
0.201260208,334.714
0.201269544,336.077
0.201278880,336.089
0.201288175,334.641
0.201297529,336.721
0.201306851,335.588
0.201316148,334.721
0.201325448,334.799
0.201334755,335.045
0.201344052,334.698
0.201353377,335.694
0.201362675,334.716
0.201371970,334.638
0.201381280,335.159
0.201390576,334.633
0.201399873,334.712
0.201409173,334.794
0.201418480,335.052
0.201427779,334.759
0.201437104,335.716
0.201446403,334.758
0.201455728,335.711
0.201465026,334.722
0.201474323,334.664
0.201483652,335.854
0.201492976,335.659
0.201502272,334.664
0.201511573,334.839
0.201520895,335.580
0.201530214,335.505
0.201539542,335.816
0.201548894,336.657
0.201558192,334.709
0.201567519,335.786
0.201576833,335.322
0.201586155,335.580
0.201595482,335.770
0.201604830,336.532
0.201614157,335.768
0.201623464,335.033
0.201632761,334.718
0.201642061,334.794
0.201651369,335.089
0.201660666,334.697
0.201669965,334.742
0.201679265,334.821
0.201688587,335.599
0.201697888,334.827
0.201707231,336.329
0.201716528,334.717
0.201725854,335.740
0.201735150,334.642
0.201744447,334.702
0.201753772,335.700
0.201763070,334.720
0.201772402,335.961
0.201781700,334.720
0.201790996,334.634
0.201800349,336.710
0.201809699,336.603
0.201819021,335.608
0.201828360,336.206
0.201837692,335.945
0.201846990,334.718
0.201856288,334.736
0.201865612,335.677
0.201874908,334.638
0.201884235,335.770
0.201893532,334.699
0.201902830,334.744
0.201912128,334.722
0.201921424,334.643
0.201930724,334.816
0.201940084,336.967
0.201949436,336.647
0.201958736,334.800
0.201968032,334.649
0.201977341,335.146
0.201986643,334.856
0.201995940,334.711
0.202005262,335.591
0.202014563,334.815
0.202023875,335.252
0.202033211,336.101
0.202042517,335.020
0.202051819,334.842
0.202061122,334.912
0.202070429,335.053
0.202079747,335.447
0.202089084,336.145
0.202098384,334.801
0.202107680,334.639
0.202117007,335.770
0.202126326,335.517
0.202135646,335.504
0.202144947,334.836
0.202154243,334.662
0.202163541,334.717
0.202172865,335.685
0.202182189,335.664
0.202191492,334.905
0.202200798,335.010
0.202210095,334.702
0.202219420,335.698
0.202228718,334.718
0.202238040,335.586
0.202247346,335.013
0.202256690,336.400
0.202266014,335.666
0.202275318,334.922
0.202284613,334.641
0.202293910,334.692
0.202303235,335.691
0.202312532,334.706
0.202321828,334.634
0.202331155,335.792
0.202340495,336.239
0.202349796,334.809
0.202359093,334.696
0.202368389,334.651
0.202377699,335.168
0.202386995,334.647
0.202396293,334.727
0.202405617,335.688
0.202414941,335.664
0.202424286,336.407
0.202433616,335.876
0.202442913,334.708
0.202452234,335.543
0.202461536,334.872
0.202470858,335.592
0.202480155,334.705
0.202489462,335.061
0.202498779,335.389
0.202508105,335.742
0.202517401,334.643
0.202526713,335.258
0.202536012,334.737
0.202545372,336.966
0.202554667,334.630
0.202563994,335.764
0.202573337,336.352
0.202582659,335.583
0.202591985,335.743
0.202601297,335.233
0.202610594,334.693
0.202619892,334.745
0.202629190,334.715
0.202638515,335.686
0.202647847,335.949
0.202657169,335.598
0.202666479,335.157
0.202675779,334.798
0.202685097,335.459
0.202694433,336.113
0.202703756,335.599
0.202713053,334.715
0.202722354,334.837
0.202731668,335.280
0.202740988,335.537
0.202750288,334.815
0.202759586,334.699
0.202768910,335.687
0.202778234,335.662
0.202787530,334.634
0.202796857,335.770
0.202806152,334.630
0.202815465,335.276
0.202824765,334.785
0.202834084,335.488
0.202843421,336.143
0.202852746,335.693
0.202862043,334.713
0.202871377,336.014
0.202880680,334.899
0.202890011,335.925
0.202899309,334.711
0.202908608,334.791
0.202917930,335.590
0.202927242,335.202
0.202936549,335.072
0.202945848,334.762
0.202955173,335.696
0.202964471,334.747
0.202973767,334.653
0.202983069,334.850
0.202992367,334.728
0.203001685,335.475
0.203011018,335.978
0.203020314,334.661
0.203029612,334.718
0.203038937,335.681
0.203048261,335.668
0.203057556,334.631
0.203066856,334.818
0.203076171,335.335
0.203085496,335.690
0.203094794,334.713
0.203104089,334.642
0.203113416,335.770
0.203122750,336.015
0.203132048,334.721
0.203141379,335.921
0.203150688,335.140
0.203160012,335.643
0.203169365,336.715
0.203178663,334.738
0.203187959,334.646
0.203197284,335.711
0.203206635,336.626
0.203215936,334.846
0.203225235,334.742
0.203234550,335.349
0.203243851,334.839
0.203253173,335.586
0.203262497,335.664
0.203271800,334.924
0.203281098,334.718
0.203290393,334.631
0.203299699,335.005
0.203308996,334.696
0.203318304,335.072
0.203327604,334.810
0.203336900,334.662
0.203346224,335.667
0.203355524,334.807
0.203364849,335.689
0.203374149,334.807
0.203383471,335.597
0.203392769,334.730
0.203402068,334.736
0.203411369,334.830
0.203420685,335.386
0.203429985,334.826
0.203439294,335.091
0.203448601,335.068
0.203457902,334.833
0.203467224,335.607
0.203476561,336.115
0.203485894,335.981
0.203495193,334.773
0.203504515,335.594
0.203513816,334.844
0.203523112,334.632
0.203532413,334.842
0.203541711,334.724
0.203551007,334.654
0.203560342,336.063
0.203569649,335.054
0.203578946,334.713
0.203588271,335.692
0.203597595,335.673
0.203606913,335.449
0.203616214,334.816
0.203625511,334.700
0.203634807,334.652
0.203644136,335.859
0.203653432,334.637
0.203662732,334.822
0.203672057,335.690
0.203681355,334.729
0.203690681,335.748
0.203700014,335.968
0.203709337,335.646
0.203718636,334.737
0.203727933,334.713
0.203737229,334.633
0.203746529,334.818
0.203755850,335.535
0.203765149,334.764
0.203774448,334.793
0.203783745,334.697
0.203793043,334.725
0.203802368,335.700
0.203811666,334.716
0.203820962,334.639
0.203830289,335.769
0.203839628,336.228
0.203848955,335.766
0.203858279,335.653
0.203867594,335.368
0.203876924,335.869
0.203886220,334.635
0.203895517,334.715
0.203904844,335.763
0.203914142,334.734
0.203923464,335.586
0.203932765,334.825
0.203942088,335.641
0.203951384,334.642
0.203960710,335.759
0.203970042,335.933
0.203979342,334.809
0.203988647,334.965
0.203997963,335.396
0.204007263,334.791
0.204016558,334.642
0.204025855,334.693
0.204035157,334.859
0.204044468,335.181
0.204053763,334.646
0.204063091,335.776
0.204072400,335.127
0.204081697,334.719
0.204091024,335.747
0.204100319,334.643
0.204109627,335.093
0.204118926,334.738
0.204128223,334.711
0.204137545,335.583
0.204146848,334.909
0.204156144,334.645
0.204165444,334.820
0.204174767,335.613
0.204184125,336.899
0.204193426,334.814
0.204202721,334.633
0.204212059,336.173
0.204221384,335.686
0.204230708,335.670
0.204240054,336.449
0.204249361,335.061
0.204258704,336.350
0.204268026,335.601
0.204277326,334.809
0.204286622,334.636
0.204295922,334.814
0.204305218,334.635
0.204314554,336.106
0.204323855,334.826
0.204333151,334.675
0.204342475,335.661
0.204351775,334.778
0.204361072,334.718
0.204370368,334.633
0.204379668,334.815
0.204388998,335.884
0.204398333,336.061
0.204407660,335.748
0.204416992,335.969
0.204426290,334.717
0.204435615,335.692
0.204444913,334.743
0.204454246,335.993
0.204463544,334.722
0.204472840,334.660
0.204482168,335.789
0.204491491,335.658
0.204500836,336.402
0.204510142,335.003
0.204519458,335.398
0.204528782,335.663
0.204538080,334.731
0.204547394,335.301
0.204556742,336.519
0.204566069,335.769
0.204575392,335.642
0.204584691,334.742
0.204593988,334.725
0.204603294,334.986
0.204612621,335.792
0.204621916,334.631
0.204631236,335.491
0.204640565,335.842
0.204649875,335.158
0.204659195,335.551
0.204668494,334.745
0.204677792,334.715
0.204687087,334.637
0.204696388,334.820
0.204705683,334.634
0.204714981,334.725
0.204724307,335.743
0.204733603,334.644
0.204742903,334.806
0.204752199,334.665
0.204761523,335.669
0.204770881,336.881
0.204780202,335.553
0.204789497,334.630
0.204798797,334.806
0.204808095,334.698
0.204817417,335.596
0.204826720,334.926
0.204836031,335.184
0.204845340,335.137
0.204854648,335.080
0.204863965,335.421
0.204873263,334.713
0.204882592,335.861
0.204891891,334.754
0.204901190,334.774
0.204910515,335.680
0.204919831,335.367
0.204929131,334.818
0.204938427,334.640
0.204947751,335.668
0.204957051,334.796
0.204966346,334.638
0.204975670,335.643
0.204984994,335.687
0.204994292,334.709
0.205003587,334.634
0.205012887,334.812
0.205022183,334.637
0.205031481,334.717
0.205040780,334.795
0.205050076,334.646
0.205059376,334.801
0.205068698,335.585
0.205077996,334.722
0.205087294,334.724
0.205096618,335.669
0.205105934,335.389
0.205115235,334.821
0.205124534,334.789
0.205133831,334.661
0.205143131,334.831
0.205152448,335.392
0.205161747,334.760
0.205171071,335.678
0.205180369,334.718
0.205189675,335.005
0.205198975,334.812
0.205208272,334.695
0.205217597,335.690
0.205226894,334.713
0.205236190,334.642
0.205245517,335.766
0.205254838,335.581
0.205264136,334.723
0.205273463,335.748
0.205282785,335.590
0.205292132,336.490
0.205301483,336.662
0.205310781,334.722
0.205320077,334.666
0.205329378,334.833
0.205338710,335.933
0.205348008,334.753
0.205357335,335.755
0.205366659,335.672
0.205375970,335.174
0.205385290,335.530
0.205394603,335.266
0.205403901,334.731
0.205413261,336.968
0.205422575,335.295
0.205431880,334.999
0.205441184,334.945
0.205450482,334.709
0.205459810,335.796
0.205469121,335.223
0.205478471,336.601
0.205487796,335.679
0.205497120,335.667
0.205506428,335.083
0.205515723,334.635
0.205525020,334.704
0.205534319,334.746
0.205543643,335.670
0.205552965,335.592
0.205562266,334.818
0.205571587,335.584
0.205580885,334.706
0.205590211,335.740
0.205599533,335.599
0.205608830,334.697
0.205618157,335.754
0.205627455,334.730
0.205636789,336.021
0.205646096,335.062
0.205655391,334.637
0.205664692,334.815
0.205673989,334.695
0.205683285,334.642
0.205692585,334.808
0.205701904,335.492
0.205711213,335.107
0.205720515,334.903
0.205729813,334.725
0.205739132,335.460
0.205748485,336.708
0.205757782,334.694
0.205767104,335.586
0.205776404,334.803
0.205785699,334.633
0.205794996,334.708
0.205804321,335.682
0.205813662,336.277
0.205822988,335.747
0.205832284,334.637
0.205841607,335.647
0.205850932,335.690
0.205860239,335.042
0.205869535,334.667
0.205878862,335.783
0.205888158,334.662
0.205897457,334.734
0.205906783,335.757
0.205916080,334.669
0.205925377,334.720
0.205934702,335.703
0.205944019,335.384
0.205953343,335.680
0.205962641,334.719
0.205971936,334.631
0.205981283,336.479
0.205990581,334.729
0.205999904,335.627
0.206009209,334.988
0.206018506,334.671
0.206027803,334.717
0.206037128,335.681
0.206046467,336.208
0.206055762,334.634
0.206065063,334.814
0.206074360,334.701
0.206083682,335.597
0.206092982,334.808
0.206102280,334.715
0.206111608,335.796
0.206120903,334.642
0.206130227,335.672
0.206139560,335.989
0.206148895,336.048
0.206158219,335.649
0.206167517,334.745
0.206176815,334.716
0.206186110,334.638
0.206195414,334.930
0.206204709,334.633
0.206214033,335.667
0.206223359,335.738
0.206232674,335.323
0.206241971,334.686
0.206251271,334.797
0.206260569,334.733
0.206269869,334.806
0.206279167,334.721
0.206288489,335.587
0.206297842,336.711
0.206307139,334.694
0.206316461,335.597
0.206325761,334.801
0.206335056,334.635
0.206344383,335.773
0.206353682,334.741
0.206363015,336.013
0.206372311,334.642
0.206381612,334.819
0.206390909,334.698
0.206400216,335.075
0.206409567,336.612
0.206418905,336.191
0.206428213,335.069
0.206437508,334.631
0.206446827,335.469
0.206456158,335.941
0.206465454,334.640
0.206474751,334.685
0.206484076,335.693
0.206493373,334.710
0.206502693,335.501
0.206511993,334.812
0.206521288,334.635
0.206530602,335.288
0.206539966,337.105
0.206549262,334.643
0.206558571,335.156
0.206567868,334.671
0.206577186,335.438
0.206586491,334.981
0.206595791,334.809
0.206605107,335.398
0.206614408,334.821
0.206623728,335.503
0.206633059,335.935
0.206642419,336.948
0.206651734,335.358
0.206661057,335.627
0.206670355,334.726
0.206679653,334.714
0.206688979,335.743
0.206698284,334.993
0.206707582,334.698
0.206716880,334.734
0.206726204,335.659
0.206735499,334.631
0.206744799,334.814
0.206754121,335.585
0.206763419,334.715
0.206772718,334.790
0.206782014,334.641
0.206791311,334.697
0.206800636,335.691
0.206809934,334.723
0.206819276,336.318
0.206828605,335.862
0.206837920,335.341
0.206847222,334.841
0.206856519,334.700
0.206865814,334.643
0.206875143,335.822
0.206884474,335.934
0.206893772,334.713
0.206903096,335.679
0.206912394,334.715
0.206921716,335.581
0.206931016,334.809
0.206940313,334.697
0.206949632,335.496
0.206958933,334.815
0.206968255,335.584
0.206977552,334.718
0.206986850,334.734
0.206996166,335.343
0.207005501,336.066
0.207014796,334.646
0.207024120,335.650
0.207033454,336.026
0.207042776,335.582
0.207052098,335.586
0.207061398,334.816
0.207070707,335.108
0.207080029,335.618
0.207089348,335.455
0.207098670,335.618
0.207107967,334.693
0.207117293,335.742
0.207126618,335.700
0.207135914,334.641
0.207145241,335.777
0.207154537,334.637
0.207163863,335.758
0.207173160,334.700
0.207182476,335.374
0.207191780,334.925
0.207201075,334.642
0.207210387,335.225
0.207219685,334.728
0.207229009,335.667
0.207238328,335.475
0.207247628,334.807
0.207256952,335.653
0.207266273,335.545
0.207275599,335.765
0.207284939,336.225
0.207294249,335.149
0.207303544,334.631
0.207312858,335.307
0.207322166,335.085
0.207331463,334.688
0.207340787,335.665
0.207350086,334.772
0.207359398,335.216
0.207368693,334.642
0.207378003,335.157
0.207387348,336.396
0.207396682,336.024
0.207405982,334.827
0.207415305,335.626
0.207424630,335.692
0.207433928,334.742
0.207443226,334.719
0.207452551,335.686
0.207461875,335.666
0.207471170,334.643
0.207480504,336.003
0.207489801,334.691
0.207499097,334.644
0.207508402,334.998
0.207517697,334.634
0.207527021,335.662
0.207536319,334.734
0.207545617,334.719
0.207554913,334.632
0.207564213,334.819
0.207573513,334.797
0.207582809,334.657
0.207592137,335.798
0.207601477,336.243
0.207610777,334.814
0.207620073,334.632
0.207629370,334.711
0.207638695,335.712
0.207647994,334.753
0.207657307,335.257
0.207666611,334.946
0.207675932,335.553
0.207685228,334.657
0.207694529,334.833
0.207703824,334.637
0.207713146,335.587
0.207722446,334.798
0.207731758,335.239
0.207741091,335.990
0.207750390,334.739
0.207759705,335.352
0.207769030,335.690
0.207778328,334.744
0.207787650,335.588
0.207796958,335.081
0.207806306,336.536
0.207815652,336.467
0.207824954,334.861
0.207834277,335.615
0.207843574,334.713
0.207852899,335.678
0.207862223,335.673
0.207871544,335.560
0.207880844,334.810
0.207890159,335.338
0.207899458,334.743
0.207908781,335.643
0.207918077,334.638
0.207927377,334.811
0.207936726,336.572
0.207946024,334.722
0.207955350,335.744
0.207964646,334.647
0.207973956,335.172
0.207983255,334.737
0.207992567,335.241
0.208001889,335.589
0.208011189,334.816
0.208020511,335.582
0.208029861,336.605
0.208039161,334.800
0.208048475,335.300
0.208057785,335.181
0.208067081,334.642
0.208076399,335.445
0.208085724,335.691
0.208095034,335.171
0.208104378,336.379
0.208113683,334.966
0.208123006,335.651
0.208132302,334.646
0.208141605,334.908
0.208150927,335.589
0.208160251,335.664
0.208169549,334.731
0.208178909,336.980
0.208188209,334.792
0.208197549,336.225
0.208206847,334.743
0.208216146,334.743
0.208225456,335.192
0.208234753,334.658
0.208244053,334.828
0.208253349,334.636
0.208262646,334.717
0.208271946,334.790
0.208281268,335.596
0.208290601,335.990
0.208299902,334.820
0.208309200,334.742
0.208318496,334.641
0.208327796,334.822
0.208337136,336.231
0.208346463,335.755
0.208355770,335.067
0.208365066,334.644
0.208374366,334.804
0.208383662,334.641
0.208392985,335.662
0.208402284,334.734
0.208411581,334.719
0.208420890,335.121
0.208430217,335.760
0.208439514,334.695
0.208448872,336.900
0.208458180,335.069
0.208467475,334.630
0.208476799,335.671
0.208486106,335.056
0.208495405,334.753
0.208504705,334.796
0.208514001,334.646
0.208523317,335.392
0.208532668,336.644
0.208541992,335.660
0.208551290,334.708
0.208560648,336.913
0.208569958,335.145
0.208579256,334.716
0.208588582,335.744
0.208597893,335.216
0.208607190,334.694
0.208616517,335.743
0.208625814,334.715
0.208635139,335.679
0.208644446,335.054
0.208653741,334.632
0.208663049,335.080
0.208672346,334.692
0.208681662,335.376
0.208690965,334.928
0.208700261,334.633
0.208709558,334.715
0.208718888,335.858
0.208728212,335.666
0.208737531,335.478
0.208746858,335.766
0.208756175,335.435
0.208765497,335.582
0.208774824,335.793
0.208784120,334.646
0.208793430,335.154
0.208802726,334.668
0.208812024,334.733
0.208821326,334.837
0.208830684,336.921
0.208839983,334.739
0.208849282,334.774
0.208858580,334.730
0.208867898,335.458
0.208877231,335.991
0.208886554,335.597
0.208895851,334.719
0.208905151,334.790
0.208914447,334.640
0.208923744,334.702
0.208933042,334.743
0.208942340,334.711
0.208951638,334.741
0.208960936,334.708
0.208970231,334.632
0.208979557,335.752
0.208988854,334.695
0.208998177,335.595
0.209007477,334.808
0.209016799,335.587
0.209026096,334.713
0.209035449,336.716
0.209044749,334.776
0.209054044,334.638
0.209063372,335.798
0.209072669,334.701
0.209081965,334.651
0.209091274,335.114
0.209100614,336.232
0.209109941,335.770
0.209119261,335.545
0.209128559,334.713
0.209137859,334.798
0.209147166,335.071
0.209156485,335.459
0.209165836,336.646
0.209175174,336.173
0.209184493,335.485
0.209193793,334.811
0.209203089,334.636
0.209212411,335.614
0.209221711,334.798
0.209231026,335.314
0.209240332,335.030
0.209249637,334.976
0.209258961,335.666
0.209268287,335.751
0.209277588,334.824
0.209286931,336.344
0.209296258,335.775
0.209305599,336.272
0.209314896,334.710
0.209324197,334.825
0.209333522,335.700
0.209342820,334.740
0.209352146,335.706
0.209361443,334.720
0.209370739,334.636
0.209380066,335.783
0.209389363,334.700
0.209398670,335.034
0.209407968,334.717
0.209417263,334.633
0.209426563,334.817
0.209435897,336.012
0.209445216,335.486
0.209454516,334.796
0.209463812,334.650
0.209473109,334.692
0.209482434,335.695
0.209491731,334.718
0.209501027,334.638
0.209510354,335.773
0.209519666,335.218
0.209528966,334.820
0.209538293,335.748
0.209547615,335.605
0.209556916,334.852
0.209566249,335.972
0.209575546,334.710
0.209584898,336.646
0.209594230,335.974
0.209603542,335.211
0.209612843,334.832
0.209622181,336.177
0.209631503,335.592
0.209640810,335.052
0.209650132,335.588
0.209659440,335.080
0.209668737,334.726
0.209678053,335.354
0.209687388,336.059
0.209696719,335.936
0.209706033,335.279
0.209715331,334.734
0.209724629,334.717
0.209733939,335.171
0.209743245,335.014
0.209752540,334.636
0.209761860,335.529
0.209771163,334.878
0.209780459,334.662
0.209789756,334.707
0.209799055,334.744
0.209808352,334.718
0.209817648,334.644
0.209826949,334.847
0.209836262,335.270
0.209845572,335.145
0.209854869,334.697
0.209864183,335.312
0.209873512,335.818
0.209882807,334.634
0.209892106,334.758
0.209901431,335.709
0.209910752,335.556
0.209920047,334.631
0.209929348,334.822
0.209938667,335.476
0.209947989,335.596
0.209957289,334.808
0.209966585,334.639
0.209975882,334.713
0.209985182,334.787
0.209994480,334.718
0.210003806,335.755
0.210013104,334.707
0.210022427,335.661
0.210031752,335.690
0.210041101,336.560
0.210050396,334.635
0.210059697,334.814
0.210069005,335.100
0.210078330,335.683
0.210087656,335.740
0.210096952,334.649
0.210106273,335.567
0.210115598,335.693
0.210124895,334.713
0.210134191,334.634
0.210143518,335.776
0.210152814,334.650
0.210162150,336.090
0.210171473,335.648
0.210180769,334.651
0.210190096,335.767
0.210199403,335.070
0.210208727,335.662
0.210218025,334.732
0.210227323,334.716
0.210236618,334.637
0.210245919,334.810
0.210255250,335.935
0.210264558,335.079
0.210273885,335.773
0.210283226,336.291
0.210292554,335.790
0.210301849,334.635
0.210311148,334.744
0.210320449,334.828
0.210329744,334.648
0.210339058,335.277
0.210348356,334.744
0.210357654,334.714
0.210366949,334.634
0.210376249,334.811
0.210385571,335.580
0.210394869,334.715
0.210404168,334.784
0.210413464,334.644
0.210422805,336.280
0.210432106,334.830
0.210441432,335.732
0.210450728,334.664
0.210460030,334.867
0.210469326,334.662
0.210478680,336.730
0.210488003,335.651
0.210497299,334.656
0.210506604,334.960
0.210515899,334.643
0.210525220,335.530
0.210534518,334.747
0.210543838,335.523
0.210553134,334.659
0.210562464,335.883
0.210571762,334.701
0.210581084,335.593
0.210590418,336.054
0.210599714,334.633
0.210609023,335.141
0.210618319,334.648
0.210627617,334.726
0.210636918,334.823
0.210646239,335.564
0.210655536,334.706
0.210664836,334.773
0.210674146,335.176
0.210683468,335.591
0.210692768,334.812
0.210702064,334.650
0.210711400,336.103
0.210720701,334.822
0.210729997,334.652
0.210739297,334.797
0.210748622,335.700
0.210757920,334.720
0.210767271,336.637
0.210776578,335.060
0.210785873,334.631
0.210795208,336.042
0.210804505,334.700
0.210813816,335.202
0.210823116,334.811
0.210832424,335.089
0.210841722,334.719
0.210851047,335.683
0.210860358,335.219
0.210869677,335.480
0.210879004,335.766
0.210888327,335.643
0.210897623,334.642
0.210906923,334.800
0.210916236,335.261
0.210925536,334.816
0.210934857,335.567
0.210944182,335.666
0.210953508,335.741
0.210962815,335.065
0.210972134,335.484
0.210981435,334.824
0.210990759,335.691
0.211000082,335.619
0.211009410,335.799
0.211018706,334.647
0.211028004,334.722
0.211037330,335.744
0.211046644,335.326
0.211055942,334.697
0.211065266,335.689
0.211074564,334.712
0.211083888,335.687
0.211093237,336.567
0.211102559,335.585
0.211111860,334.811
0.211121157,334.700
0.211130474,335.434
0.211139805,335.914
0.211149122,335.404
0.211158420,334.711
0.211167718,334.731
0.211177031,335.281
0.211186352,335.542
0.211195660,335.106
0.211204960,334.803
0.211214259,334.758
0.211223593,336.015
0.211232888,334.632
0.211242215,335.766
0.211251549,336.018
0.211260854,334.967
0.211270182,335.836
0.211279505,335.599
0.211288841,336.109
0.211298142,334.856
0.211307440,334.720
0.211316773,335.991
0.211326102,335.824
0.211335442,336.252
0.211344751,335.132
0.211354048,334.697
0.211363363,335.330
0.211372665,334.875
0.211382023,336.883
0.211391347,335.659
0.211400672,335.686
0.211409969,334.719
0.211419291,335.589
0.211428594,334.899
0.211437938,336.402
0.211447234,334.653
0.211456535,334.813
0.211465857,335.590
0.211475154,334.714
0.211484480,335.728
0.211493797,335.390
0.211503149,336.697
0.211512445,334.645
0.211521742,334.694
0.211531061,335.479
0.211540360,334.753
0.211549677,335.412
0.211559005,335.816
0.211568301,334.662
0.211577599,334.718
0.211586925,335.744
0.211596236,335.219
0.211605559,335.600
0.211614857,334.747
0.211624155,334.725
0.211633480,335.681
0.211642804,335.659
0.211652125,335.588
0.211661458,335.978
0.211670774,335.357
0.211680072,334.759
0.211689424,336.649
0.211698766,336.315
0.211708093,335.774
0.211717415,335.612
0.211726714,334.740
0.211736040,335.759
0.211745359,335.472
0.211754656,334.701
0.211763955,334.746
0.211773253,334.718
0.211782548,334.640
0.211791882,336.027
0.211801178,334.635
0.211810476,334.731
0.211819794,335.463
0.211829090,334.653
0.211838399,335.117
0.211847694,334.639
0.211857019,335.669
0.211866343,335.681
0.211875667,335.669
0.211884963,334.643
0.211894292,335.867
0.211903594,334.842
0.211912918,335.662
0.211922218,334.830
0.211931514,334.633
0.211940811,334.715
0.211950162,336.631
0.211959486,335.670
0.211968782,334.638
0.211978082,334.815
0.211987380,334.703
0.211996678,334.741
0.212005976,334.714
0.212015271,334.635
0.212024598,335.773
0.212033905,335.066
0.212043230,335.672
0.212052556,335.741
0.212061892,336.103
0.212071189,334.693
0.212080507,335.461
0.212089823,335.375
0.212099156,335.986
0.212108510,336.747
0.212117824,335.276
0.212127128,334.962
0.212136426,334.709
0.212145748,335.598
0.212155048,334.813
0.212164355,335.053
0.212173653,334.717
0.212182977,335.681
0.212192275,334.725
0.212201571,334.633
0.212210871,334.819
0.212220168,334.699
0.212229515,336.462
0.212238841,335.762
0.212248153,335.230
0.212257451,334.713
0.212266750,334.754
0.212276065,335.366
0.212285365,334.795
0.212294687,335.599
0.212303984,334.693
0.212313283,334.742
0.212322580,334.708
0.212331896,335.385
0.212341197,334.816
0.212350505,335.096
0.212359832,335.759
0.212369171,336.229
0.212378469,334.719
0.212387767,334.711
0.212397067,334.815
0.212406408,336.272
0.212415703,334.634
0.212425004,334.815
0.212434317,335.289
0.212443626,335.109
0.212452923,334.703
0.212462255,335.935
0.212471582,335.761
0.212480877,334.630
0.212490201,335.655
0.212499499,334.737
0.212508859,336.977
0.212518155,334.630
0.212527455,334.805
0.212536751,334.683
0.212546098,336.489
0.212555399,334.806
0.212564711,335.251
0.212574009,334.712
0.212583316,335.061
0.212592616,334.803
0.212601942,335.741
0.212611238,334.646
0.212620571,335.987
0.212629896,335.697
0.212639213,335.438
0.212648536,335.613
0.212657837,334.828
0.212667160,335.632
0.212676485,335.695
0.212685811,335.753
0.212695123,335.238
0.212704421,334.700
0.212713719,334.740
0.212723017,334.714
0.212732341,335.675
0.212741639,334.720
0.212750970,335.927
0.212760277,335.059
0.212769598,335.567
0.212778935,336.119
0.212788235,334.805
0.212797531,334.632
0.212806864,336.009
0.212816162,334.734
0.212825463,334.811
0.212834785,335.588
0.212844111,335.764
0.212853435,335.655
0.212862760,335.693
0.212872058,334.718
0.212881353,334.640
0.212890653,334.811
0.212900000,336.488
0.212909298,334.719
0.212918625,335.764
0.212927921,334.659
0.212937219,334.714
0.212946570,336.643
0.212955894,335.663
0.212965189,334.635
0.212974516,335.772
0.212983854,336.176
0.212993215,336.975
0.213002515,334.795
0.213011829,335.307
0.213021129,334.815
0.213030462,335.976
0.213039760,334.723
0.213049058,334.726
0.213058363,335.008
0.213067660,334.664
0.213076965,334.996
0.213086263,334.730
0.213095559,334.661
0.213104896,336.114
0.213114212,335.394
0.213123521,335.131
0.213132846,335.690
0.213142189,336.358
0.213151516,335.741
0.213160847,335.949
0.213170171,335.646
0.213179529,336.892
0.213188827,334.714
0.213198156,335.859
0.213207457,334.849
0.213216761,334.939
0.213226086,335.701
0.213235414,335.793
0.213244736,335.596
0.213254033,334.696
0.213263366,335.971
0.213272681,335.342
0.213281989,335.088
0.213291289,334.827
0.213300631,336.294
0.213309959,335.805
0.213319283,335.650
0.213328614,335.940
0.213337915,334.816
0.213347210,334.634
0.213356508,334.717
0.213365832,335.687
0.213375156,335.668
0.213384452,334.629
0.213393779,335.765
0.213403102,335.648
0.213412424,335.596
0.213421724,334.803
0.213431046,335.590
0.213440347,334.817
0.213449642,334.639
0.213458940,334.703
0.213468240,334.827
0.213477563,335.634
0.213486893,335.857
0.213496192,334.777
0.213505491,334.747
0.213514809,335.470
0.213524113,334.942
0.213533435,335.588
0.213542758,335.617
0.213552112,336.748
0.213561434,335.606
0.213570761,335.764
0.213580057,334.637
0.213589354,334.716
0.213598679,335.682
0.213607976,334.716
0.213617293,335.391
0.213626620,335.764
0.213635917,334.709
0.213645262,336.411
0.213654562,334.805
0.213663899,336.139
0.213673223,335.665
0.213682521,334.735
0.213691836,335.326
0.213701167,335.928
0.213710494,335.765
0.213719791,334.689
0.213729124,335.969
0.213738448,335.662
0.213747786,336.190
0.213757094,335.096
0.213766453,336.894
0.213775751,334.760
0.213785052,334.818
0.213794363,335.196
0.213803671,335.101
0.213812970,334.738
0.213822267,334.717
0.213831563,334.636
0.213840890,335.789
0.213850185,334.627
0.213859486,334.816
0.213868783,334.700
0.213878105,335.592
0.213887405,334.808
0.213896701,334.635
0.213906019,335.452
0.213915343,335.676
0.213924690,336.483
0.213934021,335.927
0.213943321,334.806
0.213952645,335.646
0.213961967,335.590
0.213971293,335.760
0.213980634,336.263
0.213989937,334.921
0.213999259,335.590
0.214008576,335.416
0.214017903,335.746
0.214027237,336.038
0.214036542,334.958
0.214045847,334.998
0.214055146,334.746
0.214064441,334.637
0.214073772,335.901
0.214083067,334.629
0.214092400,336.010
0.214101700,334.787
0.214110996,334.639
0.214120293,334.692
0.214129617,335.690
0.214138915,334.713
0.214148239,335.686
0.214157564,335.670
0.214166859,334.624
0.214176159,334.812
0.214185495,336.076
0.214194853,336.897
0.214204158,334.976
0.214213489,335.931
0.214222789,334.799
0.214232140,336.646
0.214241454,335.303
0.214250750,334.629
0.214260076,335.765
0.214269391,335.338
0.214278690,334.740
0.214287987,334.713
0.214297283,334.628
0.214306630,336.500
0.214315937,335.070
0.214325235,334.725
0.214334542,335.045
0.214343865,335.624
0.214353185,335.520
0.214362487,334.881
0.214371800,335.250
0.214381121,335.587
0.214390448,335.757
0.214399770,335.583
0.214409068,334.718
0.214418394,335.743
0.214427690,334.651
0.214436990,334.808
0.214446312,335.583
0.214455645,335.992
0.214464944,334.765
0.214474265,335.567
0.214483588,335.617
0.214492898,335.172
0.214502195,334.698
0.214511518,335.616
0.214520819,334.828
0.214530130,335.210
0.214539428,334.739
0.214548727,334.755
0.214558025,334.722
0.214567320,334.634
0.214576621,334.821
0.214585918,334.710
0.214595252,336.023
0.214604551,334.744
0.214613889,336.162
0.214623189,334.823
0.214632485,334.635
0.214641831,336.461
0.214651157,335.747
0.214660479,335.599
0.214669776,334.694
0.214679104,335.794
0.214688405,334.829
0.214697700,334.641
0.214707033,335.961
0.214716328,334.638
0.214725655,335.775
0.214734953,334.704
0.214744275,335.598
0.214753604,335.853
0.214762923,335.493
0.214772221,334.718
0.214781525,334.926
0.214790849,335.666
0.214800170,335.589
0.214809497,335.768
0.214818821,335.643
0.214828116,334.643
0.214837417,334.807
0.214846729,335.234
0.214856036,335.049
0.214865356,335.525
0.214874681,335.699
0.214883990,335.119
0.214893285,334.651
0.214902610,335.676
0.214911967,336.870
0.214921268,334.842
0.214930587,335.452
0.214939891,334.959
0.214949186,334.634
0.214958510,335.666
0.214967810,334.790
0.214977122,335.212
0.214986419,334.694
0.214995744,335.698
0.215005041,334.712
0.215014366,335.682
0.215023663,334.711
0.215032958,334.632
0.215042259,334.811
0.215051556,334.692
0.215060851,334.636
0.215070184,335.973
0.215079479,334.627
0.215088777,334.713
0.215098075,334.738
0.215107373,334.715
0.215116691,335.469
0.215125997,335.031
0.215135321,335.655
0.215144628,335.050
0.215153940,335.221
0.215163262,335.611
0.215172625,337.052
0.215181947,335.588
0.215191264,335.419
0.215200591,335.753
0.215209886,334.643
0.215219183,334.694
0.215228508,335.693
0.215237819,335.194
0.215247114,334.637
0.215256441,335.772
0.215265763,335.584
0.215275087,335.673
0.215284389,334.868
0.215293729,336.209
0.215303026,334.700
0.215312377,336.647
0.215321675,334.718
0.215331001,335.749
0.215340299,334.712
0.215349594,334.627
0.215358894,334.816
0.215368192,334.706
0.215377514,335.596
0.215386821,335.068
0.215396117,334.647
0.215405441,335.672
0.215414759,335.444
0.215424058,334.755
0.215433380,335.591
0.215442681,334.852
0.215452006,335.680
0.215461330,335.691
0.215470628,334.721
0.215479924,334.638
0.215489224,334.819
0.215498520,334.637
0.215507838,335.447
0.215517138,334.795
0.215526433,334.641
0.215535757,335.650
0.215545055,334.743
0.215554353,334.714
0.215563675,335.587
0.215572975,334.809
0.215582286,335.183
0.215591583,334.714
0.215600912,335.823
0.215610224,335.258
0.215619524,334.794
0.215628823,334.751
0.215638138,335.338
0.215647443,335.006
0.215656768,335.667
0.215666063,334.632
0.215675390,335.759
0.215684687,334.695
0.215693996,335.155
0.215703329,335.954
0.215712624,334.639
0.215721922,334.716
0.215731220,334.727
0.215740559,336.224
0.215749881,335.579
0.215759181,334.810
0.215768478,334.692
0.215777774,334.636
0.215787074,334.815
0.215796369,334.637
0.215805704,336.060
0.215815037,335.985
0.215824351,335.273
0.215833650,334.784
0.215842985,336.051
0.215852312,335.795
0.215861638,335.726
0.215870951,335.260
0.215880274,335.614
0.215889609,336.063
0.215898921,335.240
0.215908246,335.689
0.215917546,334.825
0.215926842,334.646
0.215936169,335.785
0.215945465,334.658
0.215954779,335.296
0.215964104,335.679
0.215973433,335.866
0.215982751,335.439
0.215992060,335.142
0.216001373,335.241
0.216010693,335.517
0.216020046,336.722
0.216029341,334.630
0.216038639,334.715
0.216047963,335.679
0.216057288,335.672
0.216066614,335.742
0.216075935,335.563
0.216085235,334.797
0.216094560,335.693
0.216103858,334.739
0.216113175,335.423
0.216122508,335.964
0.216131817,335.143
0.216141141,335.669
0.216150468,335.746
0.216159763,334.640
0.216169060,334.695
0.216178413,336.692
0.216187710,334.719
0.216197061,336.634
0.216206386,335.669
0.216215707,335.579
0.216225041,336.000
0.216234338,334.701
0.216243648,335.168
0.216252975,335.769
0.216262295,335.531
0.216271606,335.202
0.216280904,334.732
0.216290202,334.727
0.216299498,334.628
0.216308851,336.736
0.216318152,334.810
0.216327457,334.999
0.216336759,334.848
0.216346081,335.615
0.216355408,335.775
0.216364704,334.660
0.216374023,335.454
0.216383375,336.696
0.216392671,334.649
0.216401968,334.692
0.216411267,334.747
0.216420564,334.719
0.216429886,335.586
0.216439213,335.768
0.216448535,335.589
0.216457858,335.630
0.216467158,334.788
0.216476471,335.299
0.216485772,334.826
0.216495094,335.567
0.216504408,335.308
0.216513759,336.638
0.216523100,336.273
0.216532419,335.493
0.216541725,335.009
0.216551026,334.839
0.216560322,334.656
0.216569623,334.858
0.216578919,334.639
0.216588217,334.720
0.216597541,335.682
0.216606839,334.709
0.216616160,335.588
0.216625461,334.810
0.216634775,335.327
0.216644127,336.648
0.216653424,334.721
0.216662720,334.629
0.216672027,335.047
0.216681322,334.630
0.216690661,336.192
0.216699965,334.964
0.216709261,334.648
0.216718558,334.691
0.216727883,335.694
0.216737180,334.716
0.216746540,336.946
0.216755840,334.818
0.216765162,335.587
0.216774489,335.760
0.216783789,334.797
0.216793085,334.662
0.216802446,337.004
0.216811775,335.830
0.216821096,335.568
0.216830422,335.713
0.216839746,335.664
0.216849104,336.893
0.216858404,334.805
0.216867701,334.697
0.216876997,334.639
0.216886297,334.813
0.216895592,334.635
0.216904890,334.706
0.216914214,335.680
0.216923538,335.666
0.216932891,336.696
0.216942211,335.530
0.216951508,334.695
0.216960833,335.682
0.216970157,335.661
0.216979452,334.640
0.216988753,334.815
0.216998084,335.925
0.217007381,334.710
0.217016684,334.881
0.217026006,335.606
0.217035356,336.588
0.217044681,335.702
0.217054005,335.664
0.217063303,334.730
0.217072600,334.719
0.217081915,335.336
0.217091243,335.801
0.217100540,334.681
0.217109858,335.470
0.217119164,335.013
0.217128474,335.133
0.217137771,334.712
0.217147096,335.679
0.217156409,335.271
0.217165704,334.635
0.217175006,334.879
0.217184303,334.698
0.217193599,334.638
0.217202900,334.828
0.217212195,334.637
0.217221496,334.811
0.217230791,334.631
0.217240088,334.714
0.217249405,335.390
0.217258729,335.653
0.217268030,334.843
0.217277366,336.112
0.217286689,335.604
0.217295987,334.760
0.217305312,335.677
0.217314633,335.576
0.217323961,335.788
0.217333285,335.660
0.217342584,334.773
0.217351881,334.711
0.217361177,334.647
0.217370487,335.143
0.217379794,335.067
0.217389119,335.678
0.217398419,334.813
0.217407715,334.643
0.217417034,335.508
0.217426333,334.747
0.217435630,334.718
0.217444926,334.634
0.217454226,334.820
0.217463548,335.588
0.217472846,334.716
0.217482175,335.850
0.217491497,335.603
0.217500799,334.865
0.217510095,334.651
0.217519419,335.666
0.217528717,334.730
0.217538039,335.588
0.217547382,336.357
0.217556709,335.768
0.217566028,335.492
0.217575324,334.647
0.217584657,335.981
0.217593952,334.636
0.217603275,335.615
0.217612573,334.733
0.217621916,336.344
0.217631245,335.838
0.217640569,335.666
0.217649867,334.721
0.217659193,335.735
0.217668491,334.725
0.217677813,335.617
0.217687140,335.771
0.217696436,334.637
0.217705756,335.525
0.217715091,336.060
0.217724387,334.651
0.217733684,334.700
0.217743035,336.642
0.217752359,335.667
0.217761655,334.632
0.217770981,335.758
0.217780277,334.632
0.217789585,335.102
0.217798907,335.596
0.217808229,335.599
0.217817529,334.809
0.217826837,335.079
0.217836175,336.169
0.217845473,334.733
0.217854797,335.665
0.217864119,335.588
0.217873420,334.806
0.217882717,334.693
0.217892039,335.599
0.217901339,334.807
0.217910634,334.636
0.217919932,334.721
0.217929240,335.087
0.217938542,334.866
0.217947841,334.759
0.217957138,334.715
0.217966460,335.590
0.217975761,334.812
0.217985056,334.628
0.217994380,335.670
0.218003733,336.698
0.218013047,335.309
0.218022347,334.806
0.218031653,335.019
0.218040977,335.664
0.218050302,335.685
0.218059600,334.722
0.218068895,334.631
0.218078195,334.805
0.218087492,334.693
0.218096847,336.774
0.218106149,334.872
0.218115487,336.151
0.218124811,335.692
0.218134137,335.719
0.218143471,336.016
0.218152779,335.104
0.218162137,336.899
0.218171450,335.270
0.218180778,335.799
0.218190103,335.698
0.218199421,335.443
0.218208722,334.821
0.218218017,334.636
0.218227315,334.721
0.218236641,335.741
0.218245937,334.643
0.218255260,335.642
0.218264558,334.739
0.218273856,334.710
0.218283151,334.631
0.218292478,335.761
0.218301819,336.276
0.218311146,335.761
0.218320443,334.694
0.218329738,334.644
0.218339038,334.804
0.218348373,336.045
0.218357671,334.712
0.218367021,336.636
0.218376319,334.718
0.218385654,336.062
0.218394982,335.801
0.218404279,334.698
0.218413575,334.648
0.218422875,334.807
0.218432197,335.579
0.218441500,334.908
0.218450795,334.638
0.218460113,335.422
0.218469439,335.749
0.218478771,335.938
0.218488108,336.159
0.218497433,335.689
0.218506731,334.721
0.218516026,334.641
0.218525359,335.986
0.218534655,334.637
0.218543953,334.717
0.218553252,334.791
0.218562575,335.600
0.218571872,334.702
0.218581170,334.743
0.218590468,334.717
0.218599819,336.631
0.218609116,334.714
0.218618412,334.629
0.218627738,335.761
0.218637035,334.695
0.218646353,335.420
0.218655689,336.104
0.218664985,334.645
0.218674307,335.596
0.218683632,335.698
0.218692940,335.113
0.218702266,335.722
0.218711567,334.853
0.218720866,334.739
0.218730165,334.780
0.218739463,334.717
0.218748786,335.618
0.218758087,334.844
0.218767382,334.634
0.218776681,334.747
0.218786008,335.770
0.218795304,334.650
0.218804611,335.087
0.218813920,335.090
0.218823233,335.270
0.218832564,335.949
0.218841892,335.783
0.218851234,336.331
0.218860533,334.738
0.218869833,334.801
0.218879156,335.628
0.218888457,334.855
0.218897753,334.640
0.218907070,335.429
0.218916369,334.757
0.218925678,335.127
0.218935000,335.601
0.218944305,334.969
0.218953605,334.788
0.218962901,334.657
0.218972201,334.808
0.218981496,334.638
0.218990794,334.714
0.219000092,334.734
0.219009436,336.393
0.219018757,335.548
0.219028058,334.810
0.219037373,335.356
0.219046671,334.731
0.219055996,335.704
0.219065311,335.349
0.219074639,335.781
0.219083935,334.665
0.219093260,335.689
0.219102586,335.752
0.219111882,334.669
0.219121180,334.702
0.219130478,334.744
0.219139776,334.709
0.219149122,336.456
0.219158422,334.814
0.219167718,334.637
0.219177015,334.719
0.219186342,335.751
0.219195640,334.726
0.219205024,337.834
0.219214356,335.955
0.219223654,334.736
0.219232962,335.066
0.219242261,334.766
0.219251557,334.652
0.219260857,334.820
0.219270154,334.698
0.219279500,336.434
0.219288826,335.760
0.219298122,334.637
0.219307482,336.965
0.219316781,334.768
0.219326105,335.670
0.219335432,335.749
0.219344727,334.648
0.219354024,334.694
0.219363349,335.699
0.219372647,334.711
0.219381978,335.931
0.219391279,334.815
0.219400600,335.578
0.219409898,334.710
0.219419202,334.947
0.219428498,334.646
0.219437798,334.799
0.219447123,335.701
0.219456440,335.425
0.219465762,335.593
0.219475063,334.825
0.219484358,334.642
0.219493697,336.202
0.219502995,334.729
0.219512327,335.945
0.219521627,334.812
0.219530935,335.056
0.219540232,334.716
0.219549534,334.865
0.219558832,334.710
0.219568153,335.579
0.219577453,334.811
0.219586751,334.698
0.219596073,335.595
0.219605373,334.804
0.219614684,335.213
0.219624008,335.664
0.219633333,335.678
0.219642648,335.358
0.219651948,334.797
0.219661280,335.962
0.219670594,335.279
0.219679892,334.737
0.219689218,335.748
0.219698540,335.596
0.219707846,334.996
0.219717155,335.131
0.219726492,336.123
0.219735822,335.890
0.219745118,334.649
0.219754426,335.085
0.219763756,335.906
0.219773072,335.376
0.219782398,335.704
0.219791696,334.736
0.219801018,335.614
0.219810319,334.822
0.219819641,335.577
0.219828936,334.647
0.219838237,334.812
0.219847532,334.640
0.219856830,334.714
0.219866133,334.897
0.219875430,334.708
0.219884738,335.081
0.219894041,334.932
0.219903365,335.653
0.219912686,335.540
0.219921986,334.813
0.219931284,334.723
0.219940582,334.736
0.219949916,336.024
0.219959240,335.670
0.219968567,335.751
0.219977913,336.467
0.219987210,334.693
0.219996561,336.639
0.220005859,334.712
0.220015180,335.580
0.220024507,335.766
0.220033829,335.583
0.220043138,335.118
0.220052440,334.884
0.220061736,334.644
0.220071033,334.698
0.220080358,335.687
0.220089682,335.662
0.220099006,335.680
0.220108304,334.715
0.220117599,334.635
0.220126926,335.764
0.220136223,334.695
0.220145567,336.380
0.220154867,334.805
0.220164162,334.633
0.220173493,335.905
0.220182792,334.767
0.220192106,335.304
0.220201429,335.611
0.220210767,336.182
0.220220064,334.708
0.220229364,334.775
0.220238672,335.094
0.220247967,334.636
0.220257276,335.105
0.220266609,335.987
0.220275907,334.740
0.220285207,334.806
0.220294517,335.131
0.220303828,335.213
0.220313175,336.485
0.220322503,335.810
0.220331825,335.595
0.220341168,336.354
0.220350507,336.214
0.220359806,334.758
0.220369103,334.693
0.220378399,334.647
0.220387726,335.762
0.220397048,335.588
0.220406345,334.722
0.220415644,334.734
0.220424945,334.833
0.220434240,334.644
0.220443545,334.990
0.220452891,336.443
0.220462187,334.643
0.220471493,335.043
0.220480836,336.320
0.220490134,334.723
0.220499458,335.685
0.220508782,335.671
0.220518109,335.743
0.220527414,335.003
0.220536711,334.696
0.220546010,334.746
0.220555334,335.661
0.220564629,334.633
0.220573929,334.812
0.220583274,336.404
0.220592572,334.712
0.220601880,335.123
0.220611178,334.720
0.220620499,335.561
0.220629827,335.784
0.220639124,334.716
0.220648420,334.642
0.220657774,336.755
0.220667090,335.369
0.220676391,334.830
0.220685688,334.696
0.220694984,334.645
0.220704284,334.815
0.220713580,334.635
0.220722904,335.663
0.220732201,334.726
0.220741522,335.547
0.220750867,336.409
0.220760193,335.752
0.220769527,335.997
0.220778822,334.647
0.220788149,335.758
0.220797471,335.594
0.220806769,334.719
0.220816067,334.725
0.220825409,336.340
0.220834735,335.733
0.220844057,335.593
0.220853381,335.639
0.220862679,334.737
0.220871996,335.422
0.220881319,335.612
0.220890619,334.823
0.220899964,336.398
0.220909291,335.783
0.220918591,334.806
0.220927913,335.599
0.220937211,334.693
0.220946535,335.697
0.220955833,334.711
0.220965131,334.729
0.220974454,335.630
0.220983749,334.631
0.220993076,335.766
0.221002400,335.647
0.221011695,334.642
0.221020996,334.815
0.221030327,335.924
0.221039637,335.172
0.221048965,335.802
0.221058309,336.395
0.221067605,334.635
0.221076905,334.812
0.221086229,335.646
0.221095553,335.690
0.221104877,335.659
0.221114173,334.631
0.221123473,334.811
0.221132779,335.033
0.221142103,335.668
0.221151406,334.907
0.221160712,334.984
0.221170036,335.679
0.221179362,335.736
0.221188675,335.255
0.221197970,334.642
0.221207297,335.774
0.221216619,335.588
0.221225917,334.712
0.221235217,334.795
0.221244512,334.646
0.221253813,334.817
0.221263134,335.569
0.221272432,334.713
0.221281756,335.690
0.221291080,335.666
0.221300376,334.632
0.221309676,334.814
0.221319000,335.649
0.221328296,334.647
0.221337601,334.989
0.221346923,335.587
0.221356220,334.717
0.221365571,336.633
0.221374895,335.658
0.221384217,335.582
0.221393544,335.767
0.221402870,335.741
0.221412170,334.811
0.221421468,334.722
0.221430800,335.942
0.221440128,335.818
0.221449424,334.663
0.221458744,335.529
0.221468045,334.820
0.221477382,336.120
0.221486705,335.655
0.221496004,334.743
0.221505302,334.717
0.221514597,334.638
0.221523925,335.813
0.221533221,334.641
0.221542521,334.810
0.221551818,334.697
0.221561114,334.642
0.221570440,335.760
0.221579736,334.643
0.221589034,334.720
0.221598332,334.737
0.221607630,334.743
0.221616926,334.641
0.221626253,335.765
0.221635577,335.654
0.221644908,335.919
0.221654243,336.059
0.221663538,334.638
0.221672863,335.701
0.221682189,335.717
0.221691486,334.721
0.221700813,335.769
0.221710110,334.683
0.221719416,335.023
0.221728723,335.029
0.221738048,335.708
0.221747344,334.641
0.221756697,336.723
0.221766006,335.129
0.221775330,335.666
0.221784630,334.798
0.221793926,334.651
0.221803223,334.697
0.221812548,335.694
0.221821846,334.714
0.221831151,334.989
0.221840478,335.767
0.221849800,335.590
0.221859100,334.817
0.221868397,334.703
0.221877713,335.363
0.221887043,335.862
0.221896338,334.641
0.221905658,335.499
0.221914956,334.730
0.221924267,335.219
0.221933562,334.630
0.221942866,334.935
0.221952164,334.703
0.221961511,336.491
0.221970811,334.811
0.221980126,335.361
0.221989427,334.823
0.221998752,335.699
0.222008051,334.755
0.222017351,334.823
0.222026674,335.610
0.222035971,334.692
0.222045322,336.648
0.222054643,335.552
0.222063961,335.434
0.222073262,334.839
0.222082557,334.642
0.222091882,335.690
0.222101183,334.820
0.222110478,334.642
0.222119803,335.679
0.222129131,335.804
0.222138429,334.740
0.222147754,335.688
0.222157078,335.665
0.222166373,334.633
0.222175700,335.763
0.222185021,335.561
0.222194338,335.406
0.222203664,335.762
0.222212973,335.122
0.222222271,334.714
0.222231596,335.690
0.222240940,336.405
0.222250262,335.586
0.222259589,335.773
0.222268912,335.622
0.222278239,335.762
0.222287537,334.724
0.222296851,335.329
0.222306178,335.770
0.222315474,334.632
0.222324786,335.258
0.222334139,336.695
0.222343461,335.597
0.222352781,335.524
0.222362136,336.769
0.222371476,336.240
0.222380800,335.659
0.222390101,334.841
0.222399396,334.632
0.222408723,335.769
0.222418046,335.622
0.222427342,334.648
0.222436668,335.760
0.222445975,335.052
0.222455273,334.716
0.222464571,334.726
0.222473869,334.710
0.222483164,334.633
0.222492464,334.818
0.222501762,334.699
0.222511057,334.641
0.222520357,334.809
0.222529653,334.644
0.222538970,335.408
0.222548269,334.756
0.222557566,334.719
0.222566899,335.983
0.222576201,334.842
0.222585516,335.371
0.222594841,335.696
0.222604139,334.717
0.222613434,334.634
0.222622764,335.868
0.222632059,334.630
0.222641357,334.721
0.222650657,334.798
0.222659979,335.598
0.222669276,334.697
0.222678601,335.691
0.222687925,335.664
0.222697247,335.589
0.222706573,335.753
0.222715869,334.632
0.222725231,337.043
0.222734528,334.694
0.222743824,334.645
0.222753150,335.757
0.222762446,334.629
0.222771743,334.712
0.222781041,334.727
0.222790339,334.720
0.222799661,335.581
0.222809014,336.709
0.222818311,334.707
0.222827608,334.670
0.222836915,335.057
0.222846253,336.167
0.222855561,335.085
0.222864860,334.793
0.222874185,335.682
0.222883485,334.805
0.222892806,335.571
0.222902130,335.650
0.222911455,335.694
0.222920776,335.567
0.222930086,335.156
0.222939387,334.821
0.222948682,334.632
0.222957992,335.176
0.222967292,334.788
0.222976603,335.187
0.222985912,335.116
0.222995210,334.742
0.223004527,335.428
0.223013849,335.588
0.223023150,334.821
0.223032463,335.274
0.223041764,334.817
0.223051071,335.060
0.223060367,334.653
0.223069669,334.887
0.223079001,335.933
0.223088313,335.241
0.223097634,335.572
0.223106940,335.023
0.223116271,335.891
0.223125609,336.168
0.223134933,335.688
0.223144230,334.678
0.223153531,334.835
0.223162844,335.269
0.223172172,335.804
0.223181521,336.554
0.223190845,335.677
0.223200172,335.783
0.223209480,335.080
0.223218777,334.695
0.223228102,335.690
0.223237399,334.712
0.223246708,335.108
0.223256035,335.766
0.223265330,334.631
0.223274652,335.595
0.223283952,334.792
0.223293274,335.593
0.223302598,335.647
0.223311896,334.741
0.223321220,335.671
0.223330546,335.735
0.223339844,334.715
0.223349159,335.359
0.223358515,336.810
0.223367812,334.706
0.223377108,334.658
0.223386420,335.223
0.223395730,335.159
0.223405054,335.666
0.223414353,334.741
0.223423677,335.670
0.223432972,334.630
0.223442273,334.818
0.223451588,335.365
0.223460913,335.694
0.223470220,335.064
0.223479542,335.589
0.223488843,334.821
0.223498150,335.039
0.223507463,335.267
0.223516762,334.793
0.223526058,334.649
0.223535378,335.495
0.223544702,335.690
0.223554000,334.713
0.223563322,335.581
0.223572622,334.810
0.223581917,334.634
0.223591240,335.631
0.223600569,335.836
0.223609883,335.294
0.223619184,334.842
0.223628506,335.588
0.223637830,335.663
0.223647172,336.320
0.223656498,335.724
0.223665820,335.588
0.223675121,334.848
0.223684419,334.723
0.223693741,335.603
0.223703041,334.815
0.223712337,334.637
0.223721634,334.709
0.223730932,334.730
0.223740247,335.315
0.223749595,336.532
0.223758922,335.763
0.223768219,334.697
0.223777543,335.690
0.223786841,334.713
0.223796157,335.372
0.223805457,334.813
0.223814753,334.630
0.223824050,334.716
0.223833350,334.799
0.223842648,334.711
0.223851995,336.500
0.223861294,334.751
0.223870618,335.679
0.223879938,335.529
0.223889265,335.768
0.223898613,336.538
0.223907914,334.811
0.223917237,335.647
0.223926533,334.659
0.223935834,334.835
0.223945142,335.059
0.223954460,335.469
0.223963758,334.735
0.223973056,334.719
0.223982351,334.633
0.223991683,335.926
0.224000980,334.701
0.224010276,334.648
0.224019576,334.808
0.224028914,336.164
0.224038211,334.711
0.224047562,336.637
0.224056878,335.365
0.224066205,335.754
0.224075511,335.014
0.224084810,334.790
0.224094109,334.756
0.224103407,334.722
0.224112744,336.119
0.224122044,334.822
0.224131340,334.636
0.224140664,335.668
0.224149963,334.787
0.224159286,335.599
0.224168583,334.698
0.224177907,335.687
0.224187221,335.304
0.224196553,335.926
0.224205925,337.391
0.224215240,335.338
0.224224550,335.186
0.224233848,334.727
0.224243144,334.656
0.224252446,334.847
0.224261768,335.589
0.224271065,334.717
0.224280389,335.672
0.224289714,335.668
0.224299009,334.632
0.224308309,334.810
0.224317606,334.693
0.224326902,334.643
0.224336231,335.850
0.224345544,335.269
0.224354844,334.814
0.224364140,334.641
0.224373438,334.711
0.224382745,335.070
0.224392066,335.549
0.224401378,335.240
0.224410677,334.761
0.224419975,334.725
0.224429271,334.669
0.224438572,334.820
0.224447867,334.633
0.224457191,335.662
0.224466491,334.788
0.224475802,335.191
0.224485099,334.706
0.224494408,335.109
0.224503752,336.380
0.224513048,334.674
0.224522376,335.796
0.224531715,336.208
0.224541015,334.808
0.224550312,334.702
0.224559634,335.596
0.224568961,335.759
0.224578266,334.965
0.224587591,335.711
0.224596916,335.691
0.224606214,334.749
0.224615534,335.522
0.224624861,335.775
0.224634186,335.688
0.224643482,334.660
0.224652783,334.820
0.224662079,334.661
0.224671414,336.075
0.224680710,334.628
0.224690034,335.674
0.224699334,334.788
0.224708629,334.650
0.224717953,335.647
0.224727251,334.744
0.224736549,334.715
0.224745871,335.589
0.224755216,336.421
0.224764514,334.718
0.224773838,335.688
0.224783139,334.835
0.224792452,335.253
0.224801750,334.728
0.224811048,334.744
0.224820368,335.495
0.224829667,334.779
0.224838965,334.729
0.224848261,334.638
0.224857614,336.714
0.224866937,335.647
0.224876233,334.649
0.224885543,335.146
0.224894865,335.586
0.224904162,334.715
0.224913488,335.740
0.224922787,334.737
0.224932109,335.616
0.224941418,335.112
0.224950732,335.321
0.224960029,334.668
0.224969329,334.828
0.224978642,335.261
0.224987951,335.100
0.224997246,334.633
0.225006564,335.436
0.225015890,335.744
0.225025198,335.088
0.225034495,334.697
0.225043824,335.851
0.225053123,334.756
0.225062421,334.721
0.225071722,334.852
0.225081060,336.152
0.225090383,335.626
0.225099682,334.792
0.225108978,334.642
0.225118275,334.700
0.225127574,334.745
0.225136871,334.717
0.225146169,334.725
0.225155467,334.720
0.225164809,336.306
0.225174136,335.762
0.225183459,335.651
0.225192818,336.903
0.225202118,334.806
0.225211413,334.634
0.225220711,334.715
0.225230009,334.731
0.225239353,336.396
0.225248701,336.512
0.225258001,334.815
0.225267343,336.291
0.225276641,334.741
0.225285939,334.715
0.225295234,334.633
0.225304534,334.812
0.225313851,335.380
0.225323149,334.762
0.225332482,335.988
0.225341780,334.716
0.225351091,335.204
0.225360390,334.751
0.225369688,334.715
0.225378983,334.639
0.225388284,334.815
0.225397595,335.211
0.225406903,335.094
0.225416230,335.750
0.225425552,335.596
0.225434852,334.814
0.225444174,335.586
0.225453472,334.715
0.225462796,335.682
0.225472094,334.715
0.225481389,334.629
0.225490721,335.966
0.225500019,334.701
0.225509314,334.645
0.225518620,334.999
0.225527930,335.155
0.225537227,334.713
0.225546554,335.783
0.225555855,334.814
0.225565151,334.649
0.225574451,334.825
0.225583748,334.693
0.225593074,335.716
0.225602408,336.040
0.225611731,335.608
0.225621058,335.780
0.225630365,335.058
0.225639699,336.014
0.225649025,335.744
0.225658321,334.651
0.225667618,334.694
0.225676916,334.735
0.225686214,334.721
0.225695534,335.507
0.225704834,334.810
0.225714129,334.630
0.225723427,334.714
0.225732726,334.787
0.225742022,334.649
0.225751375,336.709
0.225760671,334.644
0.225769969,334.721
0.225779320,336.637
0.225788641,335.575
0.225797960,335.484
0.225807262,334.866
0.225816559,334.699
0.225825855,334.647
0.225835155,334.814
0.225844451,334.635
0.225853785,336.011
0.225863109,335.690
0.225872425,335.362
0.225881778,336.726
0.225891111,335.969
0.225900435,335.661
0.225909734,334.764
0.225919056,335.598
0.225928378,335.591
0.225937678,334.810
0.225946974,334.635
0.225956298,335.666
0.225965624,335.747
0.225974946,335.588
0.225984243,334.695
0.225993542,334.748
0.226002839,334.718
0.226012171,335.932
0.226021471,334.815
0.226030766,334.633
0.226040076,335.137
0.226049374,334.740
0.226058697,335.612
0.226067998,334.849
0.226077320,335.606
0.226086639,335.474
0.226095938,334.756
0.226105236,334.731
0.226114554,335.447
0.226123860,335.031
0.226133172,335.231
0.226142468,334.645
0.226151776,335.067
0.226161081,335.014
0.226170405,335.661
0.226179730,335.692
0.226189028,334.716
0.226198336,335.110
0.226207659,335.602
0.226216998,336.229
0.226226297,334.733
0.226235594,334.716
0.226244890,334.637
0.226254190,334.819
0.226263486,334.631
0.226272809,335.662
0.226282136,335.744
0.226291460,335.668
0.226300757,334.713
0.226310056,334.755
0.226319373,335.404
0.226328678,334.989
0.226338005,335.769
0.226347327,335.584
0.226356635,335.103
0.226365943,335.078
0.226375239,334.641
0.226384539,334.808
0.226393897,336.890
0.226403194,334.714
0.226412493,334.730
0.226421809,335.386
0.226431106,334.713
0.226440407,334.836
0.226449732,335.680
0.226459028,334.651
0.226468331,334.916
0.226477646,335.326
0.226486943,334.719
0.226496241,334.728
0.226505566,335.672
0.226514927,336.994
0.226524222,334.643
0.226533522,334.800
0.226542821,334.751
0.226552119,334.724
0.226561414,334.633
0.226570715,334.821
0.226580010,334.640
0.226589344,336.012
0.226598644,334.794
0.226607939,334.645
0.226617236,334.695
0.226626563,335.769
0.226635861,334.718
0.226645157,334.634
0.226654483,335.768
0.226663797,335.285
0.226673125,335.805
0.226682448,335.646
0.226691744,334.647
0.226701044,334.814
0.226710366,335.576
0.226719665,334.761
0.226728994,335.843
0.226738292,334.717
0.226747610,335.467
0.226756911,334.822
0.226766208,334.695
0.226775505,334.701
0.226784806,334.830
0.226794101,334.640
0.226803399,334.719
0.226812706,335.034
0.226822021,335.362
0.226831321,334.797
0.226840670,336.546
0.226849967,334.706
0.226859272,334.987
0.226868608,336.089
0.226877904,334.637
0.226887209,334.993
0.226896544,336.077
0.226905892,336.512
0.226915218,335.749
0.226924514,334.642
0.226933811,334.697
0.226943136,335.690
0.226952433,334.717
0.226961729,334.636
0.226971029,334.813
0.226980360,335.897
0.226989661,334.859
0.226998985,335.651
0.227008282,334.695
0.227017589,335.063
0.227026898,335.105
0.227036196,334.721
0.227045525,335.846
0.227054844,335.487
0.227064151,335.069
0.227073451,334.797
0.227082748,334.687
0.227092069,335.540
0.227101369,334.809
0.227110682,335.260
0.227119982,334.815
0.227129304,335.582
0.227138628,335.664
0.227147961,336.009
0.227157308,336.465
0.227166631,335.639
0.227175934,334.925
0.227185254,335.516
0.227194550,334.640
0.227203873,335.626
0.227213169,334.667
0.227222503,336.024
0.227231804,334.825
0.227241100,334.664
0.227250397,334.708
0.227259696,334.766
0.227269032,336.075
0.227278358,335.726
0.227287682,335.689
0.227296978,334.659
0.227306283,334.949
0.227315580,334.708
0.227324912,335.939
0.227334212,334.810
0.227343521,335.128
0.227352845,335.663
0.227362176,335.912
0.227371474,334.719
0.227380794,335.533
0.227390094,334.807
0.227399418,335.647
0.227408743,335.700
0.227418040,334.713
0.227427336,334.631
0.227436662,335.763
0.227445969,335.030
0.227455266,334.711
0.227464572,335.010
0.227473868,334.649
0.227483165,334.691
0.227492490,335.694
0.227501823,336.013
0.227511170,336.479
0.227520524,336.736
0.227529820,334.660
0.227539141,335.569
0.227548442,334.828
0.227557739,334.683
0.227567093,336.755
0.227576390,334.686
0.227585689,334.760
0.227594988,334.756
0.227604285,334.722
0.227613581,334.636
0.227622908,335.771
0.227632205,334.698
0.227641501,334.645
0.227650805,334.939
0.227660126,335.580
0.227669435,335.128
0.227678760,335.683
0.227688103,336.349
0.227697398,334.637
0.227706725,335.756
0.227716049,335.650
0.227725347,334.740
0.227734648,334.827
0.227743990,336.338
0.227753317,335.769
0.227762613,334.638
0.227771910,334.718
0.227781210,334.801
0.227790506,334.650
0.227799804,334.698
0.227809102,334.738
0.227818400,334.727
0.227827696,334.668
0.227837023,335.767
0.227846319,334.640
0.227855616,334.720
0.227864916,334.797
0.227874256,336.231
0.227883609,336.718
0.227892905,334.637
0.227902202,334.718
0.227911527,335.683
0.227920851,335.667
0.227930146,334.633
0.227939448,334.841
0.227948745,334.715
0.227958080,336.054
0.227967384,334.942
0.227976680,334.664
0.227986004,335.675
0.227995330,335.714
0.228004628,334.722
0.228013927,334.792
0.228023224,334.656
0.228032547,335.645
0.228041845,334.743
0.228051169,335.664
0.228060491,335.581
0.228069818,335.768
0.228079140,335.582
0.228088454,335.315
0.228097809,336.793
0.228107105,334.647
0.228116412,335.031
0.228125711,334.775
0.228135009,334.729
0.228144331,335.591
0.228153631,334.810
0.228162945,335.282
0.228172271,335.767
0.228181595,335.655
0.228190919,335.658
0.228200220,334.834
0.228209528,335.080
0.228218825,334.719
0.228228123,334.729
0.228237448,335.671
0.228246766,335.467
0.228256093,335.767
0.228265417,335.646
0.228274737,335.552
0.228284047,335.146
0.228293379,335.935
0.228302705,335.761
0.228312027,335.585
0.228321325,334.717
0.228330624,334.787
0.228339947,335.597
0.228349244,334.693
0.228358547,334.937
0.228367845,334.720
0.228377176,335.915
0.228386479,334.902
0.228395774,334.638
0.228405096,335.578
0.228414422,335.743
0.228423763,336.256
0.228433087,335.671
0.228442438,336.649
0.228451782,336.363
0.228461106,335.685
0.228470428,335.588
0.228479750,335.580
0.228489082,335.959
0.228498379,334.697
0.228507701,335.589
0.228517010,335.139
0.228526306,334.634
0.228535603,334.711
0.228544901,334.728
0.228554199,334.716
0.228563494,334.626
0.228572803,335.107
0.228582144,336.301
0.228591443,334.753
0.228600750,335.061
0.228610062,335.228
0.228619396,336.016
0.228628703,335.058
0.228638037,336.017
0.228647356,335.495
0.228656654,334.723
0.228665955,334.842
0.228675256,334.820
0.228684581,335.709
0.228693877,334.644
0.228703178,334.851
0.228712474,334.638
0.228721781,335.077
0.228731081,334.784
0.228740377,334.645
0.228749677,334.803
0.228758972,334.630
0.228768270,334.715
0.228777568,334.726
0.228786865,334.716
0.228796161,334.637
0.228805461,334.813
0.228814758,334.697
0.228824095,336.112
0.228833395,334.809
0.228842690,334.635
0.228852014,335.661
0.228861318,334.943
0.228870616,334.726
0.228879911,334.628
0.228889249,336.155
0.228898591,336.295
0.228907915,335.693
0.228917240,335.671
0.228926535,334.644
0.228935844,335.128
0.228945140,334.649
0.228954438,334.729
0.228963738,334.797
0.228973034,334.651
0.228982331,334.692
0.228991629,334.734
0.229000949,335.523
0.229010269,335.507
0.229019570,334.848
0.229028893,335.609
0.229038217,335.689
0.229047544,335.767
0.229056841,334.664
0.229066167,335.769
0.229075464,334.662
0.229084762,334.732
0.229094094,335.954
0.229103392,334.721
0.229112687,334.630
0.229121990,334.919
0.229131314,335.660
0.229140610,334.651
0.229149910,334.815
0.229159232,335.594
0.229168530,334.719
0.229177828,334.725
0.229187126,334.713
0.229196421,334.625
0.229205743,335.589
0.229215041,334.729
0.229224367,335.744
0.229233692,335.685
0.229242988,334.667
0.229252315,335.776
0.229261622,335.045
0.229270919,334.713
0.229280219,334.795
0.229289565,336.437
0.229298862,334.698
0.229308160,334.739
0.229317458,334.720
0.229326780,335.588
0.229336083,334.918
0.229345378,334.632
0.229354679,334.827
0.229363980,334.817
0.229373276,334.653
0.229382573,334.699
0.229391871,334.743
0.229401169,334.713
0.229410467,334.732
0.229419817,336.585
0.229429132,335.359
0.229438459,335.759
0.229447806,336.492
0.229457128,335.599
0.229466428,334.805
0.229475750,335.590
0.229485074,335.673
0.229494380,335.010
0.229503678,334.720
0.229512999,335.560
0.229522326,335.766
0.229531623,334.694
0.229540948,335.693
0.229550245,334.718
0.229559541,334.635
0.229568868,335.773
0.229578175,335.056
0.229587496,335.570
0.229596823,335.757
0.229606132,335.142
0.229615456,335.646
0.229624754,334.741
0.229634052,334.725
0.229643359,335.043
0.229652659,334.818
0.229661955,334.635
0.229671289,336.026
0.229680615,335.747
0.229689938,335.606
0.229699238,334.807
0.229708533,334.630
0.229717831,334.713
0.229727129,334.734
0.229736427,334.721
0.229745743,335.406
0.229755094,336.614
0.229764392,334.741
0.229773688,334.649
0.229782990,334.855
0.229792301,335.200
0.229801623,335.607
0.229810948,335.692
0.229820266,335.435
0.229829575,335.143
0.229838871,334.647
0.229848185,335.316
0.229857510,335.698
0.229866859,336.555
0.229876181,335.587
0.229885507,335.761
0.229894816,335.107
0.229904136,335.537
0.229913436,334.794
0.229922747,335.175
0.229932044,334.694
0.229941342,334.749
0.229950640,334.711
0.229959961,335.551
0.229969262,334.846
0.229978557,334.628
0.229987857,334.810
0.229997154,334.693
0.230006469,335.326
0.230015771,334.869
0.230025093,335.592
0.230034391,334.724
0.230043731,336.230
0.230053031,334.814
0.230062353,335.591
0.230071654,334.849
0.230080973,335.463
0.230090268,334.646
0.230099602,336.020
0.230108898,334.638
0.230118196,334.717
0.230127547,336.640
0.230136844,334.709
0.230146180,336.084
0.230155502,335.599
0.230164819,335.409
0.230174144,335.696
0.230183441,334.717
0.230192763,335.585
0.230202095,335.940
0.230211390,334.630
0.230220700,335.164
0.230230003,334.901
0.230239341,336.154
0.230248638,334.699
0.230257963,335.691
0.230267260,334.709
0.230276556,334.639
0.230285855,334.791
0.230295151,334.646
0.230304452,334.816
0.230313769,335.436
0.230323066,334.668
0.230332423,336.856
0.230341745,335.608
0.230351043,334.738
0.230360342,334.736
0.230369639,334.718
0.230378935,334.642
0.230388262,335.760
0.230397559,334.696
0.230406881,335.600
0.230416189,335.088
0.230425537,336.539
0.230434838,334.820
0.230444160,335.590
0.230453484,335.669
0.230462810,335.738
0.230472106,334.645
0.230481403,334.694
0.230490701,334.737
0.230499999,334.712
0.230509294,334.633
0.230518610,335.376
0.230527906,334.661
0.230537207,334.823
0.230546531,335.665
0.230555827,334.673
0.230565162,336.039
0.230574482,335.541
0.230583780,334.734
0.230593111,335.905
0.230602417,335.027
0.230611727,335.136
0.230621063,336.124
0.230630361,334.701
0.230639656,334.646
0.230648964,335.067
0.230658259,334.638
0.230667557,334.719
0.230676864,335.033
0.230686161,334.725
0.230695461,334.795
0.230704793,335.953
0.230714117,335.655
0.230723416,334.743
0.230732713,334.718
0.230742009,334.639
0.230751312,334.925
0.230760647,336.060
0.230769945,334.721
0.230779246,334.833
0.230788556,335.174
0.230797854,334.722
0.230807180,335.711
0.230816497,335.421
0.230825793,334.660
0.230835121,335.796
0.230844416,334.637
0.230853716,334.811
0.230863032,335.372
0.230872356,335.663
0.230881657,334.835
0.230890953,334.667
0.230900251,334.729
0.230909556,334.971
0.230918890,336.016
0.230928199,335.114
0.230937504,335.004
0.230946802,334.705
0.230956160,336.897
0.230965460,334.808
0.230974756,334.639
0.230984082,335.759
0.230993381,334.765
0.231002697,335.374
0.231011997,334.796
0.231021319,335.569
0.231030616,334.701
0.231039941,335.689
0.231049264,335.660
0.231058613,336.544
0.231067944,335.932
0.231077261,335.410
0.231086585,335.667
0.231095941,336.792
0.231105253,335.238
0.231114550,334.694
0.231123848,334.743
0.231133146,334.717
0.231142453,335.057
0.231151785,335.960
0.231161129,336.383
0.231170457,335.780
0.231179754,334.698
0.231189076,335.595
0.231198385,335.142
0.231207694,335.127
0.231217018,335.645
0.231226343,335.687
0.231235661,335.448
0.231244967,335.017
0.231254293,335.764
0.231263617,335.660
0.231272942,335.693
0.231282240,334.710
0.231291604,337.134
0.231300957,336.708
0.231310265,335.075
0.231319589,335.661
0.231328893,334.963
0.231338203,335.150
0.231347500,334.690
0.231356799,334.749
0.231366123,335.660
0.231375418,334.636
0.231384718,334.814
0.231394040,335.582
0.231403338,334.712
0.231412664,335.746
0.231421978,335.293
0.231431279,334.846
0.231440574,334.633
0.231449902,335.805
0.231459234,335.946
0.231468532,334.720
0.231477854,335.615
0.231487181,335.759
0.231496505,335.647
0.231505863,336.896
0.231515163,334.807
0.231524494,335.928
0.231533792,334.713
0.231543090,334.733
0.231552432,336.326
0.231561732,334.787
0.231571038,335.015
0.231580335,334.697
0.231589667,335.934
0.231598965,334.719
0.231608286,335.588
0.231617587,334.807
0.231626930,336.375
0.231636228,334.717
0.231645554,335.741
0.231654865,335.204
0.231664189,335.645
0.231673487,334.740
0.231682805,335.441
0.231692130,335.684
0.231701428,334.738
0.231710733,334.971
0.231720041,335.107
0.231729338,334.705
0.231738634,334.645
0.231747934,334.806
0.231757230,334.629
0.231766527,334.719
0.231775852,335.688
0.231785150,334.715
0.231794445,334.636
0.231803772,335.767
0.231813069,334.700
0.231822390,335.535
0.231831742,336.705
0.231841055,335.256
0.231850355,334.813
0.231859687,335.935
0.231869028,336.264
0.231878334,335.043
0.231887656,335.592
0.231896954,334.698
0.231906278,335.694
0.231915585,335.035
0.231924881,334.670
0.231934208,335.773
0.231943505,334.661
0.231952829,335.685
0.231962182,336.708
0.231971497,335.338
0.231980829,335.962
0.231990126,334.666
0.231999450,335.696
0.232008750,334.770
0.232018048,334.760
0.232027360,335.223
0.232036714,336.719
0.232046033,335.520
0.232055352,335.456
0.232064652,334.812
0.232073947,334.631
0.232083245,334.713
0.232092549,334.961
0.232101847,334.713
0.232111142,334.630
0.232120470,335.808
0.232129785,335.324
0.232139119,336.015
0.232148445,335.767
0.232157741,334.640
0.232167068,335.769
0.232176399,335.927
0.232185711,335.239
0.232195043,335.930
0.232204387,336.381
0.232213696,335.129
0.232223021,335.691
0.232232318,334.712
0.232241614,334.633
0.232250914,334.812
0.232260210,334.643
0.232269508,334.745
0.232278808,334.805
0.232288122,335.301
0.232297422,334.809
0.232306743,335.547
0.232316041,334.714
0.232325398,336.871
0.232334696,334.716
0.232343991,334.631
0.232353292,334.811
0.232362589,334.696
0.232371907,335.472
0.232381216,335.122
0.232390512,334.643
0.232399861,336.559
0.232409212,336.643
0.232418510,334.724
0.232427836,335.742
0.232437158,335.596
0.232446475,335.402
0.232455799,335.687
0.232465097,334.705
0.232474392,334.636
0.232483693,334.814
0.232492988,334.628
0.232502334,336.470
0.232511660,335.742
0.232520983,335.597
0.232530333,336.606
0.232539633,334.796
0.232548948,335.354
0.232558245,334.675
0.232567555,335.186
0.232576851,334.652
0.232586186,336.059
0.232595494,335.081
0.232604810,335.365
0.232614139,335.872
0.232623462,335.595
0.232632782,335.521
0.232642080,334.727
0.232651425,336.431
0.232660720,334.635
0.232670047,335.766
0.232679371,335.654
0.232688666,334.643
0.232697967,334.818
0.232707280,335.281
0.232716581,334.811
0.232725876,334.634
0.232735190,335.307
0.232744516,335.740
0.232753838,335.600
0.232763136,334.698
0.232772434,334.741
0.232781732,334.713
0.232791040,335.120
0.232800341,334.812
0.232809663,335.589
0.232818994,335.933
0.232828296,334.882
0.232837619,335.630
0.232846919,334.774
0.232856218,334.775
0.232865569,336.642
0.232874868,334.742
0.232884165,334.719
0.232893461,334.630
0.232902761,334.814
0.232912085,335.648
0.232921395,335.170
0.232930695,334.817
0.232940004,335.111
0.232949351,336.492
0.232958649,334.733
0.232967947,334.716
0.232977242,334.640
0.232986543,334.810
0.232995885,336.343
0.233005208,335.596
0.233014517,335.132
0.233023857,336.260
0.233033184,335.763
0.233042506,335.590
0.233051830,335.670
0.233061136,335.003
0.233070432,334.646
0.233079731,334.781
0.233089077,336.443
0.233098390,335.276
0.233107712,335.585
0.233117040,335.817
0.233126336,334.669
0.233135634,334.726
0.233144961,335.752
0.233154256,334.644
0.233163557,334.833
0.233172905,336.515
0.233182203,334.719
0.233191501,334.736
0.233200825,335.664
0.233210156,335.925
0.233219483,335.765
0.233228807,335.651
0.233238129,335.592
0.233247429,334.808
0.233256740,335.195
0.233266075,336.065
0.233275373,334.741
0.233284707,336.012
0.233294042,336.066
0.233303338,334.650
0.233312692,336.740
0.233321991,334.776
0.233331289,334.731
0.233340612,335.617
0.233349913,334.843
0.233359209,334.642
0.233368508,334.755
0.233377816,335.097
0.233387113,334.687
0.233396413,334.819
0.233405746,335.996
0.233415044,334.726
0.233424369,335.696
0.233433667,334.723
0.233443004,336.115
0.233452308,334.968
0.233461632,335.651
0.233470967,336.057
0.233480267,334.804
0.233489578,335.190
0.233498875,334.715
0.233508200,335.685
0.233517524,335.665
0.233526850,335.743
0.233536146,334.632
0.233545446,334.805
0.233554744,334.756
0.233564067,335.614
0.233573389,335.591
0.233582716,335.764
0.233592011,334.639
0.233601336,335.671
0.233610662,335.741
0.233619972,335.168
0.233629269,334.695
0.233638587,335.439
0.233647914,335.763
0.233657261,336.524
0.233666589,335.796
0.233675903,335.304
0.233685231,335.796
0.233694565,336.047
0.233703897,335.943
0.233713224,335.760
0.233722532,335.101
0.233731856,335.667
0.233741154,334.731
0.233750467,335.246
0.233759798,335.932
0.233769099,334.819
0.233778442,336.351
0.233787738,334.658
0.233797065,335.782
0.233806361,334.647
0.233815662,334.837
0.233824968,335.030
0.233834286,335.434
0.233843587,334.827
0.233852883,334.671
0.233862207,335.660
0.233871505,334.738
0.233880803,334.716
0.233890151,336.542
0.233899478,335.769
0.233908774,334.630
0.233918071,334.720
0.233927380,335.123
0.233936695,335.328
0.233946019,335.650
0.233955317,334.742
0.233964615,334.713
0.233973913,334.730
0.233983221,335.092
0.233992536,335.349
0.234001836,334.810
0.234011136,334.788
0.234020432,334.662
0.234029736,334.957
0.234039058,335.590
0.234048356,334.713
0.234057654,334.722
0.234066978,335.670
0.234076273,334.640
0.234085576,334.896
0.234094893,335.393
0.234104198,335.005
0.234113499,334.808
0.234122794,334.636
0.234132103,335.132
0.234141399,334.636
0.234150697,334.727
0.234160023,335.745
0.234169318,334.641
0.234178616,334.702
0.234187914,334.737
0.234197243,335.828
0.234206539,334.661
0.234215839,334.821
0.234225162,335.633
0.234234485,335.597
0.234243787,334.883
0.234253125,336.188
0.234262448,335.609
0.234271774,335.737
0.234281072,334.718
0.234290370,334.756
0.234299704,336.012
0.234309019,335.339
0.234318319,334.812
0.234327617,334.699
0.234336927,335.172
0.234346233,335.003
0.234355528,334.633
0.234364826,334.717
0.234374124,334.732
0.234383421,334.719
0.234392767,336.449
0.234402094,335.764
0.234411437,336.344
0.234420788,336.637
0.234430086,334.714
0.234439381,334.639
0.234448682,334.817
0.234457977,334.637
0.234467294,335.430
0.234476624,335.853
0.234485929,334.971
0.234495253,335.683
0.234504578,335.697
0.234513902,335.674
0.234523248,336.453
0.234532548,334.811
0.234541887,336.181
0.234551237,336.616
0.234560537,334.794
0.234569859,335.595
0.234579186,335.757
0.234588508,335.587
0.234597820,335.263
0.234607145,335.681
0.234616469,335.661
0.234625764,334.640
0.234635091,335.765
0.234644415,335.658
0.234653723,335.069
0.234663025,334.890
0.234672347,335.588
0.234681670,335.640
0.234690985,335.320
0.234700309,335.657
0.234709609,334.801
0.234718933,335.693
0.234728229,334.652
0.234737557,335.792
0.234746870,335.261
0.234756168,334.732
0.234765495,335.788
0.234774818,335.610
0.234784118,334.812
0.234793414,334.658
0.234802712,334.723
0.234812043,335.912
0.234821390,336.507
0.234830708,335.429
0.234840008,334.806
0.234849326,335.465
0.234858646,335.497
0.234867952,335.043
0.234877290,336.168
0.234886588,334.710
0.234895912,335.678
0.234905228,335.350
0.234914554,335.741
0.234923876,335.590
0.234933189,335.273
0.234942501,335.249
0.234951841,336.236
0.234961151,335.135
0.234970456,334.983
0.234979772,335.407
0.234989094,335.569
0.234998420,335.742
0.235007732,335.223
0.235017029,334.693
0.235026327,334.736
0.235035651,335.666
0.235044976,335.685
0.235054300,335.667
0.235063614,335.329
0.235072922,335.065
0.235082231,335.116
0.235091541,335.180
0.235100868,335.766
0.235110212,336.395
0.235119560,336.503
0.235128864,334.950
0.235138208,336.390
0.235147503,334.630
0.235156830,335.760
0.235166127,334.697
0.235175452,335.688
0.235184749,334.711
0.235194107,336.894
0.235203411,334.916
0.235212762,336.639
0.235222061,334.782
0.235231387,335.744
0.235240685,334.707
0.235250032,336.513
0.235259331,334.752
0.235268655,335.672
0.235277951,334.643
0.235287278,335.771
0.235296591,335.260
0.235305891,334.815
0.235315188,334.695
0.235324501,335.268
0.235333836,336.041
0.235343131,334.631
0.235352429,334.714
0.235361779,336.631
0.235371100,335.544
0.235380396,334.637
0.235389696,334.817
0.235398993,334.698
0.235408312,335.486
0.235417612,334.807
0.235426908,334.643
0.235436232,335.670
0.235445557,335.677
0.235454854,334.716
0.235464183,335.840
0.235473479,334.658
0.235482776,334.702
0.235492102,335.705
0.235501400,334.739
0.235510722,335.599
0.235520049,335.779
0.235529358,335.101
0.235538655,334.722
0.235547982,335.743
0.235557319,336.128
0.235566652,336.021
0.235575956,334.940
0.235585282,335.724
0.235594634,336.673
0.235603958,335.671
0.235613281,335.614
0.235622634,336.727
0.235631944,335.136
0.235641240,334.672
0.235650541,334.835
0.235659860,335.461
0.235669158,334.745
0.235678457,334.761
0.235687755,334.728
0.235697051,334.640
0.235706354,334.917
0.235715654,334.799
0.235724975,335.565
0.235734284,335.111
0.235743598,335.304
0.235752924,335.767
0.235762246,335.561
0.235771574,335.828
0.235780875,334.829
0.235790172,334.687
0.235799511,336.213
0.235808810,334.775
0.235818108,334.723
0.235827404,334.640
0.235836704,334.816
0.235846041,336.113
0.235855365,335.669
0.235864691,335.744
0.235874023,335.943
0.235883320,334.699
0.235892618,334.741
0.235901952,336.002
0.235911258,335.019
0.235920607,336.575
0.235929902,334.630
0.235939203,334.818
0.235948500,334.690
0.235957824,335.682
0.235967157,335.966
0.235976479,335.599
0.235985777,334.720
0.235995101,335.683
0.236004419,335.426
0.236013740,335.583
0.236023041,334.815
0.236032356,335.351
0.236041681,335.686
0.236050989,335.092
0.236060293,334.966
0.236069595,334.844
0.236078890,334.637
0.236088209,335.474
0.236097509,334.808
0.236106844,336.070
0.236116154,335.165
0.236125453,334.749
0.236134813,336.975
0.236144135,335.590
0.236153464,335.829
0.236162776,335.247
0.236172074,334.721
0.236181401,335.748
0.236190696,334.645
0.236199999,334.896
0.236209295,334.653
0.236218593,334.717
0.236227944,336.639
0.236237241,334.714
0.236246537,334.633
0.236255864,335.774
0.236265161,334.697
0.236274456,334.640
0.236283757,334.809
0.236293115,336.887
0.236302439,335.669
0.236311763,335.686
0.236321085,335.577
0.236330387,334.892
0.236339710,335.603
0.236349034,335.683
0.236358367,335.966
0.236367665,334.722
0.236376960,334.646
0.236386261,334.820
0.236395556,334.633
0.236404876,335.525
0.236414229,336.691
0.236423566,336.146
0.236432864,334.703
0.236442188,335.693
0.236451515,335.743
0.236460840,335.731
0.236470165,335.681
0.236479487,335.614
0.236488815,335.801
0.236498112,334.698
0.236507435,335.626
0.236516736,334.839
0.236526045,335.121
0.236535393,336.512
0.236544718,335.709
0.236554036,335.456
0.236563333,334.661
0.236572660,335.798
0.236582001,336.274
0.236591300,334.767
0.236600599,334.755
0.236609928,335.838
0.236619230,334.877
0.236628526,334.670
0.236637840,335.282
0.236647140,334.797
0.236656448,335.092
0.236665771,335.646
0.236675070,334.740
0.236684367,334.714
0.236693665,334.715
0.236702993,335.796
0.236712288,334.630
0.236721586,334.744
0.236730914,335.808
0.236740236,335.589
0.236749536,334.806
0.236758841,334.979
0.236768139,334.714
0.236777463,335.681
0.236786761,334.721
0.236796077,335.365
0.236805383,335.027
0.236814680,334.700
0.236823998,335.421
0.236833324,335.763
0.236842620,334.633
0.236851917,334.713
0.236861222,334.949
0.236870539,335.444
0.236879887,336.519
0.236889190,334.908
0.236898514,335.654
0.236907823,335.112
0.236917121,334.754
0.236926417,334.645
0.236935720,334.927
0.236945016,334.643
0.236954314,334.734
0.236963642,335.791
0.236972946,334.954
0.236982267,335.539
0.236991592,335.719
0.237000911,335.489
0.237010219,335.086
0.237019523,334.924
0.237028818,334.646
0.237038143,335.694
0.237047444,334.819
0.237056740,334.650
0.237066041,334.838
0.237075363,335.607
0.237084661,334.722
0.237093959,334.726
0.237103283,335.667
0.237112614,335.925
0.237121915,334.815
0.237131212,334.696
0.237140521,335.138
0.237149848,335.758
0.237159143,334.645
0.237168450,335.034
0.237177775,335.709
0.237187092,335.406
0.237196414,335.598
0.237205768,336.724
0.237215065,334.698
0.237224389,335.687
0.237233713,335.666
0.237243009,334.644
0.237252312,334.908
0.237261647,336.047
0.237270944,334.716
0.237280249,334.973
0.237289593,336.387
0.237298929,336.089
0.237308227,334.739
0.237317551,335.664
0.237326873,335.585
0.237336200,335.762
0.237345522,335.585
0.237354849,335.764
0.237364182,336.023
0.237373478,334.642
0.237382805,335.752
0.237392126,335.586
0.237401424,334.713
0.237410775,336.631
0.237420099,335.665
0.237429396,334.706
0.237438721,335.681
0.237448045,335.674
0.237457342,334.687
0.237466669,335.783
0.237475992,335.621
0.237485293,334.819
0.237494640,336.514
0.237503938,334.722
0.237513264,335.745
0.237522560,334.646
0.237531893,335.992
0.237541197,334.928
0.237550508,335.194
0.237559830,335.592
0.237569130,334.817
0.237578425,334.634
0.237587734,335.126
0.237597034,334.790
0.237606356,335.600
0.237615653,334.695
0.237624987,336.001
0.237634311,335.665
0.237643662,336.632
0.237652959,334.716
0.237662255,334.636
0.237671611,336.809
0.237680908,334.710
0.237690240,335.938
0.237699571,335.906
0.237708866,334.633
0.237718190,335.676
0.237727498,335.095
0.237736823,335.678
0.237746118,334.628
0.237755446,335.793
0.237764743,334.696
0.237774068,335.700
0.237783365,334.715
0.237792661,334.634
0.237801968,335.070
0.237811302,336.005
0.237820599,334.716
0.237829899,334.792
0.237839221,335.597
0.237848519,334.708
0.237857870,336.642
0.237867215,336.409
0.237876537,335.590
0.237885837,334.817
0.237895195,336.887
0.237904495,334.815
0.237913801,335.017
0.237923114,335.267
0.237932449,336.039
0.237941745,334.671
0.237951043,334.735
0.237960342,334.730
0.237969640,334.737
0.237978936,334.650
0.237988257,335.574
0.237997556,334.778
0.238006852,334.650
0.238016162,335.141
0.238025458,334.664
0.238034783,335.687
0.238044107,335.691
0.238053405,334.722
0.238062705,334.797
0.238072027,335.593
0.238081343,335.380
0.238090642,334.746
0.238099940,334.718
0.238109235,334.636
0.238118536,334.823
0.238127870,336.040
0.238137194,335.667
0.238146522,335.790
0.238155844,335.600
0.238165144,334.806
0.238174443,334.747
0.238183740,334.721
0.238193062,335.588
0.238202363,334.814
0.238211658,334.636
0.238220985,335.769
0.238230282,334.700
0.238239578,334.644
0.238248880,334.868
0.238258175,334.645
0.238267473,334.727
0.238276783,335.144
0.238286120,336.148
0.238295443,335.593
0.238304769,335.766
0.238314067,334.700
0.238323386,335.495
0.238332689,334.907
0.238342011,335.589
0.238351345,336.030
0.238360678,335.999
0.238369977,334.739
0.238379311,336.056
0.238388618,335.022
0.238397941,335.652
0.238407241,334.803
0.238416540,334.737
0.238425835,334.638
0.238435136,334.824
0.238444431,334.637
0.238453755,335.667
0.238463108,336.692
0.238472403,334.638
0.238481700,334.696
0.238491025,335.693
0.238500342,335.392
0.238509637,334.634
0.238518937,334.812
0.238528233,334.635
0.238537541,335.104
0.238546893,336.662
0.238556189,334.663
0.238565517,335.789
0.238574825,335.089
0.238584123,334.753
0.238593426,334.902
0.238602750,335.662
0.238612072,335.590
0.238621373,334.820
0.238630670,334.699
0.238639992,335.594
0.238649295,334.916
0.238658609,335.309
0.238667945,336.098
0.238677267,335.568
0.238686607,336.264
0.238695914,335.035
0.238705210,334.644
0.238714522,335.237
0.238723825,334.934
0.238733123,334.717
0.238742418,334.627
0.238751719,334.812
0.238761014,334.633
0.238770338,335.668
0.238779664,335.748
0.238788960,334.640
0.238798284,335.649
0.238807608,335.694
0.238816924,335.357
0.238826275,336.651
0.238835574,334.751
0.238844932,336.888
0.238854259,335.780
0.238863557,334.708
0.238872880,335.631
0.238882181,334.834
0.238891493,335.233
0.238900792,334.773
0.238910091,334.757
0.238919415,335.680
0.238928737,335.587
0.238938091,336.764
0.238947406,335.339
0.238956705,334.746
0.238966002,334.711
0.238975298,334.633
0.238984598,334.805
0.238993893,334.635
0.239003211,335.448
0.239012514,334.905
0.239021837,335.603
0.239031134,334.701
0.239040432,334.733
0.239049751,335.493
0.239059097,336.449
0.239068427,335.861
0.239077722,334.635
0.239087020,334.718
0.239096388,337.257
0.239105685,334.704
0.239114987,334.855
0.239124291,334.954
0.239133605,335.318
0.239142933,335.795
0.239152231,334.737
0.239161575,336.368
0.239170880,334.981
0.239180213,335.991
0.239189535,335.600
0.239198835,334.806
0.239208158,335.596
0.239217455,334.718
0.239226806,336.632
0.239236104,334.717
0.239245430,335.750
0.239254736,335.000
0.239264033,334.699
0.239273360,335.771
0.239282658,334.715
0.239291953,334.630
0.239301253,334.812
0.239310549,334.633
0.239319846,334.715
0.239329172,335.744
0.239338468,334.643
0.239347765,334.692
0.239357064,334.743
0.239366361,334.711
0.239375657,334.637
0.239384993,336.118
0.239394293,334.802
0.239403645,336.676
0.239412957,335.204
0.239422253,334.669
0.239431580,335.793
0.239440876,334.651
0.239450175,334.745
0.239459528,336.725
0.239468824,334.652
0.239478121,334.698
0.239487428,335.038
0.239496725,334.708
0.239506050,335.685
0.239515374,335.663
0.239524696,335.587
0.239533996,334.812
0.239543293,334.697
0.239552589,334.641
0.239561916,335.761
0.239571224,335.107
0.239580558,336.012
0.239589861,334.927
0.239599174,335.253
0.239608469,334.630
0.239617796,335.770
0.239627096,334.785
0.239636392,334.657
0.239645692,334.820
0.239655053,336.974
0.239664381,335.811
0.239673676,334.625
0.239682991,335.335
0.239692292,334.836
0.239701614,335.608
0.239710938,335.651
0.239720263,335.691
0.239729582,335.490
0.239738877,334.635
0.239748178,334.816
0.239757489,335.195
0.239766787,334.736
0.239776087,334.809
0.239785383,334.653
0.239794746,337.060
0.239804041,334.647
0.239813339,334.721
0.239822664,335.681
0.239831961,334.719
0.239841257,334.637
0.239850557,334.809
0.239859881,335.640
0.239869201,335.519
0.239878501,334.835
0.239887811,335.151
0.239897109,334.714
0.239906407,334.733
0.239915705,334.713
0.239925000,334.638
0.239934327,335.776
0.239943634,335.031
0.239952968,336.053
0.239962266,334.717
0.239971605,336.204
0.239980906,334.823
0.239990264,336.889
0.239999561,334.717
0.240008914,336.698
0.240018236,335.594
0.240027533,334.690
0.240036858,335.695
0.240046155,334.709
0.240055475,335.513
0.240064802,335.760
0.240074098,334.641
0.240083422,335.665
0.240092748,335.744
0.240102043,334.642
0.240111344,334.809
0.240120668,335.660
0.240129966,334.738
0.240139297,335.914
0.240148618,335.550
0.240157913,334.637
0.240167240,335.769
0.240176551,335.209
0.240185847,334.648
0.240195147,334.810
0.240204469,335.584
0.240213788,335.462
0.240223086,334.756
0.240232411,335.675
0.240241711,334.809
0.240251017,335.014
0.240260314,334.705
0.240269613,334.747
0.240278910,334.721
0.240288206,334.644
0.240297507,334.819
0.240306802,334.635
0.240316100,334.722
0.240325400,334.794
0.240334709,335.123
0.240344019,335.170
0.240353347,335.822
0.240362648,334.817
0.240371968,335.522
0.240381268,334.817
0.240390590,335.581
0.240399888,334.717
0.240409215,335.765
0.240418510,334.649
0.240427811,334.810
0.240437117,335.015
0.240446414,334.708
0.240455712,334.725
0.240465010,334.711
0.240474352,336.346
0.240483679,335.761
0.240493003,335.662
0.240502325,335.590
0.240511632,335.040
0.240520928,334.674
0.240530226,334.718
0.240539524,334.723
0.240548838,335.320
0.240558134,334.633
0.240567460,335.759
0.240576784,335.646
0.240586082,334.739
0.240595380,334.711
0.240604677,334.699
0.240613978,334.833
0.240623273,334.632
0.240632571,334.718
0.240641897,335.746
0.240651215,335.450
0.240660539,335.647
0.240669837,334.739
0.240679161,335.670
0.240688457,334.636
0.240697757,334.809
0.240707071,335.327
0.240716405,336.013
0.240725705,334.795
0.240735001,334.652
0.240744301,334.813
0.240753597,334.638
0.240762910,335.277
0.240772210,334.809
0.240781509,334.738
0.240790851,336.342
0.240800184,335.964
0.240809509,335.696
0.240818844,336.056
0.240828150,335.034
0.240837488,336.163
0.240846795,335.073
0.240856103,335.088
0.240865428,335.676
0.240874755,335.775
0.240884052,334.682
0.240893398,336.479
0.240902724,335.717
0.240912037,335.295
0.240921333,334.637
0.240930634,334.839
0.240939946,335.244
0.240949253,335.056
0.240958579,335.738
0.240967894,335.315
0.240977194,334.812
0.240986526,335.932
0.240995823,334.712
0.241005121,334.729
0.241014419,334.706
0.241023735,335.404
0.241033036,334.812
0.241042355,335.508
0.241051685,335.855
0.241060987,334.891
0.241070283,334.666
0.241079645,337.027
0.241088996,336.641
0.241098315,335.463
0.241107641,335.756
0.241116964,335.598
0.241126261,334.698
0.241135612,336.646
0.241144936,335.667
0.241154280,336.381
0.241163581,334.835
0.241172877,334.643
0.241182201,335.688
0.241191555,336.716
0.241200896,336.305
0.241210194,334.725
0.241219493,334.763
0.241228836,336.327
0.241238134,334.756
0.241247442,335.091
0.241256738,334.631
0.241266040,334.898
0.241275338,334.698
0.241284681,336.358
0.241293981,334.815
0.241303339,336.882
0.241312637,334.712
0.241321963,335.738
0.241331262,334.757
0.241340558,334.688
0.241349861,334.881
0.241359159,334.729
0.241368455,334.648
0.241377764,335.130
0.241387059,334.627
0.241396359,334.818
0.241405655,334.630
0.241414969,335.302
0.241424295,335.740
0.241433591,334.650
0.241442887,334.688
0.241452191,334.942
0.241461489,334.710
0.241470807,335.438
0.241480107,334.811
0.241489402,334.637
0.241498700,334.717
0.241508000,334.791
0.241517322,335.589
0.241526644,335.608
0.241535996,336.647
0.241545293,334.713
0.241554617,335.674
0.241563952,336.030
0.241573247,334.633
0.241582550,334.901
0.241591847,334.703
0.241601143,334.655
0.241610444,334.850
0.241619753,335.112
0.241629100,336.490
0.241638398,334.734
0.241647696,334.714
0.241657029,335.993
0.241666356,335.769
0.241675698,336.336
0.241685050,336.639
0.241694357,335.063
0.241703679,335.588
0.241712979,334.809
0.241722274,334.630
0.241731572,334.721
0.241740872,334.793
0.241750168,334.649
0.241759491,335.646
0.241768816,335.693
0.241778114,334.716
0.241787409,334.638
0.241796736,335.762
0.241806031,334.628
0.241815340,335.109
0.241824642,334.894
0.241833938,334.657
0.241843265,335.768
0.241852561,334.641
0.241861858,334.715
0.241871172,335.304
0.241880474,334.843
0.241889790,335.377
0.241899099,335.135
0.241908409,335.170
0.241917755,336.430
0.241927108,336.719
0.241936418,335.171
0.241945716,334.712
0.241955014,334.729
0.241964354,336.249
0.241973649,334.638
0.241982958,335.124
0.241992282,335.642
0.242001580,334.736
0.242010904,335.645
0.242020219,335.340
0.242029546,335.773
0.242038841,334.639
0.242048165,335.670
0.242057465,334.800
0.242066787,335.594
0.242076087,334.787
0.242085412,335.698
0.242094709,334.712
0.242104005,334.636
0.242113313,335.082
0.242122608,334.632
0.242131906,334.725
0.242141242,336.084
0.242150564,335.591
0.242159873,335.135
0.242169181,335.096
0.242178479,334.729
0.242187777,334.737
0.242197075,334.723
0.242206392,335.401
0.242215723,335.914
0.242225020,334.698
0.242234339,335.473
0.242243648,335.142
0.242252959,335.184
0.242262283,335.667
0.242271581,334.737
0.242280879,334.719
0.242290174,334.632
0.242299502,335.784
0.242308799,334.693
0.242318130,335.927
0.242327455,335.714
0.242336778,335.595
0.242346079,334.858
0.242355375,334.664
0.242364673,334.719
0.242373974,334.820
0.242383289,335.347
0.242392616,335.786
0.242401938,335.596
0.242411253,335.316
0.242420577,335.681
0.242429894,335.416
0.242439217,335.616
0.242448525,335.076
0.242457824,334.786
0.242467121,334.674
0.242476474,336.726
0.242485796,335.589
0.242495094,334.719
0.242504418,335.681
0.242513743,335.671
0.242523038,334.635
0.242532365,335.761
0.242541662,334.696
0.242550987,335.693
0.242560287,334.810
0.242569584,334.701
0.242578885,334.820
0.242588180,334.640
0.242597504,335.672
0.242606804,334.797
0.242616126,335.598
0.242625424,334.696
0.242634722,334.738
0.242644020,334.715
0.242653315,334.644
0.242662616,334.815
0.242671911,334.633
0.242681234,335.635
0.242690535,334.820
0.242699848,335.279
0.242709175,335.765
0.242718507,335.950
0.242727841,336.042
0.242737140,334.741
0.242746450,335.156
0.242755745,334.636
0.242765045,334.813
0.242774369,335.647
0.242783688,335.474
0.242792988,334.814
0.242802301,335.260
0.242811599,334.736
0.242820926,335.757
0.242830267,336.284
0.242839619,336.694
0.242848941,335.579
0.242858238,334.694
0.242867538,334.812
0.242876836,334.710
0.242886152,335.378
0.242895505,336.719
0.242904801,334.636
0.242914098,334.716
0.242923398,334.790
0.242932720,335.590
0.242942017,334.691
0.242951368,336.642
0.242960685,335.411
0.242969980,334.627
0.242979307,335.759
0.242988657,336.584
0.242997984,335.803
0.243007317,335.966
0.243016613,334.666
0.243025941,335.798
0.243035236,334.639
0.243044534,334.713
0.243053861,335.767
0.243063159,334.738
0.243072454,334.628
0.243081755,334.817
0.243091052,334.701
0.243100348,334.644
0.243109648,334.816
0.243118960,335.243
0.243128284,335.660
0.243137582,334.729
0.243146907,335.674
0.243156214,335.078
0.243165521,335.029
0.243174887,337.173
0.243184185,334.746
0.243193483,334.716
0.243202800,335.425
0.243212100,334.811
0.243221396,334.630
0.243230693,334.714
0.243240020,335.743
0.243249342,335.596
0.243258639,334.695
0.243267964,335.698
0.243277292,335.805
0.243286599,335.074
0.243295909,335.153
0.243305224,335.339
0.243314525,334.820
0.243323822,334.693
0.243333117,334.641
0.243342421,334.929
0.243351740,335.477
0.243361037,334.710
0.243370335,334.730
0.243379633,334.714
0.243388928,334.637
0.243398258,335.883
0.243407576,335.426
0.243416871,334.647
0.243426198,335.762
0.243435512,335.306
0.243444839,335.767
0.243454134,334.635
0.243463459,335.668
0.243472785,335.743
0.243482092,335.053
0.243491389,334.692
0.243500713,335.683
0.243510033,335.526
0.243519392,336.890
0.243528692,334.818
0.243538031,336.220
0.243547332,334.806
0.243556632,334.798
0.243565955,335.627
0.243575278,335.651
0.243584577,334.764
0.243593901,335.667
0.243603199,334.734
0.243612522,335.623
0.243621854,335.930
0.243631207,336.714
0.243640504,334.698
0.243649822,335.447
0.243659175,336.718
0.243668518,336.333
0.243677853,336.066
0.243687179,335.737
0.243696503,335.670
0.243705812,335.119
0.243715108,334.648
0.243724432,335.654
0.243733730,334.741
0.243743079,336.555
0.243752422,336.348
0.243761727,335.006
0.243771023,334.633
0.243780378,336.797
0.243789706,335.791
0.243799002,334.649
0.243808300,334.730
0.243817599,334.779
0.243826905,335.011
0.243836228,335.626
0.243845556,335.807
0.243854869,335.274
0.243864170,334.823
0.243873494,335.675
0.243882810,335.380
0.243892137,335.763
0.243901468,335.932
0.243910806,336.149
0.243920104,334.734
0.243929402,334.721
0.243938697,334.634
0.243948024,335.766
0.243957348,335.653
0.243966686,336.181
0.243976014,335.813
0.243985310,334.647
0.243994646,336.102
0.244004005,336.914
0.244013302,334.716
0.244022629,335.771
0.244031954,335.702
0.244041252,334.727
0.244050552,334.775
0.244059850,334.746
0.244069146,334.648
0.244078473,335.791
0.244087815,336.298
0.244097135,335.535
0.244106464,335.821
0.244115759,334.643
0.244125088,335.819
0.244134409,335.578
0.244143707,334.717
0.244153008,334.824
0.244162305,334.715
0.244171601,334.631
0.244180927,335.747
0.244190225,334.739
0.244199544,335.482
0.244208871,335.776
0.244218194,335.614
0.244227517,335.618
0.244236841,335.691
0.244246140,334.737
0.244255462,335.587
0.244264812,336.613
0.244274155,336.364
0.244283454,334.749
0.244292778,335.671
0.244302122,336.363
0.244311453,335.940
0.244320748,334.628
0.244330059,335.175
0.244339359,334.802
0.244348670,335.196
0.244357967,334.700
0.244367268,334.819
0.244376566,334.727
0.244385899,335.990
0.244395253,336.756
0.244404549,334.639
0.244413849,334.811
0.244423199,336.609
0.244432521,335.601
0.244441874,336.711
0.244451223,336.541
0.244460520,334.712
0.244469818,334.730
0.244479163,336.419
0.244488459,334.635
0.244497761,334.893
0.244507122,336.965
0.244516420,334.740
0.244525754,336.012
0.244535095,336.277
0.244544421,335.761
0.244553717,334.638
0.244563035,335.468
0.244572335,334.790
0.244581644,335.114
0.244590981,336.127
0.244600306,335.700
0.244609603,334.712
0.244618937,336.014
0.244628237,334.813
0.244637595,336.884
0.244646893,334.712
0.244656211,335.473
0.244665508,334.662
0.244674819,335.197
0.244684114,334.647
0.244693413,334.747
0.244702738,335.690
0.244712048,335.157
0.244721343,334.632
0.244730699,336.811
0.244739996,334.715
0.244749292,334.650
0.244758599,335.030
0.244767894,334.632
0.244777191,334.711
0.244786490,334.733
0.244795814,335.664
0.244805109,334.629
0.244814409,334.822
0.244823707,334.696
0.244833005,334.748
0.244842303,334.713
0.244851598,334.637
0.244860899,334.817
0.244870194,334.635
0.244879492,334.723
0.244888792,334.789
0.244898114,335.592
0.244907451,336.137
0.244916776,335.693
0.244926073,334.716
0.244935369,334.647
0.244944713,336.389
0.244954038,335.690
0.244963363,335.705
0.244972716,336.703
0.244982012,334.651
0.244991338,335.764
0.245000687,336.541
0.245010011,335.664
0.245019335,335.683
0.245028633,334.716
0.245037928,334.632
0.245047229,334.816
0.245056526,334.697
0.245065846,335.503
0.245075146,334.804
0.245084441,334.641
0.245093764,335.617
0.245103062,334.732
0.245112360,334.714
0.245121659,334.793
0.245130981,335.592
0.245140279,334.698
0.245149577,334.738
0.245158901,335.667
0.245168223,335.586
0.245177549,335.759
0.245186855,335.013
0.245196154,334.767
0.245205483,335.830
0.245214795,335.244
0.245224131,336.095
0.245233456,335.694
0.245242755,334.758
0.245252078,335.642
0.245261388,335.160
0.245270685,334.663
0.245280014,335.847
0.245289337,335.658
0.245298633,334.649
0.245307960,335.768
0.245317256,334.637
0.245326575,335.492
0.245335899,335.684
0.245345197,334.716
0.245354492,334.633
0.245363793,334.809
0.245373090,334.697
0.245382385,334.639
0.245391685,334.803
0.245401007,335.582
0.245410305,334.715
0.245419632,335.768
0.245428936,334.952
0.245438237,334.839
0.245447559,335.602
0.245456883,335.647
0.245466214,335.923
0.245475524,335.174
0.245484820,334.648
0.245494163,336.328
0.245503459,334.656
0.245512757,334.739
0.245522084,335.759
0.245531395,335.217
0.245540692,334.700
0.245550017,335.693
0.245559315,334.721
0.245568613,334.737
0.245577911,334.718
0.245587225,335.304
0.245596552,335.764
0.245605900,336.534
0.245615222,335.597
0.245624522,334.804
0.245633831,335.108
0.245643151,335.524
0.245652478,335.765
0.245661776,334.745
0.245671096,335.516
0.245680449,336.720
0.245689747,334.700
0.245699042,334.650
0.245708378,336.098
0.245717674,334.641
0.245726975,334.815
0.245736270,334.630
0.245745610,336.233
0.245754909,334.790
0.245764248,336.176
0.245773545,334.723
0.245782853,335.061
0.245792165,335.254
0.245801488,335.623
0.245810815,335.778
0.245820153,336.168
0.245829451,334.719
0.245838751,334.802
0.245848047,334.644
0.245857347,334.812
0.245866643,334.646
0.245875941,334.718
0.245885241,334.809
0.245894539,334.749
0.245903855,335.362
0.245913155,334.816
0.245922453,334.702
0.245931797,336.385
0.245941129,335.948
0.245950445,335.406
0.245959793,336.528
0.245969092,334.734
0.245978389,334.722
0.245987710,335.551
0.245997064,336.743
0.246006361,334.697
0.246015695,335.991
0.246025055,336.975
0.246034350,334.639
0.246043681,335.898
0.246052988,335.045
0.246062313,335.698
0.246071613,334.799
0.246080923,335.158
0.246090246,335.649
0.246099571,335.696
0.246108895,335.664
0.246118218,335.632
0.246127581,337.075
0.246136877,334.638
0.246146177,334.818
0.246155474,334.695
0.246164813,336.173
0.246174139,335.761
0.246183435,334.636
0.246192732,334.710
0.246202083,336.628
0.246211381,334.719
0.246220676,334.631
0.246229980,334.926
0.246239303,335.655
0.246248624,335.545
0.246257924,334.805
0.246267272,336.539
0.246276599,335.763
0.246285921,335.568
0.246295218,334.722
0.246304552,335.999
0.246313864,335.236
0.246323164,334.803
0.246332463,334.756
0.246341761,334.748
0.246351059,334.717
0.246360365,335.026
0.246369660,334.632
0.246378970,335.155
0.246388270,334.804
0.246397582,335.222
0.246406879,334.696
0.246416185,335.021
0.246425527,336.298
0.246434825,334.733
0.246444123,334.718
0.246453445,335.588
0.246462745,334.811
0.246472042,334.694
0.246481353,335.203
0.246490706,336.713
0.246500028,335.592
0.246509326,334.715
0.246518651,335.685
0.246527975,335.664
0.246537308,336.005
0.246546609,334.813
0.246555906,334.696
0.246565228,335.596
0.246574537,335.129
0.246583839,334.885
0.246593142,334.893
0.246602472,335.880
0.246611798,335.731
0.246621099,334.836
0.246630408,335.117
0.246639705,334.713
0.246649004,334.771
0.246658303,334.738
0.246667625,335.599
0.246676927,334.876
0.246686222,334.637
0.246695545,335.598
0.246704873,335.811
0.246714195,335.594
0.246723492,334.702
0.246732790,334.747
0.246742088,334.714
0.246751413,335.688
0.246760711,334.725
0.246770006,334.638
0.246779313,335.059
0.246788611,334.701
0.246797933,335.606
0.246807264,335.912
0.246816561,334.709
0.246825859,334.719
0.246835164,334.986
0.246844489,335.698
0.246853785,334.637
0.246863087,334.882
0.246872406,335.468
0.246881757,336.670
0.246891055,334.715
0.246900378,335.630
0.246909706,335.800
0.246919028,335.587
0.246928326,334.724
0.246937626,334.798
0.246946921,334.649
0.246956245,335.652
0.246965548,334.895
0.246974845,334.715
0.246984177,335.931
0.246993506,335.869
0.247002875,337.252
0.247012182,335.074
0.247021509,335.749
0.247030831,335.618
0.247040132,334.838
0.247049430,334.715
0.247058771,336.293
0.247068070,334.756
0.247077395,335.677
0.247086713,335.447
0.247096013,334.814
0.247105336,335.643
0.247114632,334.646
0.247123959,335.759
0.247133254,334.630
0.247142562,335.103
0.247151889,335.741
0.247161231,336.316
0.247170539,335.118
0.247179835,334.647
0.247189132,334.696
0.247198431,334.743
0.247207728,334.716
0.247217024,334.637
0.247226324,334.817
0.247235643,335.475
0.247244967,335.666
0.247254294,335.752
0.247263611,335.430
0.247272908,334.692
0.247282261,336.713
0.247291586,335.686
0.247300907,335.576
0.247310208,334.819
0.247319503,334.638
0.247328839,336.069
0.247338162,335.651
0.247347458,334.645
0.247356761,334.902
0.247366095,336.023
0.247375419,335.666
0.247384717,334.730
0.247394041,335.662
0.247403363,335.585
0.247412663,334.809
0.247421960,334.698
0.247431299,336.207
0.247440627,335.795
0.247449923,334.658
0.247459250,335.790
0.247468599,336.555
0.247477897,334.717
0.247487230,336.001
0.247496526,334.643
0.247505844,335.450
0.247515144,334.819
0.247524443,334.736
0.247533751,335.113
0.247543078,335.771
0.247552374,334.637
0.247561698,335.666
0.247571024,335.745
0.247580346,335.592
0.247589643,334.698
0.247598942,334.755
0.247608266,335.671
0.247617564,334.739
0.247626889,335.668
0.247636204,335.351
0.247645531,335.767
0.247654828,334.693
0.247664160,335.947
0.247673460,334.804
0.247682755,334.638
0.247692079,335.670
0.247701377,334.727
0.247710676,334.737
0.247719980,334.970
0.247729281,334.833
0.247738605,335.655
0.247747929,335.664
0.247757230,334.827
0.247766525,334.640
0.247775826,334.819
0.247785121,334.635
0.247794419,334.718
0.247803745,335.740
0.247813041,334.646
0.247822353,335.222
0.247831651,334.740
0.247840949,334.720
0.247850244,334.638
0.247859545,334.823
0.247868861,335.398
0.247878159,334.719
0.247887485,335.747
0.247896801,335.344
0.247906098,334.704
0.247915396,334.736
0.247924720,335.667
0.247934054,336.000
0.247943351,334.711
0.247952693,336.297
0.247962046,336.715
0.247971396,336.600
0.247980719,335.629
0.247990049,335.903
0.247999345,334.651
0.248008644,334.758
0.248017996,336.659
0.248027294,334.727
0.248036590,334.660
0.248045891,334.850
0.248055189,334.700
0.248064514,335.728
0.248073813,334.748
0.248083109,334.644
0.248092409,334.817
0.248101755,336.457
0.248111079,335.663
0.248120432,336.693
0.248129728,334.656
0.248139025,334.697
0.248148323,334.735
0.248157641,335.456
0.248166937,334.639
0.248176237,334.818
0.248185559,335.583
0.248194883,335.667
0.248204183,334.796
0.248213481,334.725
0.248222808,335.773
0.248232115,335.073
0.248241413,334.721
0.248250712,334.743
0.248260010,334.732
0.248269319,335.152
0.248278626,335.038
0.248287923,334.697
0.248297219,334.658
0.248306520,334.815
0.248315842,335.586
0.248325139,334.711
0.248334463,335.680
0.248343780,335.409
0.248353102,335.584
0.248362403,334.813
0.248371726,335.653
0.248381051,335.688
0.248390348,334.710
0.248399660,335.208
0.248408960,334.817
0.248418256,334.634
0.248427553,334.721
0.248436880,335.741
0.248446203,335.659
0.248455564,336.971
0.248464869,334.983
0.248474166,334.715
0.248483462,334.644
0.248492790,335.822
0.248502122,335.926
0.248511422,334.797
0.248520719,334.696
0.248530033,335.325
0.248539380,336.472
0.248548687,335.062
0.248557992,334.960
0.248567345,336.712
0.248576666,335.558
0.248585984,335.463
0.248595285,334.815
0.248604582,334.708
0.248613904,335.600
0.248623212,335.073
0.248632507,334.633
0.248641831,335.667
0.248651156,335.678
0.248660497,336.296
0.248669858,336.973
0.248679155,334.719
0.248688453,334.716
0.248697751,334.743
0.248707049,334.711
0.248716344,334.630
0.248725645,334.815
0.248734962,335.418
0.248744272,335.173
0.248753599,335.751
0.248762921,335.597
0.248772218,334.688
0.248781516,334.741
0.248790831,335.343
0.248800156,335.686
0.248809480,335.663
0.248818775,334.643
0.248828121,336.439
0.248837419,334.726
0.248846735,335.393
0.248856036,334.818
0.248865331,334.642
0.248874655,335.664
0.248884006,336.633
0.248893319,335.259
0.248902614,334.627
0.248911917,334.899
0.248921241,335.662
0.248930546,334.998
0.248939847,334.812
0.248949160,335.288
0.248958487,335.765
0.248967793,335.009
0.248977091,334.721
0.248986391,334.794
0.248995713,335.596
0.249005010,334.701
0.249014334,335.685
0.249023646,335.201
0.249032967,335.583
0.249042268,334.823
0.249051563,334.634
0.249060861,334.720
0.249070161,334.790
0.249079473,335.226
0.249088770,334.696
0.249098113,336.350
0.249107457,336.372
0.249116816,336.953
0.249126125,335.126
0.249135463,336.162
0.249144792,335.850
0.249154090,334.708
0.249163412,335.601
0.249172718,335.007
0.249182028,335.164
0.249191376,336.544
0.249200675,334.732
0.249209989,335.323
0.249219284,334.633
0.249228585,334.811
0.249237882,334.695
0.249247206,335.685
0.249256504,334.717
0.249265800,334.636
0.249275126,335.767
0.249284458,335.926
0.249293777,335.490
0.249303108,335.917
0.249312404,334.649
0.249321701,334.699
0.249330999,334.738
0.249340317,335.458
0.249349639,335.590
0.249358966,335.763
0.249368261,334.631
0.249377568,335.036
0.249386875,335.054
0.249396190,335.341
0.249405520,335.866
0.249414841,335.548
0.249424174,336.015
0.249433500,335.721
0.249442798,334.744
0.249452116,335.449
0.249461447,335.917
0.249470766,335.472
0.249480062,334.656
0.249489389,335.763
0.249498684,334.643
0.249507982,334.721
0.249517307,335.690
0.249526623,335.368
0.249535922,334.790
0.249545218,334.645
0.249554542,335.649
0.249563893,336.638
0.249573203,335.157
0.249582498,334.635
0.249591825,335.766
0.249601134,335.135
0.249610435,334.811
0.249619761,335.753
0.249629073,335.240
0.249638397,335.663
0.249647717,335.529
0.249657035,335.419
0.249666333,334.726
0.249675632,334.770
0.249684928,334.667
0.249694231,334.913
0.249703529,334.702
0.249712844,335.373
0.249722171,335.760
0.249731502,335.926
0.249740800,334.718
0.249750125,335.685
0.249759449,335.673
0.249768771,335.587
0.249778071,334.816
0.249787369,334.706
0.249796691,335.592
0.249806044,336.706
0.249815339,334.645
0.249824640,334.819
0.249833945,334.997
0.249843246,334.812
0.249852572,335.752
0.249861868,334.643
0.249871166,334.722
0.249880464,334.745
0.249889763,334.749
0.249899098,336.090
0.249908399,334.824
0.249917695,334.655
0.249927005,335.172
0.249936315,335.128
0.249945611,334.670
0.249954945,336.019
0.249964270,335.695
0.249973567,334.717
0.249982892,335.684
0.249992190,334.720
0.250001504,335.333
0.250010805,334.812
0.250020126,335.569
0.250029458,335.939
0.250038784,335.760
0.250048080,334.638
0.250057378,334.714
0.250066702,335.683
0.250076018,335.356
0.250085324,335.042
0.250094625,334.812
0.250103922,334.694
0.250113244,335.586
0.250122553,335.137
0.250131848,334.637
0.250141175,335.768
0.250150470,334.625
0.250159815,336.393
0.250169115,334.798
0.250178437,335.596
0.250187734,334.696
0.250197058,335.684
0.250206415,336.835
0.250215711,334.651
0.250225012,334.833
0.250234307,334.644
0.250243632,335.697
0.250252933,334.808
0.250262272,336.231
0.250271599,335.762
0.250280931,335.950
0.250290275,336.377
0.250299599,335.685
0.250308900,334.817
0.250318222,335.598
0.250327549,335.768
0.250336873,335.653
0.250346168,334.652
0.250355495,335.761
0.250364807,335.211
0.250374130,335.632
0.250383454,335.690
0.250392752,334.719
0.250402079,335.754
0.250411401,335.593
0.250420698,334.696
0.250429996,334.738
0.250439320,335.666
0.250448690,337.310
0.250458017,335.766
0.250467326,335.137
0.250476650,335.666
0.250485950,334.810
0.250495255,334.967
0.250504553,334.718
0.250513851,334.738
0.250523149,334.718
0.250532497,336.542
0.250541807,335.144
0.250551102,334.633
0.250560402,334.816
0.250569700,334.696
0.250578995,334.640
0.250588325,335.864
0.250597620,334.632
0.250606944,335.664
0.250616268,335.677
0.250625566,334.720
0.250634885,335.476
0.250644212,335.763
0.250653509,334.701
0.250662831,335.592
0.250672184,336.707
0.250681497,335.269
0.250690824,335.763
0.250700119,334.631
0.250709433,335.302
0.250718733,334.792
0.250728028,334.651
0.250737352,335.645
0.250746650,334.734
0.250755965,335.338
0.250765289,335.667
0.250774590,334.843
0.250783888,334.725
0.250793195,335.042
0.250802505,335.151
0.250811801,334.667
0.250821102,334.845
0.250830424,335.591
0.250839745,335.554
0.250849046,334.834
0.250858342,334.642
0.250867640,334.730
0.250876938,334.737
0.250886262,335.658
0.250895583,335.559
0.250904883,334.818
0.250914179,334.636
0.250923479,334.807
0.250932776,334.693
0.250942072,334.645
0.250951372,334.810
0.250960667,334.632
0.250969965,334.710
0.250979263,334.720
0.250988587,335.660
0.250997904,335.413
0.251007233,335.855
0.251016530,334.701
0.251025827,334.669
0.251035154,335.786
0.251044449,334.629
0.251053774,335.706
0.251063073,334.744
0.251072371,334.717
0.251081697,335.745
0.251091029,335.949
0.251100326,334.697
0.251109624,334.742
0.251118922,334.723
0.251128233,335.192
0.251137560,335.779
0.251146856,334.633
0.251156175,335.506
0.251165501,335.743
0.251174838,336.121
0.251184147,335.122
0.251193445,334.746
0.251202743,334.718
0.251212064,335.546
0.251221391,335.774
0.251230686,334.637
0.251240016,335.862
0.251249314,334.715
0.251258609,334.653
0.251267910,334.816
0.251277217,335.042
0.251286514,334.709
0.251295812,334.728
0.251305136,335.669
0.251314450,335.294
0.251323778,335.813
0.251333082,334.947
0.251342380,334.714
0.251351684,334.947
0.251360979,334.636
0.251370314,336.046
0.251379639,335.684
0.251388963,335.667
0.251398289,335.748
0.251407595,335.020
0.251416912,335.408
0.251426237,335.697
0.251435534,334.713
0.251444883,336.544
0.251454198,335.349
0.251463495,334.683
0.251472796,334.832
0.251482102,335.016
0.251491419,335.437
0.251500751,335.931
0.251510077,335.742
0.251519413,336.110
0.251528714,334.832
0.251538012,334.706
0.251547334,335.596
0.251556660,335.759
0.251565956,334.636
0.251575253,334.709
0.251584606,336.685
0.251593921,335.352
0.251603221,334.786
0.251612516,334.642
0.251621813,334.693
0.251631111,334.734
0.251640409,334.713
0.251649725,335.374
0.251659026,334.821
0.251668321,334.638
0.251677633,335.220
0.251686959,335.739
0.251696255,334.655
0.251705582,335.779
0.251714882,334.787
0.251724180,334.734
0.251733502,335.588
0.251742802,334.817
0.251752098,334.639
0.251761395,334.717
0.251770720,335.676
0.251780018,334.724
0.251789319,334.843
0.251798616,334.685
0.251807914,334.729
0.251817246,335.947
0.251826543,334.723
0.251835839,334.640
0.251845192,336.720
0.251854516,335.649
0.251863812,334.651
0.251873112,334.814
0.251882408,334.642
0.251891705,334.714
0.251901030,335.681
0.251910328,334.718
0.251919623,334.636
0.251928976,336.716
0.251938274,334.704
0.251947572,334.736
0.251956869,334.714
0.251966194,335.673
0.251975495,334.841
0.251984803,335.087
0.251994101,334.724
0.252003401,334.795
0.252012696,334.647
0.252021994,334.701
0.252031318,335.691
0.252040616,334.716
0.252049936,335.523
0.252059248,335.214
0.252068545,334.719
0.252077844,334.739
0.252087144,334.800
0.252096439,334.644
0.252105766,335.763
0.252115062,334.645
0.252124359,334.714
0.252133710,336.633
0.252143032,335.574
0.252152341,335.147
0.252161642,334.813
0.252170961,335.490
0.252180256,334.644
0.252189557,334.808
0.252198852,334.629
0.252208176,335.664
0.252217474,334.729
0.252226783,335.124
0.252236137,336.750
0.252245433,334.653
0.252254767,336.019
0.252264066,334.764
0.252273364,334.716
0.252282660,334.666
0.252291961,334.843
0.252301269,335.072
0.252310567,334.741
0.252319894,335.773
0.252329235,336.259
0.252338537,334.889
0.252347840,334.895
0.252357154,335.332
0.252366450,334.642
0.252375751,334.842
0.252385064,335.257
0.252394392,335.805
0.252403698,335.038
0.252413021,335.630
0.252422349,335.784
0.252431671,335.588
0.252440991,335.516
0.252450316,335.709
0.252459636,335.538
0.252468933,334.665
0.252478237,334.942
0.252487549,335.256
0.252496846,334.669
0.252506146,334.815
0.252515441,334.634
0.252524739,334.722
0.252534064,335.686
0.252543388,335.666
0.252552723,336.050
0.252562018,334.643
0.252571315,334.701
0.252580614,334.736
0.252589911,334.712
0.252599269,336.889
0.252608570,334.830
0.252617893,335.610
0.252627217,335.678
0.252636517,334.802
0.252645828,335.189
0.252655136,335.100
0.252664442,335.004
0.252673739,334.713
0.252683061,335.568
0.252692361,334.806
0.252701656,334.638
0.252710957,334.813
0.252720267,335.171
0.252729563,334.659
0.252738890,335.770
0.252748209,335.493
0.252757521,335.230
0.252766819,334.732
0.252776143,335.664
0.252785489,336.424
0.252794815,335.753
0.252804139,335.655
0.252813461,335.586
0.252822761,334.807
0.252832073,335.257
0.252841374,334.811
0.252850669,334.631
0.252859985,335.383
0.252869312,335.746
0.252878645,336.014
0.252887984,336.178
0.252897309,335.714
0.252906642,335.979
0.252915961,335.489
0.252925263,334.865
0.252934585,335.592
0.252943883,334.723
0.252953182,334.790
0.252962480,334.720
0.252971778,334.721
0.252981076,334.750
0.252990374,334.721
0.252999707,335.985
0.253009015,335.089
0.253018311,334.630
0.253027670,336.957
0.253036968,334.700
0.253046263,334.647
0.253055590,335.758
0.253064885,334.634
0.253074196,335.171
0.253083520,335.687
0.253092844,335.660
0.253102140,334.633
0.253111440,334.807
0.253120737,334.695
0.253130033,334.650
0.253139333,334.811
0.253148628,334.633
0.253157955,335.774
0.253167261,335.017
0.253176570,335.117
0.253185871,334.838
0.253195167,334.662
0.253204491,335.658
0.253213792,334.808
0.253223116,335.694
0.253232438,335.589
0.253241739,334.816
0.253251076,336.146
0.253260425,336.567
0.253269726,334.840
0.253279039,335.260
0.253288339,334.811
0.253297635,334.626
0.253306932,334.715
0.253316257,335.685
0.253325581,335.658
0.253334896,335.368
0.253344197,334.807
0.253353533,336.111
0.253362877,336.397
0.253372178,334.810
0.253381488,335.166
0.253390785,334.711
0.253400110,335.675
0.253409407,334.723
0.253418728,335.554
0.253428055,335.770
0.253437399,336.377
0.253446699,334.808
0.253456000,334.815
0.253465316,335.400
0.253474618,334.850
0.253483926,335.080
0.253493223,334.719
0.253502523,334.798
0.253511819,334.645
0.253521129,335.168
0.253530428,334.737
0.253539725,334.714
0.253549047,335.589
0.253558400,336.722
0.253567696,334.637
0.253577020,335.652
0.253586319,334.797
0.253595615,334.639
0.253604915,334.808
0.253614221,335.000
0.253623518,334.716
0.253632817,334.734
0.253642114,334.720
0.253651410,334.634
0.253660710,334.808
0.253670007,334.694
0.253679303,334.648
0.253688630,335.761
0.253697948,335.481
0.253707274,335.727
0.253716573,334.759
0.253725887,335.310
0.253735187,334.782
0.253744489,334.875
0.253753813,335.684
0.253763113,334.776
0.253772437,335.679
0.253781733,334.663
0.253791061,335.789
0.253800383,335.594
0.253809696,335.274
0.253818997,334.823
0.253828292,334.649
0.253837613,335.533
0.253846942,335.838
0.253856239,334.717
0.253865536,334.675
0.253874836,334.819
0.253884132,334.639
0.253893430,334.726
0.253902756,335.749
0.253912078,335.594
0.253921379,334.836
0.253930701,335.594
0.253940025,335.665
0.253949326,334.817
0.253958624,334.736
0.253967946,335.588
0.253977246,334.820
0.253986580,335.998
0.253995901,335.556
0.254005203,334.866
0.254014513,335.182
0.254023839,335.721
0.254033164,335.711
0.254042462,334.723
0.254051815,336.697
0.254061120,334.990
0.254070443,335.639
0.254079768,335.688
0.254089092,335.663
0.254098408,335.391
0.254107709,334.816
0.254117030,335.581
0.254126354,335.665
0.254135654,334.797
0.254144950,334.641
0.254154247,334.700
0.254163598,336.639
0.254172896,334.716
0.254182191,334.631
0.254191494,334.917
0.254200808,335.280
0.254210117,335.127
0.254219441,335.684
0.254228757,335.359
0.254238061,334.930
0.254247383,335.593
0.254256680,334.713
0.254266005,335.685
0.254275303,334.726
0.254284625,335.608
0.254293926,334.827
0.254303223,334.702
0.254312545,335.597
0.254321872,335.765
0.254331168,334.640
0.254340465,334.714
0.254349790,335.686
0.254359088,334.720
0.254368388,334.797
0.254377683,334.641
0.254386980,334.698
0.254396279,334.745
0.254405601,335.592
0.254414932,335.932
0.254424233,334.816
0.254433583,336.605
0.254442881,334.751
0.254452181,334.798
0.254461477,334.649
0.254470774,334.697
0.254480101,335.772
0.254489399,334.711
0.254498704,334.990
0.254508004,334.811
0.254517300,334.628
0.254526626,335.762
0.254535976,336.594
0.254545292,335.362
0.254554665,337.428
0.254563973,335.111
0.254573272,334.747
0.254582597,335.693
0.254591896,334.753
0.254601217,335.586
0.254610518,334.822
0.254619815,334.702
0.254629111,334.652
0.254638411,334.805
0.254647707,334.630
0.254657004,334.716
0.254666302,334.731
0.254675656,336.724
0.254684963,335.075
0.254694259,334.649
0.254703557,334.702
0.254712858,334.848
0.254722182,335.666
0.254731477,334.639
0.254740778,334.812
0.254750073,334.629
0.254759371,334.721
0.254768671,334.789
0.254777966,334.647
0.254787263,334.694
0.254796569,334.991
0.254805886,335.412
0.254815207,335.587
0.254824516,335.123
0.254833830,335.299
0.254843148,335.449
0.254852473,335.674
0.254861788,335.367
0.254871091,334.910
0.254880426,336.029
0.254889723,334.720
0.254899048,335.677
0.254908346,334.723
0.254917664,335.471
0.254926967,334.896
0.254936264,334.709
0.254945560,334.646
0.254954862,334.879
0.254964158,334.646
0.254973456,334.714
0.254982754,334.729
0.254992078,335.668
0.255001430,336.691
0.255010753,335.601
0.255020050,334.698
0.255029374,335.685
0.255038672,334.716
0.255047994,335.591
0.255057294,334.817
0.255066590,334.634
0.255075914,335.663
0.255085240,335.740
0.255094556,335.371
0.255103889,335.988
0.255113190,334.835
0.255122507,335.432
0.255131833,335.742
0.255141158,335.690
0.255150471,335.250
0.255159772,334.846
0.255169111,336.193
0.255178429,335.462
0.255187757,335.797
0.255197052,334.637
0.255206351,334.754
0.255215649,334.734
0.255224947,334.720
0.255234267,335.512
0.255243567,334.812
0.255252890,335.643
0.255262239,336.540
0.255271536,334.715
0.255280877,336.268
0.255290204,335.767
0.255299499,334.632
0.255308823,335.668
0.255318123,334.798
0.255327445,335.590
0.255336769,335.646
0.255346067,334.745
0.255355365,334.711
0.255364660,334.634
0.255373987,335.763
0.255383282,334.633
0.255392606,335.653
0.255401934,335.825
0.255411232,334.716
0.255420533,334.826
0.255429855,335.586
0.255439152,334.713
0.255448450,334.733
0.255457748,334.701
0.255467071,335.630
0.255476398,335.801
0.255485709,335.167
0.255495005,334.673
0.255504306,334.839
0.255513602,334.637
0.255522924,335.588
0.255532248,335.681
0.255541546,334.723
0.255550841,334.634
0.255560141,334.807
0.255569439,334.698
0.255578763,335.685
0.255588087,335.664
0.255597383,334.636
0.255606683,334.810
0.255615978,334.632
0.255625302,335.670
0.255634605,334.893
0.255643901,334.667
0.255653223,335.584
0.255662545,335.602
0.255671870,335.702
0.255681185,335.309
0.255690494,335.155
0.255699817,335.624
0.255709115,334.729
0.255718442,335.745
0.255727773,335.933
0.255737100,335.763
0.255746421,335.547
0.255755718,334.715
0.255765069,336.631
0.255774393,335.667
0.255783688,334.632
0.255793015,335.763
0.255802339,335.649
0.255811635,334.650
0.255820968,336.001
0.255830280,335.216
0.255839603,335.631
0.255848902,334.773
0.255858200,334.727
0.255867526,335.751
0.255876848,335.576
0.255886145,334.704
0.255895443,334.740
0.255904755,335.210
0.255914071,335.397
0.255923425,336.721
0.255932720,334.629
0.255942018,334.727
0.255951330,335.231
0.255960626,334.662
0.255969950,335.651
0.255979248,334.747
0.255988546,334.724
0.255997842,334.636
0.256007142,334.819
0.256016464,335.589
0.256025791,335.767
0.256035114,335.621
0.256044426,335.226
0.256053726,334.811
0.256063072,336.452
0.256072384,335.243
0.256081682,334.731
0.256091006,335.669
0.256100302,334.639
0.256109638,336.116
0.256118935,334.696
0.256128283,336.496
0.256137591,335.088
0.256146888,334.709
0.256156215,335.787
0.256165573,336.887
0.256174871,334.715
0.256184171,334.787
0.256193467,334.655
0.256202779,335.237
0.256212094,335.334
0.256221443,336.584
0.256230765,335.596
0.256240071,334.989
0.256249366,334.633
0.256258676,335.164
0.256268002,335.752
0.256277298,334.650
0.256286648,336.581
0.256295973,335.690
0.256305287,335.337
0.256314620,335.966
0.256323917,334.716
0.256333213,334.634
0.256342572,336.945
0.256351893,335.531
0.256361202,335.135
0.256370502,334.813
0.256379798,334.632
0.256389148,336.617
0.256398473,335.692
0.256407797,335.674
0.256417118,335.564
0.256426419,334.811
0.256435733,335.328
0.256445058,335.686
0.256454356,334.710
0.256463667,335.212
0.256472967,334.805
0.256482289,335.578
0.256491613,335.669
0.256500939,335.734
0.256510250,335.186
0.256519559,335.156
0.256528859,334.772
0.256538177,335.454
0.256547508,335.931
0.256556835,335.763
0.256566130,334.632
0.256575428,334.718
0.256584725,334.696
0.256594065,336.216
0.256603365,334.803
0.256612698,335.988
0.256622011,335.263
0.256631343,335.957
0.256640642,334.776
0.256649937,334.637
0.256659239,334.849
0.256668537,334.722
0.256677833,334.651
0.256687160,335.796
0.256696492,335.950
0.256705790,334.724
0.256715089,334.756
0.256724449,336.977
0.256733749,334.792
0.256743071,335.600
0.256752395,335.647
0.256761720,335.695
0.256771087,337.208
0.256780409,335.608
0.256789717,335.077
0.256799041,335.662
0.256808363,335.618
0.256817690,335.761
0.256827005,335.345
0.256836302,334.696
0.256845601,334.748
0.256854898,334.715
0.256864197,334.733
0.256873531,336.033
0.256882830,334.767
0.256892160,335.882
0.256901484,335.654
0.256910779,334.643
0.256920080,334.816
0.256929389,335.116
0.256938699,335.183
0.256948001,334.868
0.256957299,334.716
0.256966618,335.501
0.256975919,334.810
0.256985216,334.701
0.256994564,336.520
0.257003864,334.812
0.257013204,336.234
0.257022504,334.814
0.257031799,334.630
0.257041117,335.420
0.257050470,336.713
0.257059776,335.041
0.257069101,335.683
0.257078457,336.817
0.257087776,335.481
0.257097095,335.502
0.257106398,334.904
0.257115713,335.343
0.257125013,334.800
0.257134313,334.802
0.257143627,335.284
0.257152928,334.832
0.257162223,334.639
0.257171521,334.718
0.257180819,334.732
0.257190142,335.604
0.257199463,335.583
0.257208790,335.757
0.257218113,335.651
0.257227432,335.464
0.257236759,335.757
0.257246054,334.643
0.257255378,335.664
0.257264729,336.633
0.257274044,335.332
0.257283370,335.743
0.257292666,334.644
0.257301980,335.313
0.257311305,335.688
0.257320602,334.716
0.257329916,335.303
0.257339244,335.806
0.257348567,335.606
0.257357887,335.536
0.257367243,336.826
0.257376560,335.400
0.257385857,334.701
0.257395182,335.692
0.257404480,334.722
0.257413775,334.638
0.257423076,334.828
0.257432372,334.635
0.257441707,336.072
0.257451004,334.704
0.257460300,334.641
0.257469600,334.804
0.257478972,337.406
0.257488296,335.662
0.257497647,336.639
0.257506971,335.667
0.257516293,335.593
0.257525620,335.765
0.257534917,334.700
0.257544238,335.554
0.257553539,334.821
0.257562861,335.586
0.257572161,334.811
0.257581466,334.989
0.257590764,334.718
0.257600064,334.799
0.257609362,334.730
0.257618669,335.051
0.257627994,335.708
0.257637318,335.669
0.257646614,334.640
0.257655941,335.768
0.257665236,334.634
0.257674560,335.665
0.257683889,335.822
0.257693201,335.236
0.257702498,334.696
0.257711850,336.664
0.257721147,334.716
0.257730445,334.734
0.257739796,336.614
0.257749118,335.591
0.257758445,335.764
0.257767742,334.694
0.257777100,336.896
0.257786427,335.760
0.257795743,335.390
0.257805052,335.128
0.257814350,334.728
0.257823667,335.414
0.257832962,334.628
0.257842289,335.761
0.257851586,334.693
0.257860886,334.813
0.257870185,334.741
0.257879498,335.281
0.257888801,334.908
0.257898096,334.632
0.257907420,335.664
0.257916748,335.777
0.257926093,336.422
0.257935404,335.193
0.257944728,335.692
0.257954052,335.667
0.257963373,335.532
0.257972673,334.813
0.257981995,335.577
0.257991322,335.766
0.258000619,334.695
0.258009941,335.594
0.258019267,335.763
0.258028563,334.630
0.258037876,335.265
0.258047180,334.948
0.258056504,335.668
0.258065799,334.636
0.258075099,334.806
0.258084423,335.644
0.258093771,336.543
0.258103073,334.850
0.258112371,334.752
0.258121670,334.767
0.258130980,335.144
0.258140276,334.667
0.258149577,334.839
0.258158873,334.654
0.258168205,335.932
0.258177533,335.825
0.258186856,335.609
0.258196154,334.739
0.258205455,334.826
0.258214769,335.304
0.258224090,335.564
0.258233390,334.814
0.258242722,335.927
0.258252023,334.845
0.258261320,334.699
0.258270659,336.189
0.258279966,335.048
0.258289287,335.589
0.258298585,334.713
0.258307910,335.688
0.258317221,335.216
0.258326517,334.629
0.258335843,335.763
0.258345143,334.797
0.258354464,335.536
0.258363771,335.079
0.258373093,335.586
0.258382391,334.714
0.258391716,335.693
0.258401031,335.341
0.258410383,336.701
0.258419679,334.642
0.258428976,334.694
0.258438296,335.524
0.258447618,335.577
0.258456953,336.067
0.258466259,334.998
0.258475555,334.668
0.258484865,335.149
0.258494192,335.783
0.258503534,336.330
0.258512858,335.644
0.258522157,334.769
0.258531500,336.355
0.258540827,335.759
0.258550125,334.733
0.258559420,334.636
0.258568721,334.821
0.258578018,334.703
0.258587343,335.681
0.258596649,335.014
0.258605944,334.634
0.258615242,334.720
0.258624566,335.687
0.258633864,334.715
0.258643186,335.583
0.258652486,334.817
0.258661800,335.299
0.258671132,335.943
0.258680432,334.810
0.258689728,334.632
0.258699028,334.814
0.258708376,336.538
0.258717701,335.684
0.258727036,336.085
0.258736332,334.653
0.258745666,336.005
0.258754969,334.898
0.258764266,334.712
0.258773562,334.635
0.258782889,335.770
0.258792184,334.642
0.258801507,335.624
0.258810816,335.118
0.258820130,335.307
0.258829465,336.080
0.258838789,335.650
0.258848103,335.315
0.258857408,334.982
0.258866706,334.724
0.258876002,334.632
0.258885302,334.821
0.258894626,335.644
0.258903944,335.459
0.258913271,335.759
0.258922566,334.634
0.258931864,334.714
0.258941188,335.682
0.258950502,335.302
0.258959823,335.562
0.258969151,335.780
0.258978448,334.695
0.258987790,336.320
0.258997090,334.807
0.259006422,335.934
0.259015723,334.853
0.259025045,335.596
0.259034344,334.756
0.259043697,336.698
0.259052993,334.653
0.259062290,334.693
0.259071614,335.691
0.259080915,334.810
0.259090210,334.645
0.259099511,334.824
0.259108806,334.636
0.259118104,334.716
0.259127430,335.738
0.259136726,334.646
0.259146026,334.809
0.259155348,335.582
0.259164661,335.281
0.259173959,334.736
0.259183284,335.673
0.259192579,334.635
0.259201906,335.762
0.259211203,334.695
0.259220522,335.486
0.259229831,335.141
0.259239153,335.593
0.259248476,335.609
0.259257774,334.740
0.259267089,335.337
0.259276389,334.791
0.259285712,335.641
0.259295009,334.699
0.259304334,335.697
0.259313632,334.717
0.259322929,334.685
0.259332258,335.830
0.259341553,334.635
0.259350851,334.721
0.259360177,335.745
0.259369487,335.157
0.259378784,334.694
0.259388085,334.845
0.259397383,334.710
0.259406678,334.637
0.259416006,335.819
0.259425302,334.639
0.259434626,335.667
0.259443923,334.698
0.259453219,334.644
0.259462546,335.766
0.259471868,335.592
0.259481186,335.452
0.259490484,334.737
0.259499782,334.718
0.259509077,334.640
0.259518378,334.814
0.259527675,334.694
0.259536971,334.647
0.259546296,335.711
0.259555592,334.671
0.259564894,334.858
0.259574202,335.095
0.259583527,335.706
0.259592850,335.618
0.259602146,334.643
0.259611443,334.704
0.259620751,335.106
0.259630050,334.740
0.259639345,334.644
0.259648646,334.812
0.259657941,334.635
0.259667253,335.241
0.259676553,334.794
0.259685875,335.594
0.259695172,334.690
0.259704471,334.743
0.259713768,334.718
0.259723064,334.636
0.259732364,334.821
0.259741680,335.347
0.259751004,335.668
0.259760357,336.698
0.259769652,334.647
0.259778979,335.761
0.259788285,335.011
0.259797582,334.708
0.259806880,334.733
0.259816193,335.240
0.259825488,334.648
0.259834826,336.161
0.259844151,335.686
0.259853447,334.645
0.259862753,335.023
0.259872090,336.147
0.259881388,334.720
0.259890686,334.730
0.259900003,335.403
0.259909324,335.579
0.259918625,334.816
0.259927940,335.359
0.259937265,335.689
0.259946563,334.715
0.259955885,335.594
0.259965185,334.812
0.259974481,334.637
0.259983778,334.711
0.259993083,334.971
0.260002405,335.596
0.260011702,334.700
0.260021001,334.745
0.260030298,334.715
0.260039594,334.644
0.260048894,334.813
0.260058245,336.608
0.260067579,336.033
0.260076905,335.745
0.260086201,334.648
0.260095501,334.819
0.260104815,335.293
0.260114161,336.444
0.260123459,334.741
0.260132799,336.253
0.260142098,334.756
0.260151426,335.813
0.260160745,335.471
0.260170042,334.681
0.260179349,335.059
0.260188671,335.591
0.260197969,334.716
0.260207293,335.688
0.260216617,335.671
0.260225917,334.797
0.260235223,335.002
0.260244546,335.647
0.260253845,334.742
0.260263142,334.717
0.260272459,335.388
0.260281759,334.807
0.260291055,334.638
0.260300377,335.626
0.260309704,335.764
0.260319021,335.401
0.260328318,334.697
0.260337617,334.744
0.260346914,334.715
0.260356236,335.589
0.260365536,334.813
0.260374876,336.234
0.260384203,335.776
0.260393527,335.636
0.260402822,334.650
0.260412124,334.846
0.260421419,334.642
0.260430717,334.708
0.260440020,334.924
0.260449318,334.718
0.260458613,334.634
0.260467919,334.998
0.260477216,334.695
0.260486535,335.499
0.260495836,334.811
0.260505131,334.638
0.260514465,336.012
0.260523763,334.731
0.260533078,335.346
0.260542407,335.846
0.260551703,334.656
0.260561000,334.701
0.260570299,334.746
0.260579621,335.595
0.260588937,335.384
0.260598238,334.815
0.260607559,335.578
0.260616883,335.670
0.260626183,334.787
0.260635479,334.649
0.260644776,334.698
0.260654117,336.289
0.260663434,335.396
0.260672756,335.600
0.260682091,336.050
0.260691405,335.306
0.260700707,334.874
0.260710056,336.573
0.260719352,334.644
0.260728698,336.460
0.260738021,335.639
0.260747368,336.489
0.260756694,335.717
0.260766007,335.275
0.260775329,335.589
0.260784630,334.835
0.260793931,334.845
0.260803227,334.654
0.260812528,334.843
0.260821824,334.667
0.260831152,335.792
0.260840447,334.636
0.260849746,334.750
0.260859047,334.822
0.260868342,334.644
0.260877667,335.677
0.260887018,336.664
0.260896316,334.725
0.260905638,335.588
0.260914939,334.817
0.260924249,335.172
0.260933571,335.589
0.260942908,336.142
0.260952206,334.733
0.260961530,335.665
0.260970829,334.746
0.260980127,334.718
0.260989451,335.676
0.260998749,334.718
0.261008044,334.646
0.261017345,334.808
0.261026652,335.062
0.261035949,334.701
0.261045250,334.840
0.261054559,335.122
0.261063858,334.748
0.261073183,335.706
0.261082496,335.263
0.261091818,335.614
0.261101127,335.107
0.261110451,335.670
0.261119748,334.677
0.261129074,335.763
0.261138370,334.635
0.261147670,334.816
0.261156966,334.635
0.261166290,335.662
0.261175642,336.696
0.261184938,334.650
0.261194235,334.702
0.261203560,335.691
0.261212882,335.586
0.261222178,334.666
0.261231479,334.826
0.261240776,334.686
0.261250074,334.740
0.261259377,334.893
0.261268691,335.332
0.261277998,335.043
0.261287323,335.694
0.261296638,335.331
0.261305962,335.676
0.261315260,334.713
0.261324604,336.376
0.261333904,334.825
0.261343202,334.735
0.261352499,334.670
0.261361799,334.824
0.261371095,334.655
0.261380417,335.575
0.261389745,335.802
0.261399043,334.726
0.261408363,335.535
0.261417690,335.766
0.261426987,334.697
0.261436286,334.748
0.261445583,334.719
0.261454896,335.252
0.261464249,336.719
0.261473545,334.640
0.261482843,334.719
0.261492149,335.027
0.261501457,335.090
0.261510782,335.688
0.261520080,334.746
0.261529399,335.486
0.261538745,336.462
0.261548048,334.901
0.261557344,334.636
0.261566668,335.669
0.261575994,335.754
0.261585326,335.943
0.261594634,335.105
0.261603930,334.638
0.261613254,335.672
0.261622579,335.692
0.261631903,335.668
0.261641220,335.424
0.261650521,334.817
0.261659840,335.484
0.261669186,336.447
0.261678486,334.813
0.261687797,335.201
0.261697095,334.714
0.261706394,334.782
0.261715720,335.740
0.261725047,335.756
0.261734379,335.965
0.261743703,335.648
0.261753001,334.738
0.261762323,335.583
0.261771661,336.189
0.261780963,334.848
0.261790285,335.607
0.261799606,335.567
0.261808937,335.889
0.261818232,334.645
0.261827592,336.940
0.261836917,335.691
0.261846214,334.711
0.261855539,335.683
0.261864863,335.666
0.261874158,334.625
0.261883485,335.764
0.261892808,335.641
0.261902130,335.589
0.261911430,334.810
0.261920726,334.634
0.261930023,334.709
0.261939321,334.731
0.261948621,334.811
0.261957917,334.642
0.261967244,335.769
0.261976541,334.697
0.261985837,334.646
0.261995145,335.101
0.262004459,335.296
0.262013760,334.819
0.262023108,336.533
0.262032405,334.721
0.262041705,334.794
0.262051001,334.654
0.262060326,335.689
0.262069624,334.745
0.262078948,335.666
0.262088266,335.446
0.262097567,334.824
0.262106877,335.158
0.262116199,335.581
0.262125552,336.728
0.262134891,336.210
0.262144215,335.645
0.262153513,334.742
0.262162829,335.382
0.262172154,335.684
0.262181454,334.808
0.262190770,335.381
0.262200071,334.818
0.262209368,334.701
0.262218664,334.653
0.262227969,334.971
0.262237264,334.636
0.262246574,335.166
0.262255899,335.683
0.262265197,334.714
0.262274519,335.591
0.262283855,336.113
0.262293152,334.701
0.262302448,334.641
0.262311748,334.812
0.262321086,336.173
0.262330397,335.197
0.262339719,335.595
0.262349060,336.251
0.262358366,335.021
0.262367685,335.477
0.262377008,335.655
0.262386307,334.733
0.262395631,335.667
0.262404926,334.634
0.262414229,334.920
0.262423541,335.228
0.262432839,334.729
0.262442140,334.836
0.262451436,334.647
0.262460736,334.809
0.262470058,335.595
0.262479356,334.718
0.262488714,336.894
0.262498012,334.717
0.262507328,335.394
0.262516629,334.805
0.262525926,334.695
0.262535244,335.453
0.262544576,335.964
0.262553892,335.387
0.262563201,335.123
0.262572500,334.735
0.262581824,335.672
0.262591119,334.638
0.262600447,335.800
0.262609796,336.569
0.262619123,335.752
0.262628447,335.684
0.262637743,334.638
0.262647052,335.123
0.262656349,334.686
0.262665647,334.741
0.262674947,334.803
0.262684270,335.625
0.262693568,334.726
0.262702866,334.748
0.262712180,335.300
0.262721476,334.659
0.262730777,334.834
0.262740074,334.668
0.262749373,334.759
0.262758681,335.112
0.262767977,334.644
0.262777278,334.843
0.262786573,334.635
0.262795871,334.719
0.262805222,336.637
0.262814544,335.580
0.262823854,335.150
0.262833181,335.770
0.262842478,334.702
0.262851774,334.651
0.262861077,334.930
0.262870420,336.338
0.262879742,335.603
0.262889041,334.769
0.262898357,335.349
0.262907653,334.681
0.262916955,334.867
0.262926289,335.999
0.262935613,335.694
0.262944911,334.720
0.262954207,334.636
0.262963534,335.775
0.262972829,334.637
0.262982127,334.727
0.262991427,334.796
0.263000763,336.101
0.263010084,335.547
0.263019382,334.744
0.263028706,335.668
0.263038039,335.977
0.263047340,334.816
0.263056653,335.267
0.263065954,334.834
0.263075251,334.703
0.263084573,335.593
0.263093873,334.808
0.263103180,335.038
0.263112495,335.355
0.263121820,335.688
0.263131131,335.192
0.263140452,335.578
0.263149753,334.815
0.263159050,334.711
0.263168357,335.049
0.263177685,335.806
0.263186997,335.226
0.263196295,334.716
0.263205619,335.682
0.263214943,335.670
0.263224243,334.794
0.263233565,335.601
0.263242863,334.700
0.263252161,334.740
0.263261483,335.579
0.263270778,334.635
0.263280079,334.829
0.263289374,334.636
0.263298672,334.718
0.263307972,334.788
0.263317303,335.941
0.263326601,334.701
0.263335925,335.694
0.263345226,334.818
0.263354522,334.645
0.263363822,334.822
0.263373135,335.271
0.263382436,334.817
0.263391733,334.700
0.263401072,336.194
0.263410372,334.810
0.263419667,334.637
0.263428980,335.266
0.263438327,336.484
0.263447626,334.749
0.263456966,336.237
0.263466267,334.848
0.263475565,334.732
0.263484887,335.598
0.263494190,334.897
0.263503512,335.594
0.263512810,334.714
0.263522111,334.866
0.263531427,335.367
0.263540728,334.832
0.263550025,334.673
0.263559341,335.399
0.263568640,334.773
0.263577941,334.838
0.263587238,334.666
0.263596571,336.002
0.263605867,334.665
0.263615165,334.728
0.263624466,334.823
0.263633803,336.125
0.263643126,335.647
0.263652425,334.748
0.263661766,336.263
0.263671061,334.636
0.263680362,334.820
0.263689675,335.284
0.263699002,335.771
0.263708299,334.704
0.263717622,335.612
0.263726935,335.264
0.263736231,334.654
0.263745596,337.152
0.263754921,335.692
0.263764219,334.719
0.263773537,335.477
0.263782891,336.719
0.263792188,334.702
0.263801494,335.024
0.263810797,334.909
0.263820093,334.648
0.263829421,335.799
0.263838742,335.580
0.263848040,334.720
0.263857366,335.737
0.263866662,334.648
0.263875959,334.701
0.263885284,335.688
0.263894594,335.179
0.263903890,334.635
0.263913217,335.764
0.263922538,335.584
0.263931874,336.087
0.263941229,336.770
0.263950551,335.595
0.263959878,335.769
0.263969173,334.640
0.263978471,334.711
0.263987790,335.482
0.263997115,335.711
0.264006473,336.888
0.264015775,334.849
0.264025099,335.670
0.264034444,336.421
0.264043778,336.037
0.264053075,334.680
0.264062398,335.627
0.264071723,335.712
0.264081021,334.744
0.264090322,334.814
0.264099627,334.990
0.264108925,334.726
0.264118224,334.753
0.264127522,334.727
0.264136860,336.187
0.264146161,334.818
0.264155495,336.038
0.264164793,334.718
0.264174093,334.793
0.264183402,335.148
0.264192726,335.646
0.264202027,334.849
0.264211325,334.724
0.264220631,335.030
0.264229960,335.830
0.264239274,335.303
0.264248601,335.763
0.264257924,335.646
0.264267263,336.210
0.264276576,335.255
0.264285896,335.516
0.264295220,335.681
0.264304545,335.677
0.264313843,334.720
0.264323138,334.638
0.264332465,335.762
0.264341762,334.702
0.264351109,336.484
0.264360411,334.868
0.264369706,334.637
0.264379030,335.665
0.264388355,335.684
0.264397653,334.721
0.264406960,335.073
0.264416256,334.643
0.264425553,334.692
0.264434851,334.735
0.264444175,335.663
0.264453497,335.581
0.264462797,334.811
0.264472092,334.629
0.264481416,335.666
0.264490716,334.796
0.264500027,335.190
0.264509353,335.742
0.264518678,335.691
0.264527977,334.769
0.264537273,334.664
0.264546631,336.875
0.264555928,334.682
0.264565230,334.869
0.264574565,336.064
0.264583861,334.677
0.264593189,335.788
0.264602511,335.593
0.264611835,335.670
0.264621133,334.733
0.264630431,334.718
0.264639738,335.065
0.264649091,336.712
0.264658408,335.390
0.264667756,336.537
0.264677092,336.093
0.264686414,335.586
0.264695740,335.760
0.264705036,334.629
0.264714360,335.663
0.264723686,335.741
0.264733004,335.468
0.264742304,334.793
0.264751629,335.691
0.264760927,334.728
0.264770249,335.598
0.264779550,334.821
0.264788845,334.637
0.264798143,334.722
0.264807469,335.748
0.264816791,335.590
0.264826092,334.839
0.264835389,334.671
0.264844713,335.672
0.264854011,334.744
0.264863309,334.723
0.264872620,335.178
0.264881973,336.725
0.264891284,335.175
0.264900579,334.640
0.264909879,334.808
0.264919227,336.521
0.264928552,335.704
0.264937853,334.824
0.264947151,334.725
0.264956446,334.637
0.264965747,334.820
0.264975091,336.406
0.264984390,334.748
0.264993698,335.096
0.265002994,334.635
0.265012320,335.760
0.265021616,334.636
0.265030976,336.965
0.265040302,335.741
0.265049619,335.420
0.265058994,337.474
0.265068347,336.721
0.265077645,334.717
0.265086967,335.590
0.265096284,335.427
0.265105582,334.714
0.265114909,335.785
0.265124232,335.636
0.265133548,335.375
0.265142849,334.834
0.265152171,335.590
0.265161495,335.669
0.265170793,334.727
0.265180132,336.187
0.265189439,335.067
0.265198766,335.760
0.265208082,335.389
0.265217405,335.614
0.265226705,334.820
0.265236037,335.932
0.265245363,335.768
0.265254685,335.590
0.265264025,336.225
0.265273325,334.789
0.265282647,335.599
0.265291970,335.646
0.265301299,335.846
0.265310597,334.719
0.265319931,336.023
0.265329232,334.814
0.265338547,335.341
0.265347844,334.714
0.265357144,334.796
0.265366457,335.267
0.265375766,335.139
0.265385095,335.834
0.265394395,334.798
0.265403720,335.685
0.265413018,334.720
0.265422349,335.931
0.265431649,334.812
0.265440955,334.998
0.265450278,335.640
0.265459579,334.842
0.265468917,336.146
0.265478215,334.739
0.265487514,334.757
0.265496838,335.668
0.265506191,336.720
0.265515487,334.661
0.265524785,334.705
0.265534084,334.772
0.265543382,334.719
0.265552697,335.355
0.265562024,335.766
0.265571358,336.034
0.265580696,336.173
0.265590001,334.951
0.265599311,335.168
0.265608608,334.695
0.265617909,334.848
0.265627207,334.717
0.265636502,334.631
0.265645803,334.813
0.265655119,335.378
0.265664427,335.102
0.265673726,334.763
0.265683050,335.659
0.265692351,334.849
0.265701673,335.596
0.265710997,335.669
0.265720296,334.732
0.265729593,334.722
0.265738951,336.888
0.265748252,334.817
0.265757549,334.696
0.265766858,335.119
0.265776161,334.909
0.265785456,334.634
0.265794754,334.714
0.265804080,335.733
0.265813378,334.716
0.265822686,335.123
0.265831991,334.977
0.265841306,335.314
0.265850604,334.743
0.265859964,336.972
0.265869260,334.632
0.265878560,334.814
0.265887868,335.089
0.265897166,334.724
0.265906495,335.836
0.265915791,334.649
0.265925088,334.698
0.265934393,334.987
0.265943718,335.690
0.265953014,334.653
0.265962314,334.820
0.265971610,334.637
0.265980907,334.719
0.265990234,335.752
0.265999573,336.208
0.266008875,334.877
0.266018197,335.586
0.266027495,334.716
0.266036799,334.949
0.266046146,336.503
0.266055464,335.441
0.266064791,335.768
0.266074088,334.705
0.266083384,334.651
0.266092691,335.059
0.266102003,335.220
0.266111326,335.636
0.266120624,334.731
0.266129922,334.717
0.266139251,335.849
0.266148600,336.557
0.266157913,335.274
0.266167244,335.921
0.266176591,336.501
0.266185887,334.643
0.266195187,334.814
0.266204504,335.413
0.266213832,335.806
0.266223186,336.735
0.266232516,335.894
0.266241851,336.040
0.266251150,334.773
0.266260466,335.357
0.266269790,335.688
0.266279099,335.101
0.266288394,334.633
0.266297721,335.754
0.266307018,334.700
0.266316313,334.641
0.266325615,334.848
0.266334911,334.659
0.266344232,335.551
0.266353556,335.685
0.266362880,335.667
0.266372204,335.669
0.266381507,334.898
0.266390804,334.704
0.266400100,334.647
0.266409453,336.712
0.266418768,335.321
0.266428068,334.815
0.266437375,335.031
0.266446699,335.674
0.266456031,335.957
0.266465327,334.648
0.266474624,334.707
0.266483949,335.691
0.266493295,336.442
0.266502601,335.047
0.266511931,335.870
0.266521243,335.231
0.266530567,335.667
0.266539867,334.794
0.266549225,336.897
0.266558526,334.813
0.266567821,334.636
0.266577119,334.716
0.266586417,334.735
0.266595715,334.719
0.266605039,335.664
0.266614340,334.840
0.266623637,334.702
0.266632933,334.645
0.266642233,334.809
0.266651555,335.589
0.266660864,335.123
0.266670191,335.758
0.266679505,335.319
0.266688810,334.981
0.266698110,334.808
0.266707443,335.988
0.266716741,334.736
0.266726039,334.710
0.266735361,335.591
0.266744661,334.813
0.266753957,334.633
0.266763297,336.254
0.266772626,335.826
0.266781948,335.613
0.266791270,335.571
0.266800568,334.760
0.266809882,335.282
0.266819177,334.645
0.266828531,336.722
0.266837833,334.863
0.266847161,335.828
0.266856459,334.725
0.266865781,335.601
0.266875083,334.844
0.266884395,335.251
0.266893730,336.046
0.266903055,335.708
0.266912372,335.402
0.266921698,335.764
0.266930995,334.676
0.266940292,334.694
0.266949590,334.744
0.266958888,334.728
0.266968184,334.642
0.266977485,334.819
0.266986780,334.631
0.266996104,335.664
0.267005404,334.790
0.267014699,334.644
0.267023997,334.700
0.267033295,334.737
0.267042593,334.724
0.267051895,334.895
0.267061225,335.854
0.267070549,335.682
0.267079850,334.840
0.267089148,334.704
0.267098489,336.298
0.267107790,334.812
0.267117097,335.058
0.267126394,334.707
0.267135719,335.688
0.267145052,336.010
0.267154370,335.450
0.267163671,334.802
0.267172983,335.233
0.267182278,334.646
0.267191580,334.850
0.267200902,335.609
0.267210200,334.723
0.267219525,335.708
0.267228841,335.371
0.267238194,336.707
0.267247515,335.568
0.267256813,334.702
0.267266114,334.843
0.267275438,335.673
0.267284733,334.633
0.267294060,335.766
0.267303372,335.210
0.267312670,334.740
0.267321993,335.611
0.267331289,334.668
0.267340597,335.079
0.267349897,334.803
0.267359222,335.704
0.267368547,335.693
0.267377881,336.020
0.267387176,334.631
0.267396476,334.820
0.267405811,336.059
0.267415133,335.596
0.267424434,334.811
0.267433756,335.594
0.267443067,335.197
0.267452365,334.733
0.267461663,334.730
0.267470959,334.639
0.267480286,335.770
0.267489602,335.405
0.267498924,335.570
0.267508224,334.811
0.267517555,335.929
0.267526856,334.821
0.267536154,334.719
0.267545452,334.739
0.267554778,335.750
0.267564086,335.071
0.267573383,334.696
0.267582708,335.693
0.267592068,336.977
0.267601377,335.103
0.267610689,335.224
0.267620011,335.599
0.267629335,335.681
0.267638635,334.797
0.267647931,334.641
0.267657228,334.700
0.267666526,334.744
0.267675842,335.377
0.267685193,336.627
0.267694491,334.718
0.267703806,335.359
0.267713166,336.939
0.267722464,334.730
0.267731786,335.606
0.267741114,335.787
0.267750424,335.175
0.267759722,334.715
0.267769022,334.807
0.267778320,334.743
0.267787616,334.632
0.267796943,335.766
0.267806240,334.698
0.267815547,335.060
0.267824845,334.718
0.267834167,335.587
0.267843467,334.818
0.267852762,334.635
0.267862102,336.219
0.267871418,335.373
0.267880715,334.718
0.267890049,336.014
0.267899381,335.940
0.267908694,335.270
0.267917990,334.674
0.267927291,334.821
0.267936587,334.643
0.267945884,334.714
0.267955184,334.800
0.267964480,334.646
0.267973780,334.806
0.267983102,335.583
0.267992400,334.722
0.268001700,334.816
0.268010999,334.752
0.268020321,335.596
0.268029654,335.985
0.268038951,334.693
0.268048296,336.409
0.268057596,334.804
0.268066891,334.640
0.268076215,335.666
0.268085566,336.629
0.268094890,335.667
0.268104186,334.641
0.268113486,334.808
0.268122783,334.692
0.268132082,334.747
0.268141379,334.715
0.268150675,334.643
0.268159982,335.066
0.268169280,334.717
0.268178620,336.227
0.268187929,335.136
0.268197225,334.649
0.268206548,335.647
0.268215863,335.346
0.268225186,335.623
0.268234488,334.869
0.268243786,334.727
0.268253109,335.609
0.268262436,335.793
0.268271746,335.146
0.268281070,335.682
0.268290369,334.769
0.268299688,335.485
0.268308984,334.637
0.268318311,335.789
0.268327609,334.703
0.268336976,337.214
0.268346275,334.772
0.268355589,335.304
0.268364918,335.831
0.268374214,334.670
0.268383512,334.719
0.268392865,336.707
0.268402183,335.471
0.268411481,334.703
0.268420810,335.849
0.268430134,335.669
0.268439430,334.639
0.268448730,334.823
0.268458098,337.245
0.268467429,335.905
0.268476727,334.718
0.268486041,335.323
0.268495368,335.765
0.268504663,334.639
0.268513961,334.715
0.268523286,335.690
0.268532610,335.664
0.268541919,335.123
0.268551223,334.967
0.268560520,334.697
0.268569840,335.487
0.268579140,334.809
0.268588451,335.200
0.268597748,334.712
0.268607047,334.733
0.268616371,335.670
0.268625679,335.111
0.268635002,335.596
0.268644299,334.712
0.268653624,335.702
0.268662922,334.719
0.268672244,335.580
0.268681544,334.809
0.268690875,335.929
0.268700173,334.719
0.268709473,334.799
0.268718795,335.604
0.268728095,334.802
0.268737394,334.745
0.268746692,334.723
0.268756014,335.592
0.268765314,334.821
0.268774610,334.639
0.268783936,335.763
0.268793286,336.593
0.268802601,335.338
0.268811908,335.064
0.268821204,334.632
0.268830528,335.661
0.268839858,335.876
0.268849195,336.147
0.268858490,334.636
0.268867817,335.757
0.268877135,335.447
0.268886457,335.597
0.268895791,336.009
0.268905113,335.607
0.268914412,334.758
0.268923707,334.630
0.268933032,335.702
0.268942332,334.801
0.268951653,335.548
0.268960950,334.701
0.268970249,334.743
0.268979547,334.716
0.268988866,335.496
0.268998171,335.004
0.269007515,336.377
0.269016837,335.577
0.269026149,335.229
0.269035451,334.870
0.269044749,334.734
0.269054058,335.113
0.269063356,334.731
0.269072654,334.736
0.269081961,335.070
0.269091257,334.652
0.269100558,334.821
0.269109882,335.677
0.269119179,334.669
0.269128538,336.948
0.269137834,334.659
0.269147159,335.670
0.269156483,335.686
0.269165781,334.717
0.269175100,335.501
0.269184401,334.835
0.269193725,335.659
0.269203021,334.647
0.269212321,334.819
0.269221634,335.264
0.269230961,335.756
0.269240259,334.719
0.269249557,334.743
0.269258864,335.057
0.269268198,336.010
0.269277521,335.649
0.269286851,335.879
0.269296149,334.715
0.269305444,334.640
0.269314777,335.978
0.269324073,334.631
0.269333370,334.709
0.269342699,335.833
0.269352057,336.895
0.269361380,335.646
0.269370732,336.648
0.269380048,335.404
0.269389347,334.732
0.269398671,335.668
0.269407992,335.583
0.269417293,334.811
0.269426590,334.697
0.269435885,334.641
0.269445241,336.786
0.269454563,335.617
0.269463862,334.744
0.269473188,335.735
0.269482489,334.850
0.269491785,334.648
0.269501085,334.813
0.269510418,335.996
0.269519743,335.699
0.269529068,335.668
0.269538363,334.639
0.269547663,334.808
0.269556959,334.629
0.269566256,334.718
0.269575583,335.752
0.269584878,334.640
0.269594201,335.634
0.269603530,335.820
0.269612827,334.708
0.269622123,334.636
0.269631425,334.890
0.269640737,335.232
0.269650035,334.726
0.269659361,335.745
0.269668675,335.295
0.269677975,334.809
0.269687281,334.997
0.269696578,334.715
0.269705929,336.633
0.269715239,335.148
0.269724563,335.660
0.269733904,336.282
0.269743229,335.687
0.269752525,334.650
0.269761851,335.763
0.269771163,335.215
0.269780461,334.716
0.269789786,335.728
0.269799084,334.725
0.269808393,335.126
0.269817689,334.654
0.269826986,334.698
0.269836311,335.688
0.269845660,336.549
0.269854955,334.642
0.269864256,334.818
0.269873551,334.638
0.269882849,334.712
0.269892175,335.743
0.269901485,335.161
0.269910809,335.647
0.269920136,335.786
0.269929433,334.709
0.269938781,336.512
0.269948081,334.811
0.269957421,336.237
0.269966722,334.810
0.269976029,335.084
0.269985326,334.685
0.269994653,335.780
0.270004004,336.624
0.270013330,335.732
0.270022655,335.691
0.270031980,335.707
0.270041300,335.524
0.270050627,335.773
0.270059941,335.314
0.270069237,334.661
0.270078564,335.774
0.270087878,335.283
0.270097205,335.768
0.270106500,334.631
0.270115799,334.755
0.270125102,334.908
0.270134398,334.651
0.270143696,334.720
0.270153026,335.906
0.270162324,334.723
0.270171643,335.470
0.270180943,334.826
0.270190265,335.585
0.270199587,335.592
0.270208887,334.792
0.270218185,334.720
0.270227492,335.068
0.270236817,335.693
0.270246115,334.712
0.270255439,335.689
0.270264762,335.624
0.270274073,335.202
0.270283374,334.823
0.270292683,335.133
0.270302006,335.610
0.270311311,334.993
0.270320647,336.101
0.270329945,334.720
0.270339270,335.684
0.270348567,334.715
0.270357863,334.631
0.270367165,334.883
0.270376489,335.656
0.270385811,335.595
0.270395108,334.712
0.270404404,334.640
0.270413704,334.814
0.270423037,335.994
0.270432362,335.680
0.270441662,334.795
0.270450957,334.644
0.270460257,334.800
0.270469556,334.756
0.270478868,335.226
0.270488190,335.585
0.270497490,334.816
0.270506848,336.886
0.270516171,335.628
0.270525497,335.746
0.270534811,335.292
0.270544121,335.144
0.270553472,336.641
0.270562819,336.496
0.270572117,334.744
0.270581424,335.031
0.270590768,336.380
0.270600122,336.760
0.270609419,334.694
0.270618715,334.645
0.270628048,335.997
0.270637363,335.344
0.270646687,335.642
0.270656037,336.631
0.270665353,335.344
0.270674661,335.087
0.270683956,334.646
0.270693273,335.411
0.270702598,335.682
0.270711924,335.764
0.270721247,335.598
0.270730547,334.817
0.270739869,335.597
0.270749179,335.165
0.270758532,336.696
0.270767844,335.226
0.270777168,335.652
0.270786466,334.741
0.270795764,334.720
0.270805062,334.728
0.270814386,335.674
0.270823681,334.635
0.270833008,335.776
0.270842315,335.032
0.270851628,335.264
0.270860935,335.058
0.270870257,335.599
0.270879555,334.719
0.270888906,336.638
0.270898219,335.262
0.270907539,335.511
0.270916865,335.765
0.270926163,334.699
0.270935458,334.649
0.270944759,334.821
0.270954056,334.711
0.270963357,334.835
0.270972653,334.639
0.270981951,334.725
0.270991277,335.749
0.271000573,334.641
0.271009870,334.696
0.271019168,334.737
0.271028489,335.531
0.271037807,335.449
0.271047107,334.823
0.271056417,335.164
0.271065715,334.722
0.271075015,334.796
0.271084311,334.643
0.271093608,334.697
0.271102908,334.789
0.271112243,336.059
0.271121541,334.758
0.271130839,334.726
0.271140136,334.683
0.271149464,335.807
0.271158786,335.594
0.271168118,335.942
0.271177418,334.814
0.271186713,334.630
0.271196014,334.809
0.271205312,334.737
0.271214646,336.019
0.271223992,336.456
0.271233294,334.896
0.271242592,334.701
0.271251887,334.647
0.271261223,336.070
0.271270536,335.281
0.271279863,335.761
0.271289185,335.584
0.271298525,336.239
0.271307824,334.798
0.271317147,335.597
0.271326444,334.697
0.271335768,335.688
0.271345114,336.449
0.271354410,334.643
0.271363736,335.756
0.271373032,334.634
0.271382355,335.624
0.271391681,335.758
0.271401022,336.260
0.271410332,335.158
0.271419637,334.995
0.271428935,334.710
0.271438267,335.962
0.271447567,334.781
0.271456862,334.638
0.271466163,334.840
0.271475461,334.726
0.271484757,334.652
0.271494067,335.169
0.271503363,334.659
0.271512687,335.662
0.271521986,334.752
0.271531311,335.721
0.271540607,334.637
0.271549908,334.845
0.271559232,335.649
0.271568530,334.744
0.271577837,335.061
0.271587179,336.289
0.271596513,336.033
0.271605809,334.636
0.271615133,335.666
0.271624433,334.798
0.271633755,335.596
0.271643052,334.696
0.271652350,334.742
0.271661669,335.469
0.271670985,335.389
0.271680294,335.111
0.271689617,335.634
0.271698916,334.763
0.271708243,335.785
0.271717539,334.650
0.271726867,335.812
0.271736163,334.637
0.271745480,335.424
0.271754831,336.630
0.271764155,335.668
0.271773499,336.391
0.271782830,335.913
0.271792127,334.694
0.271801447,335.513
0.271810774,335.763
0.271820069,334.627
0.271829378,335.118
0.271838730,336.670
0.271848027,334.716
0.271857354,335.745
0.271866660,335.026
0.271875957,334.701
0.271885282,335.691
0.271894580,334.715
0.271903875,334.638
0.271913202,335.767
0.271922524,335.583
0.271931850,335.757
0.271941150,334.805
0.271950462,335.214
0.271959796,336.012
0.271969094,334.752
0.271978419,335.677
0.271987770,336.638
0.271997094,335.667
0.272006409,335.336
0.272015735,335.761
0.272025032,334.694
0.272034376,336.361
0.272043680,334.958
0.272053002,335.587
0.272062326,335.668
0.272071650,335.679
0.272080948,334.714
0.272090295,336.489
0.272099595,334.816
0.272108919,335.648
0.272118217,334.740
0.272127541,335.665
0.272136889,336.533
0.272146190,334.815
0.272155509,335.505
0.272164807,334.717
0.272174136,335.827
0.272183432,334.655
0.272192729,334.698
0.272202080,336.647
0.272211425,336.409
0.272220748,335.621
0.272230058,335.185
0.272239416,336.894
0.272248718,334.846
0.272258016,334.724
0.272267329,335.265
0.272276655,335.761
0.272285977,335.578
0.272295301,335.668
0.272304626,335.691
0.272313950,335.664
0.272323268,335.459
0.272332569,334.824
0.272341892,335.641
0.272351212,335.531
0.272360513,334.808
0.272369827,335.314
0.272379125,334.720
0.272388449,335.689
0.272397773,335.669
0.272407081,335.088
0.272416406,335.679
0.272425730,335.682
0.272435029,334.754
0.272444327,334.723
0.272453622,334.635
0.272462923,334.829
0.272472219,334.667
0.272481518,334.734
0.272490818,334.796
0.272500134,335.395
0.272509439,334.961
0.272518746,335.078
0.272528071,335.681
0.272537366,334.640
0.272546667,334.817
0.272556007,336.253
0.272565342,336.046
0.272574665,335.650
0.272583961,334.647
0.272593261,334.808
0.272602569,335.080
0.272611907,336.170
0.272621232,335.681
0.272630529,334.714
0.272639824,334.628
0.272649125,334.812
0.272658422,334.693
0.272667720,334.719
0.272677020,334.835
0.272686335,335.315
0.272695662,335.771
0.272704957,334.629
0.272714255,334.713
0.272723581,335.745
0.272732877,334.643
0.272742216,336.214
0.272751540,335.688
0.272760861,335.548
0.272770179,335.440
0.272779499,335.529
0.272788821,335.593
0.272798143,335.589
0.272807445,334.860
0.272816768,335.627
0.272826065,334.704
0.272835364,334.744
0.272844661,334.712
0.272854012,336.628
0.272863361,336.581
0.272872677,335.358
0.272882010,335.991
0.272891334,335.649
0.272900656,335.590
0.272909971,335.366
0.272919286,335.317
0.272928613,335.789
0.272937909,334.670
0.272947208,334.743
0.272956534,335.755
0.272965831,334.671
0.272975129,334.724
0.272984427,334.748
0.272993739,335.213
0.273003035,334.654
0.273012362,335.781
0.273021657,334.633
0.273030955,334.716
0.273040255,334.796
0.273049577,335.601
0.273058875,334.713
0.273068174,334.773
0.273077472,334.728
0.273086797,335.687
0.273096094,334.715
0.273105390,334.636
0.273114690,334.824
0.273123988,334.702
0.273133283,334.649
0.273142586,334.906
0.273151910,335.663
0.273161209,334.738
0.273170507,334.730
0.273179831,335.663
0.273189165,336.040
0.273198465,334.810
0.273207789,335.651
0.273217111,335.601
0.273226414,334.902
0.273235754,336.252
0.273245055,334.819
0.273254387,335.939
0.273263730,336.374
0.273273083,336.698
0.273282379,334.641
0.273291702,335.649
0.273301001,334.744
0.273310299,334.735
0.273319608,335.115
0.273328936,335.829
0.273338234,334.737
0.273347533,334.750
0.273356860,335.786
0.273366193,335.972
0.273375491,334.711
0.273384790,334.765
0.273394116,335.766
0.273403415,334.741
0.273412737,335.615
0.273422059,335.590
0.273431360,334.821
0.273440710,336.607
0.273450028,335.449
0.273459355,335.762
0.273468650,334.634
0.273477948,334.721
0.273487273,335.686
0.273496570,334.714
0.273505866,334.637
0.273515167,334.852
0.273524464,334.693
0.273533771,335.062
0.273543069,334.720
0.273552391,335.586
0.273561692,334.815
0.273570987,334.632
0.273580284,334.713
0.273589590,335.013
0.273598909,335.488
0.273608207,334.695
0.273617512,335.010
0.273626813,334.806
0.273636108,334.643
0.273645411,334.913
0.273654707,334.646
0.273664005,334.718
0.273673305,334.795
0.273682600,334.650
0.273691924,335.646
0.273701275,336.638
0.273710573,334.715
0.273719872,334.780
0.273729195,335.630
0.273738517,335.581
0.273747843,335.757
0.273757141,334.703
0.273766458,335.431
0.273775790,335.937
0.273785112,335.593
0.273794409,334.711
0.273803707,334.729
0.273813021,335.280
0.273822316,334.637
0.273831643,335.768
0.273840940,334.700
0.273850275,336.031
0.273859572,334.710
0.273868884,335.242
0.273878185,334.826
0.273887538,336.722
0.273896864,335.715
0.273906190,335.748
0.273915510,335.504
0.273924808,334.732
0.273934106,334.744
0.273943404,334.721
0.273952762,336.895
0.273962065,334.881
0.273971405,336.271
0.273980732,335.762
0.273990029,334.697
0.273999325,334.645
0.274008652,335.764
0.274017976,335.683
0.274027301,335.692
0.274036599,334.734
0.274045910,335.172
0.274055227,335.423
0.274064527,334.813
0.274073824,334.699
0.274083156,335.947
0.274092457,334.807
0.274101778,335.587
0.274111076,334.715
0.274120401,335.691
0.274129728,335.765
0.274139028,334.807
0.274148333,335.003
0.274157631,334.703
0.274166958,335.786
0.274176283,335.695
0.274185600,335.397
0.274194900,334.824
0.274204222,335.600
0.274213520,334.719
0.274222847,335.753
0.274232142,334.648
0.274241478,336.067
0.274250803,335.697
0.274260127,335.666
0.274269487,336.984
0.274278785,334.720
0.274288099,335.312
0.274297400,334.812
0.274306722,335.589
0.274316038,335.383
0.274325370,335.978
0.274334666,334.643
0.274343963,334.705
0.274353262,334.731
0.274362607,336.445
0.274371941,336.007
0.274381237,334.683
0.274390561,335.658
0.274399861,334.771
0.274409171,335.171
0.274418493,335.586
0.274427794,334.848
0.274437090,334.658
0.274446407,335.424
0.274455736,335.824
0.274465061,335.706
0.274474384,335.621
0.274483710,335.733
0.274493035,335.696
0.274502359,335.689
0.274511657,334.718
0.274520953,334.645
0.274530253,334.819
0.274539550,334.700
0.274548888,336.163
0.274558221,335.980
0.274567543,335.592
0.274576854,335.205
0.274586152,334.733
0.274595477,335.670
0.274604772,334.639
0.274614072,334.811
0.274623393,335.544
0.274632689,334.665
0.274642016,335.766
0.274651312,334.637
0.274660639,335.767
0.274669944,334.999
0.274679268,335.671
0.274688568,334.798
0.274697864,334.647
0.274707188,335.650
0.274716486,334.743
0.274725811,335.681
0.274735117,335.032
0.274744444,335.786
0.274753787,336.335
0.274763096,335.113
0.274772396,334.794
0.274781708,335.241
0.274791005,334.693
0.274800330,335.692
0.274809627,334.707
0.274818925,334.731
0.274828233,335.079
0.274837528,334.631
0.274846828,334.803
0.274856125,334.696
0.274865444,335.477
0.274874745,334.842
0.274884067,335.598
0.274893365,334.724
0.274902716,336.640
0.274912041,335.670
0.274921387,336.487
0.274930722,336.057
0.274940037,335.328
0.274949335,334.741
0.274958659,335.659
0.274967981,335.590
0.274977282,334.817
0.274986577,334.634
0.274995891,335.317
0.275005194,334.896
0.275014490,334.652
0.275023788,334.736
0.275033087,334.772
0.275042385,334.725
0.275051707,335.587
0.275061008,334.820
0.275070345,336.153
0.275079669,335.667
0.275088969,334.797
0.275098292,335.597
0.275107594,334.906
0.275116890,334.643
0.275126214,335.663
0.275135565,336.638
0.275144889,335.673
0.275154185,334.637
0.275163512,335.766
0.275172809,334.703
0.275182131,335.594
0.275191437,335.016
0.275200733,334.641
0.275210030,334.711
0.275219355,335.687
0.275228653,334.718
0.275237948,334.637
0.275247275,335.763
0.275256572,334.703
0.275265871,334.745
0.275275204,336.014
0.275284499,334.627
0.275293800,334.837
0.275303108,335.082
0.275312427,335.486
0.275321727,334.802
0.275331063,336.079
0.275340360,334.697
0.275349660,334.810
0.275358959,334.740
0.275368278,335.511
0.275377579,334.826
0.275386937,336.893
0.275396261,335.665
0.275405561,334.796
0.275414857,334.646
0.275424184,335.765
0.275433490,335.019
0.275442788,334.720
0.275452139,336.633
0.275461436,334.711
0.275470746,335.141
0.275480072,335.761
0.275489369,334.698
0.275498692,335.599
0.275508018,335.764
0.275517314,334.635
0.275526674,336.966
0.275535972,334.734
0.275545288,335.356
0.275554606,335.468
0.275563928,335.593
0.275573249,335.541
0.275582575,335.734
0.275591885,335.159
0.275601183,334.755
0.275610511,335.790
0.275619847,336.092
0.275629145,334.727
0.275638448,334.911
0.275647780,335.942
0.275657103,335.649
0.275666402,334.750
0.275675700,334.722
0.275684995,334.645
0.275694305,335.154
0.275703601,334.636
0.275712901,334.818
0.275722198,334.700
0.275731540,336.318
0.275740867,335.764
0.275750163,334.641
0.275759475,335.224
0.275768773,334.746
0.275778085,335.223
0.275787380,334.642
0.275796681,334.817
0.275806004,335.649
0.275815300,334.655
0.275824627,335.761
0.275833923,334.662
0.275843244,335.556
0.275852540,334.658
0.275861839,334.759
0.275871167,335.788
0.275880489,335.604
0.275889787,334.725
0.275899089,334.878
0.275908387,334.723
0.275917710,335.613
0.275927015,335.013
0.275936311,334.635
0.275945609,334.735
0.275954909,334.805
0.275964205,334.645
0.275973503,334.728
0.275982801,334.736
0.275992099,334.717
0.276001394,334.639
0.276010695,334.819
0.276019991,334.650
0.276029318,335.782
0.276038615,334.695
0.276047911,334.654
0.276057238,335.763
0.276066560,335.589
0.276075857,334.710
0.276085184,335.772
0.276094482,334.737
0.276103778,334.635
0.276113101,335.618
0.276122398,334.725
0.276131695,334.676
0.276140996,334.825
0.276150292,334.652
0.276159615,335.659
0.276168940,335.693
0.276178239,334.746
0.276187540,334.832
0.276196836,334.650
0.276206160,335.679
0.276215485,335.717
0.276224783,334.728
0.276234079,334.646
0.276243412,335.984
0.276252708,334.639
0.276262028,335.519
0.276271384,336.846
0.276280680,334.638
0.276289977,334.696
0.276299302,335.693
0.276308600,334.722
0.276317921,335.568
0.276327224,334.924
0.276336556,335.937
0.276345909,336.725
0.276355284,337.493
0.276364580,334.652
0.276373880,334.810
0.276383176,334.638
0.276392500,335.676
0.276401808,335.085
0.276411121,335.261
0.276420417,334.641
0.276429743,335.766
0.276439060,335.407
0.276448381,335.566
0.276457682,334.805
0.276467004,335.590
0.276476304,334.816
0.276485636,335.954
0.276494953,335.423
0.276504280,335.744
0.276513602,335.596
0.276522925,335.644
0.276532228,334.899
0.276541552,335.660
0.276550871,335.475
0.276560171,334.813
0.276569466,334.637
0.276578767,334.810
0.276588069,334.867
0.276597381,335.260
0.276606688,335.043
0.276616013,335.702
0.276625311,334.711
0.276634643,335.970
0.276643941,334.715
0.276653256,335.360
0.276662603,336.466
0.276671901,334.745
0.276681197,334.650
0.276690525,335.811
0.276699874,336.556
0.276709172,334.723
0.276718496,335.683
0.276727794,334.721
0.276737089,334.637
0.276746416,335.769
0.276755714,334.700
0.276765012,334.752
0.276774336,335.664
0.276783658,335.584
0.276792985,335.765
0.276802307,335.585
0.276811604,334.721
0.276820907,334.882
0.276830225,335.463
0.276839523,334.706
0.276848821,334.741
0.276858133,335.250
0.276867453,335.507
0.276876753,334.816
0.276886049,334.630
0.276895373,335.667
0.276904673,334.795
0.276913995,335.589
0.276923295,334.813
0.276932617,335.584
0.276941915,334.722
0.276951213,334.752
0.276960523,335.149
0.276969866,336.351
0.276979193,335.765
0.276988512,335.494
0.276997808,334.648
0.277007108,334.815
0.277016419,335.181
0.277025754,336.079
0.277035081,335.749
0.277044379,334.721
0.277053741,337.041
0.277063038,334.697
0.277072381,336.363
0.277081680,334.741
0.277090989,335.141
0.277100347,336.887
0.277109647,334.811
0.277118969,335.581
0.277128293,335.672
0.277137620,335.742
0.277146942,335.597
0.277156239,334.700
0.277165537,334.738
0.277174861,335.665
0.277184166,334.973
0.277193502,336.107
0.277202816,335.307
0.277212177,336.986
0.277221519,336.317
0.277230842,335.619
0.277240169,335.787
0.277249465,334.646
0.277258787,335.572
0.277268085,334.733
0.277277409,335.673
0.277286729,335.517
0.277296082,336.718
0.277305440,336.888
0.277314766,335.737
0.277324075,335.102
0.277333371,334.670
0.277342672,334.845
0.277351968,334.637
0.277361293,335.690
0.277370619,335.769
0.277379928,335.126
0.277389226,334.727
0.277398552,335.719
0.277407850,334.721
0.277417169,335.481
0.277426471,334.874
0.277435767,334.670
0.277445066,334.747
0.277454392,335.748
0.277463689,334.675
0.277472989,334.816
0.277482285,334.644
0.277491583,334.743
0.277500935,336.683
0.277510268,335.986
0.277519565,334.676
0.277528893,335.804
0.277538217,335.664
0.277547513,334.675
0.277556817,334.920
0.277566128,335.196
0.277575453,335.701
0.277584777,335.683
0.277594092,335.339
0.277603418,335.741
0.277612724,334.987
0.277622021,334.704
0.277631319,334.737
0.277640617,334.711
0.277649939,335.592
0.277659271,335.981
0.277668567,334.635
0.277677865,334.719
0.277687191,335.745
0.277696487,334.648
0.277705796,335.139
0.277715098,334.853
0.277724395,334.713
0.277733691,334.639
0.277743018,335.771
0.277752330,335.248
0.277761627,334.705
0.277770948,335.549
0.277780309,336.972
0.277789638,335.866
0.277798961,335.632
0.277808286,335.685
0.277817585,334.755
0.277826882,334.718
0.277836227,336.414
0.277845527,334.810
0.277854840,335.242
0.277864162,335.600
0.277873462,334.809
0.277882758,334.634
0.277892055,334.715
0.277901380,335.682
0.277910677,334.712
0.277919977,334.789
0.277929309,335.945
0.277938606,334.699
0.277947957,336.639
0.277957254,334.709
0.277966571,335.408
0.277975872,334.808
0.277985189,335.427
0.277994513,335.669
0.278003813,334.790
0.278013135,335.606
0.278022461,335.739
0.278031786,335.700
0.278041111,335.672
0.278050409,334.747
0.278059742,335.999
0.278069086,336.378
0.278078387,334.837
0.278087696,335.132
0.278097013,335.413
0.278106344,335.912
0.278115680,336.097
0.278124991,335.168
0.278134315,335.688
0.278143639,335.669
0.278152935,334.631
0.278162235,334.810
0.278171551,335.363
0.278180858,335.068
0.278190182,335.666
0.278199504,335.583
0.278208812,335.080
0.278218107,334.631
0.278227405,334.712
0.278236731,335.743
0.278246039,335.100
0.278255339,334.797
0.278264664,335.704
0.278273983,335.485
0.278283305,335.594
0.278292606,334.822
0.278301917,335.220
0.278311241,335.632
0.278320567,335.753
0.278329899,335.966
0.278339255,336.788
0.278348557,334.884
0.278357884,335.759
0.278367209,335.709
0.278376533,335.683
0.278385851,335.430
0.278395187,336.105
0.278404505,335.457
0.278413801,334.642
0.278423135,336.013
0.278432447,335.235
0.278441754,335.070
0.278451052,334.732
0.278460376,335.665
0.278469676,334.794
0.278479000,335.658
0.278488314,335.293
0.278497612,334.753
0.278506937,335.674
0.278516232,334.638
0.278525559,335.772
0.278534855,334.639
0.278544152,334.717
0.278553479,335.749
0.278562790,335.189
0.278572111,335.584
0.278581410,334.740
0.278590707,334.708
0.278600003,334.637
0.278609303,334.823
0.278618610,335.028
0.278627911,334.852
0.278637244,336.002
0.278646540,334.649
0.278655867,335.761
0.278665189,335.590
0.278674508,335.498
0.278683806,334.729
0.278693104,334.728
0.278702400,334.636
0.278711701,334.845
0.278721000,334.759
0.278730326,335.729
0.278739650,335.678
0.278748947,334.673
0.278758248,334.839
0.278767570,335.591
0.278776868,334.744
0.278786222,336.726
0.278795538,335.406
0.278804836,334.715
0.278814161,335.698
0.278823459,334.722
0.278832754,334.642
0.278842055,334.817
0.278851350,334.631
0.278860650,334.812
0.278869948,334.700
0.278879262,335.332
0.278888585,335.596
0.278897881,334.657
0.278907200,335.488
0.278916498,334.743
0.278925823,335.693
0.278935145,335.592
0.278944448,334.923
0.278953774,335.708
0.278963096,335.616
0.278972397,334.821
0.278981712,335.332
0.278991036,335.671
0.279000334,334.726
0.279009658,335.673
0.279018984,335.742
0.279028306,335.594
0.279037645,336.208
0.279046944,334.744
0.279056254,335.162
0.279065575,335.579
0.279074876,334.815
0.279084171,334.634
0.279093481,335.163
0.279102781,334.803
0.279112077,334.647
0.279121385,335.099
0.279130718,335.971
0.279140016,334.714
0.279149311,334.646
0.279158638,335.763
0.279167960,335.596
0.279177273,335.258
0.279186609,336.097
0.279195920,335.198
0.279205252,335.936
0.279214561,335.128
0.279223859,334.728
0.279233163,334.951
0.279242497,336.031
0.279251793,334.637
0.279261120,335.772
0.279270417,334.699
0.279279712,334.644
0.279289013,334.811
0.279298352,336.230
0.279307653,334.820
0.279316985,335.954
0.279326302,335.422
0.279335602,334.790
0.279344898,334.653
0.279354195,334.702
0.279363552,336.841
0.279372863,335.207
0.279382185,335.597
0.279391539,336.722
0.279400850,335.204
0.279410177,335.763
0.279419477,334.816
0.279428817,336.243
0.279438146,335.850
0.279447469,335.608
0.279456793,335.680
0.279466092,334.761
0.279475427,336.037
0.279484722,334.645
0.279494049,335.773
0.279503346,334.695
0.279512665,335.480
0.279521966,334.817
0.279531324,336.893
0.279540648,335.662
0.279549973,335.687
0.279559288,335.346
0.279568614,335.745
0.279577936,335.595
0.279587233,334.698
0.279596558,335.692
0.279605856,334.714
0.279615151,334.634
0.279624457,335.020
0.279633765,335.103
0.279643066,334.805
0.279652419,336.710
0.279661741,335.601
0.279671064,335.648
0.279680365,334.807
0.279689662,334.716
0.279698958,334.634
0.279708258,334.822
0.279717554,334.646
0.279726864,335.145
0.279736161,334.711
0.279745476,335.344
0.279754803,335.762
0.279764098,334.630
0.279773411,335.249
0.279782762,336.638
0.279792095,336.013
0.279801417,335.584
0.279810744,335.757
0.279820061,335.426
0.279829409,336.512
0.279838709,334.815
0.279848022,335.268
0.279857323,334.819
0.279866644,335.582
0.279875944,334.800
0.279885271,335.758
0.279894567,334.647
0.279903864,334.695
0.279913189,335.692
0.279922486,334.716
0.279931808,335.594
0.279941135,335.760
0.279950430,334.628
0.279959752,335.588
0.279969052,334.793
0.279978364,335.231
0.279987661,334.693
0.279996978,335.399
0.280006303,335.708
0.280015637,336.018
0.280024935,334.738
0.280034247,335.252
0.280043574,335.771
0.280052872,334.696
0.280062189,335.412
0.280071515,335.765
0.280080811,334.639
0.280090135,335.663
0.280099433,334.726
0.280108765,335.964
0.280118062,334.675
0.280127389,335.780
0.280136687,334.727
0.280146012,335.721
0.280155320,335.058
0.280164642,335.617
0.280173945,334.907
0.280183252,335.039
0.280192603,336.648
0.280201930,335.770
0.280211266,336.085
0.280220589,335.642
0.280229914,335.693
0.280239232,335.455
0.280248528,334.639
0.280257857,335.835
0.280267179,335.590
0.280276515,336.118
0.280285821,335.030
0.280295118,334.665
0.280304418,334.818
0.280313740,335.597
0.280323038,334.714
0.280332389,336.636
0.280341729,336.247
0.280351026,334.672
0.280360330,334.974
0.280369628,334.704
0.280378959,335.937
0.280388267,335.072
0.280397598,335.925
0.280406906,335.066
0.280416258,336.675
0.280425555,334.714
0.280434881,335.738
0.280444203,335.597
0.280453537,336.001
0.280462835,334.742
0.280472156,335.545
0.280481518,337.031
0.280490845,335.774
0.280500155,335.176
0.280509480,335.669
0.280518779,334.794
0.280528075,334.644
0.280537398,335.644
0.280546742,336.369
0.280556042,334.801
0.280565393,336.640
0.280574721,335.791
0.280584043,335.595
0.280593376,335.995
0.280602673,334.701
0.280611982,335.120
0.280621335,336.709
0.280630631,334.639
0.280639955,335.671
0.280649281,335.752
0.280658579,334.725
0.280667875,334.635
0.280677201,335.760
0.280686498,334.696
0.280695797,334.735
0.280705120,335.631
0.280714415,334.634
0.280723715,334.814
0.280733023,335.055
0.280742320,334.717
0.280751620,334.795
0.280760955,336.073
0.280770292,336.114
0.280779617,335.691
0.280788914,334.715
0.280798236,335.590
0.280807539,334.909
0.280816852,335.250
0.280826205,336.728
0.280835502,334.682
0.280844825,335.631
0.280854179,336.732
0.280863527,336.538
0.280872825,334.716
0.280882123,334.739
0.280891447,335.661
0.280900743,334.637
0.280910052,335.150
0.280919350,334.704
0.280928657,335.065
0.280937984,335.764
0.280947279,334.636
0.280956587,335.076
0.280965886,334.758
0.280975183,334.716
0.280984483,334.794
0.280993805,335.595
0.281003103,334.702
0.281012427,335.686
0.281021725,334.713
0.281031041,335.390
0.281040344,334.903
0.281049653,335.115
0.281058973,335.535
0.281068273,334.795
0.281077569,334.649
0.281086866,334.697
0.281096191,335.687
0.281105506,335.348
0.281114828,335.603
0.281124136,335.065
0.281133433,334.719
0.281142761,335.812
0.281152111,336.578
0.281161423,335.222
0.281170729,335.039
0.281180025,334.638
0.281189322,334.713
0.281198647,335.688
0.281207958,335.208
0.281217254,334.638
0.281226554,334.817
0.281235851,334.699
0.281245147,334.640
0.281254447,334.808
0.281263759,335.222
0.281273059,334.805
0.281282357,334.737
0.281291673,335.367
0.281301008,336.053
0.281310314,335.018
0.281319637,335.642
0.281328962,335.693
0.281338260,334.712
0.281347570,335.160
0.281356870,334.814
0.281366179,335.124
0.281375477,334.714
0.281384803,335.761
0.281394111,335.061
0.281403435,335.688
0.281412787,336.648
0.281422084,334.718
0.281431409,335.681
0.281440706,334.717
0.281450064,336.883
0.281459391,335.769
0.281468742,336.610
0.281478078,336.121
0.281487379,334.812
0.281496674,334.637
0.281505981,335.038
0.281515280,334.773
0.281524578,334.738
0.281533874,334.668
0.281543176,334.840
0.281552492,335.402
0.281561789,334.676
0.281571090,334.831
0.281580412,335.586
0.281589765,336.740
0.281599061,334.654
0.281608379,335.442
0.281617706,335.747
0.281627014,335.087
0.281636311,334.695
0.281645609,334.734
0.281654906,334.714
0.281664223,335.392
0.281673530,335.070
0.281682853,335.610
0.281692151,334.739
0.281701452,334.823
0.281710747,334.646
0.281720071,335.653
0.281729396,335.695
0.281738715,335.497
0.281748041,335.706
0.281757390,336.580
0.281766706,335.382
0.281776006,334.811
0.281785303,334.692
0.281794599,334.642
0.281803904,334.986
0.281813200,334.636
0.281822497,334.708
0.281831821,335.677
0.281841119,334.716
0.281850441,335.591
0.281859741,334.811
0.281869065,335.647
0.281878390,335.695
0.281887687,334.711
0.281897002,335.317
0.281906302,334.819
0.281915598,334.634
0.281924915,335.442
0.281934215,334.790
0.281943511,334.659
0.281952809,334.730
0.281962108,334.750
0.281971435,335.771
0.281980743,335.089
0.281990043,334.819
0.281999339,334.634
0.282008636,334.715
0.282017937,334.827
0.282027276,336.207
0.282036574,334.726
0.282045873,334.765
0.282055188,335.341
0.282064514,335.710
0.282073812,334.742
0.282083150,336.154
0.282092450,334.816
0.282101747,334.701
0.282111043,334.650
0.282120370,335.763
0.282129665,334.636
0.282138963,334.714
0.282148293,335.894
0.282157617,335.664
0.282166939,335.583
0.282176240,334.816
0.282185537,334.697
0.282194862,335.698
0.282204162,334.803
0.282213491,335.856
0.282222821,335.869
0.282232154,336.009
0.282241461,335.032
0.282250788,335.783
0.282260110,335.606
0.282269408,334.695
0.282278706,334.744
0.282288004,334.709
0.282297310,335.049
0.282306637,335.769
0.282315933,334.635
0.282325257,335.670
0.282334557,334.791
0.282343879,335.593
0.282353214,336.068
0.282362547,335.974
0.282371844,334.716
0.282381142,334.728
0.282390466,335.666
0.282399783,335.413
0.282409110,335.767
0.282418434,335.644
0.282427768,336.043
0.282437078,335.147
0.282446373,334.644
0.282455671,334.722
0.282464997,335.733
0.282474313,335.377
0.282483639,335.743
0.282492945,335.012
0.282502251,335.020
0.282511559,335.075
0.282520857,334.727
0.282530152,334.633
0.282539453,334.814
0.282548775,335.591
0.282558072,334.717
0.282567399,335.748
0.282576742,336.366
0.282586051,335.109
0.282595378,335.763
0.282604675,334.707
0.282613970,334.634
0.282623297,335.766
0.282632593,334.633
0.282641919,335.764
0.282651216,334.698
0.282660528,335.229
0.282669831,334.899
0.282679127,334.647
0.282688425,334.715
0.282697749,335.681
0.282707047,334.717
0.282716342,334.638
0.282725695,336.717
0.282734993,334.697
0.282744300,335.056
0.282753602,334.899
0.282762914,335.231
0.282772255,336.277
0.282781581,335.721
0.282790879,334.719
0.282800208,335.840
0.282809504,334.675
0.282818802,334.711
0.282828126,335.684
0.282837424,334.714
0.282846719,334.629
0.282856046,335.755
0.282865368,335.591
0.282874692,335.665
0.282883991,334.791
0.282893350,336.894
0.282902655,334.982
0.282911954,334.783
0.282921279,335.686
0.282930578,334.761
0.282939876,334.751
0.282949172,334.637
0.282958473,334.827
0.282967771,334.731
0.282977102,335.938
0.282986430,335.787
0.282995726,334.663
0.283005023,334.711
0.283014321,334.729
0.283023633,335.226
0.283032941,335.074
0.283042241,334.815
0.283051539,334.711
0.283060843,334.960
0.283070145,334.847
0.283079441,334.673
0.283088739,334.723
0.283098063,335.685
0.283107379,335.374
0.283116706,335.742
0.283126028,335.598
0.283135354,335.735
0.283144652,334.740
0.283153951,334.771
0.283163273,335.588
0.283172574,334.816
0.283181869,334.639
0.283191179,335.168
0.283200505,335.737
0.283209817,335.208
0.283219125,335.084
0.283228424,334.789
0.283237740,335.384
0.283247048,335.065
0.283256345,334.713
0.283265677,335.928
0.283274985,335.084
0.283284333,336.542
0.283293650,335.395
0.283302950,334.805
0.283312308,336.897
0.283321629,335.543
0.283330948,335.487
0.283340267,335.492
0.283349563,334.665
0.283358872,335.114
0.283368199,335.788
0.283377495,334.655
0.283386822,335.774
0.283396118,334.640
0.283405418,334.819
0.283414776,336.886
0.283424100,335.663
0.283433400,334.787
0.283442708,335.107
0.283452006,334.694
0.283461304,334.741
0.283470601,334.714
0.283479947,336.442
0.283489277,335.864
0.283498618,336.291
0.283507926,335.078
0.283517226,334.801
0.283526539,335.282
0.283535839,334.806
0.283545161,335.567
0.283554475,335.307
0.283563799,335.685
0.283573109,335.147
0.283582404,334.632
0.283591731,335.766
0.283601031,334.779
0.283610327,334.660
0.283619628,334.838
0.283628971,336.346
0.283638269,334.724
0.283647567,334.732
0.283656884,335.409
0.283666205,335.574
0.283675506,334.830
0.283684803,334.699
0.283694128,335.689
0.283703452,335.667
0.283712747,334.636
0.283722048,334.807
0.283731370,335.592
0.283740667,334.715
0.283749967,334.802
0.283759263,334.653
0.283768587,335.648
0.283777885,334.739
0.283787182,334.708
0.283796504,335.588
0.283805805,334.818
0.283815100,334.634
0.283824408,335.088
0.283833711,334.887
0.283843007,334.654
0.283852307,334.814
0.283861612,334.996
0.283870937,335.673
0.283880255,335.476
0.283889555,334.772
0.283898877,335.595
0.283908190,335.272
0.283917488,334.740
0.283926797,335.128
0.283936151,336.722
0.283945461,335.184
0.283954759,334.718
0.283964057,334.729
0.283973381,335.674
0.283982703,335.589
0.283992004,334.815
0.284001327,335.647
0.284010626,334.745
0.284019950,335.664
0.284029272,335.590
0.284038572,334.815
0.284047894,335.591
0.284057218,335.663
0.284066573,336.781
0.284075869,334.657
0.284085166,334.705
0.284094465,334.746
0.284103789,335.670
0.284113122,335.969
0.284122422,334.818
0.284131717,334.631
0.284141018,334.815
0.284150315,334.695
0.284159611,334.660
0.284168922,335.208
0.284178218,334.649
0.284187543,335.677
0.284196867,335.687
0.284206201,336.016
0.284215523,335.582
0.284224849,335.754
0.284234209,336.947
0.284243557,336.541
0.284252857,334.805
0.284262170,335.253
0.284271468,334.718
0.284280766,334.734
0.284290063,334.718
0.284299372,335.122
0.284308707,336.039
0.284318046,336.207
0.284327345,334.773
0.284336644,334.746
0.284345953,335.127
0.284355280,335.791
0.284364603,335.611
0.284373963,336.975
0.284383290,335.781
0.284392587,334.672
0.284401910,335.649
0.284411262,336.642
0.284420559,334.714
0.284429886,335.745
0.284439203,335.433
0.284448526,335.609
0.284457853,335.805
0.284467191,336.138
0.284476487,334.672
0.284485820,335.973
0.284495142,335.591
0.284504467,335.704
0.284513791,335.682
0.284523115,335.670
0.284532445,335.856
0.284541767,335.612
0.284551082,335.337
0.284560415,335.969
0.284569739,335.672
0.284579034,334.634
0.284588361,335.771
0.284597657,334.634
0.284606954,334.718
0.284616307,336.692
0.284625603,334.646
0.284634900,334.693
0.284644232,335.949
0.284653548,335.404
0.284662854,334.990
0.284672181,335.788
0.284681503,335.597
0.284690830,335.770
0.284700139,335.111
0.284709471,335.966
0.284718802,335.913
0.284728098,334.658
0.284737419,335.539
0.284746744,335.695
0.284756042,334.740
0.284765390,336.537
0.284774691,334.839
0.284783989,334.703
0.284793284,334.651
0.284802585,334.810
0.284811880,334.633
0.284821207,335.781
0.284830529,335.581
0.284839853,335.670
0.284849179,335.745
0.284858487,335.073
0.284867799,335.232
0.284877124,335.687
0.284886421,334.720
0.284895743,335.591
0.284905070,335.769
0.284914381,335.188
0.284923704,335.613
0.284933004,334.794
0.284942316,335.252
0.284951640,335.646
0.284960935,334.625
0.284970250,335.340
0.284979566,335.398
0.284988865,334.762
0.284998186,335.552
0.285007487,334.819
0.285016799,335.260
0.285026100,334.811
0.285035395,334.631
0.285044693,334.711
0.285054019,335.735
0.285063314,334.641
0.285072611,334.692
0.285081910,334.743
0.285091207,334.716
0.285100524,335.402
0.285109851,335.768
0.285119146,334.635
0.285128444,334.714
0.285137747,334.922
0.285147058,335.176
0.285156391,335.989
0.285165715,335.686
0.285175058,336.344
0.285184405,336.495
0.285193704,334.769
0.285203017,335.240
0.285212327,335.154
0.285221660,335.989
0.285230958,334.739
0.285240265,335.046
0.285249560,334.638
0.285258884,335.672
0.285268183,334.737
0.285277481,334.725
0.285286776,334.634
0.285296103,335.764
0.285305400,334.697
0.285314722,335.592
0.285324022,334.802
0.285333362,336.233
0.285342723,337.017
0.285352044,335.538
0.285361342,334.719
0.285370641,334.793
0.285379949,335.078
0.285389246,334.695
0.285398571,335.692
0.285407869,334.713
0.285417214,336.420
0.285426514,334.809
0.285435809,334.630
0.285445131,335.598
0.285454488,336.845
0.285463811,335.625
0.285473139,335.806
0.285482461,335.603
0.285491779,335.442
0.285501111,335.935
0.285510459,336.530
0.285519754,334.638
0.285529055,334.812
0.285538352,334.700
0.285547674,335.598
0.285556974,334.804
0.285566311,336.143
0.285575634,335.614
0.285584932,334.726
0.285594275,336.346
0.285603575,334.793
0.285612870,334.647
0.285622168,334.702
0.285631466,334.741
0.285640764,334.713
0.285650075,335.203
0.285659375,334.818
0.285668671,334.626
0.285677995,335.668
0.285687294,334.792
0.285696590,334.645
0.285705900,335.167
0.285715225,335.698
0.285724523,334.716
0.285733830,335.059
0.285743142,335.233
0.285752449,335.034
0.285761748,334.779
0.285771102,336.731
0.285780424,335.594
0.285789725,334.844
0.285799048,335.620
0.285808345,334.714
0.285817671,335.712
0.285826970,334.781
0.285836266,334.646
0.285845567,334.837
0.285854876,335.123
0.285864175,334.766
0.285873476,334.833
0.285882772,334.667
0.285892095,335.621
0.285901393,334.731
0.285910691,334.729
0.285919987,334.652
0.285929288,334.823
0.285938630,336.312
0.285947982,336.672
0.285957279,334.715
0.285966576,334.669
0.285975876,334.820
0.285985198,335.592
0.285994496,334.715
0.286003856,336.951
0.286013168,335.265
0.286022493,335.679
0.286031808,335.332
0.286041122,335.328
0.286050419,334.670
0.286059747,335.800
0.286069042,334.637
0.286078343,334.819
0.286087666,335.646
0.286096962,334.645
0.286106262,334.808
0.286115569,335.040
0.286124866,334.712
0.286134191,335.685
0.286143515,335.674
0.286152837,335.584
0.286162137,334.815
0.286171449,335.226
0.286180756,335.066
0.286190083,335.764
0.286199395,335.230
0.286208729,336.022
0.286218054,335.693
0.286227352,334.713
0.286236678,335.749
0.286246014,336.091
0.286255380,337.171
0.286264678,334.745
0.286273976,334.712
0.286283271,334.639
0.286292609,336.148
0.286301948,336.220
0.286311246,334.736
0.286320546,334.790
0.286329842,334.649
0.286339139,334.699
0.286348464,335.690
0.286357788,335.658
0.286367112,335.682
0.286376410,334.712
0.286385758,336.531
0.286395111,336.713
0.286404434,335.646
0.286413752,335.438
0.286423083,335.915
0.286432379,334.640
0.286441688,335.135
0.286451012,335.684
0.286460353,336.253
0.286469658,334.994
0.286478985,335.780
0.286488285,334.775
0.286497610,335.698
0.286506908,334.725
0.286516230,335.593
0.286525530,334.818
0.286534826,334.636
0.286544145,335.485
0.286553444,334.786
0.286562792,336.514
0.286572090,334.739
0.286581394,334.940
0.286590708,335.322
0.286600031,335.613
0.286609366,336.063
0.286618680,335.305
0.286628007,335.761
0.286637314,335.047
0.286646636,335.595
0.286655962,335.759
0.286665308,336.456
0.286674606,334.709
0.286683957,336.638
0.286693281,335.667
0.286702577,334.635
0.286711883,335.019
0.286721200,335.433
0.286730496,334.644
0.286739825,335.862
0.286749140,335.318
0.286758437,334.719
0.286767736,334.730
0.286777078,336.336
0.286786386,335.068
0.286795681,334.644
0.286804978,334.693
0.286814303,335.693
0.286823601,334.715
0.286832918,335.412
0.286842218,334.814
0.286851528,335.154
0.286860826,334.729
0.286870126,334.815
0.286879437,335.196
0.286888735,334.712
0.286898033,334.737
0.286907331,334.714
0.286916626,334.635
0.286925980,336.722
0.286935320,336.249
0.286944628,335.101
0.286953925,334.697
0.286963241,335.361
0.286972571,335.873
0.286981868,334.708
0.286991167,334.740
0.287000465,334.732
0.287009803,336.167
0.287019134,335.926
0.287028434,334.807
0.287037758,335.644
0.287047079,335.586
0.287056380,334.802
0.287065675,334.634
0.287074975,334.815
0.287084271,334.629
0.287093587,335.393
0.287102887,334.788
0.287112182,334.641
0.287121503,335.527
0.287130802,334.764
0.287140100,334.747
0.287149417,335.426
0.287158719,334.842
0.287168040,335.580
0.287177338,334.719
0.287186664,335.752
0.287195987,335.597
0.287205284,334.690
0.287214583,334.791
0.287223890,335.054
0.287233187,334.678
0.287242485,334.725
0.287251807,335.605
0.287261137,335.869
0.287270461,335.664
0.287279784,335.625
0.287289112,335.798
0.287298407,334.642
0.287307727,335.531
0.287317079,336.673
0.287326377,334.722
0.287335674,334.664
0.287345001,335.797
0.287354299,334.710
0.287363595,334.671
0.287372922,335.775
0.287382218,334.636
0.287391518,334.810
0.287400823,335.000
0.287410131,335.055
0.287419431,334.815
0.287428728,334.691
0.287438025,334.702
0.287447330,334.954
0.287456627,334.709
0.287465922,334.636
0.287475231,335.105
0.287484526,334.638
0.287493824,334.719
0.287503124,334.793
0.287512435,335.199
0.287521758,335.643
0.287531083,335.696
0.287540381,334.714
0.287549676,334.631
0.287558977,334.812
0.287568289,335.253
0.287577589,334.809
0.287586887,334.698
0.287596202,335.360
0.287605506,334.927
0.287614813,335.082
0.287624112,334.738
0.287633437,335.715
0.287642735,334.731
0.287652031,334.660
0.287661336,334.966
0.287670682,336.468
0.287680043,336.975
0.287689397,336.752
0.287698738,336.267
0.287708047,335.153
0.287717345,334.716
0.287726643,334.735
0.287735996,336.697
0.287745327,335.931
0.287754651,335.645
0.287763954,334.912
0.287773278,335.667
0.287782624,336.452
0.287791924,334.816
0.287801240,335.344
0.287810564,335.666
0.287819916,336.696
0.287829257,336.259
0.287838558,334.855
0.287847854,334.633
0.287857151,334.716
0.287866449,334.724
0.287875809,336.966
0.287885105,334.634
0.287894432,335.763
0.287903729,334.700
0.287913025,334.653
0.287922351,335.761
0.287931647,334.633
0.287940944,334.710
0.287950269,335.690
0.287959569,334.791
0.287968892,335.636
0.287978229,336.122
0.287987552,335.649
0.287996851,334.736
0.288006174,335.660
0.288015470,334.636
0.288024770,334.808
0.288034089,335.470
0.288043400,335.210
0.288052757,336.847
0.288062115,336.894
0.288071439,335.644
0.288080763,335.687
0.288090061,334.714
0.288099383,335.582
0.288108683,334.808
0.288117978,334.628
0.288127278,334.810
0.288136575,334.681
0.288145892,335.398
0.288155193,334.840
0.288164515,335.592
0.288173834,335.487
0.288183132,334.739
0.288192456,335.668
0.288201780,335.656
0.288211107,335.789
0.288220405,334.699
0.288229746,336.289
0.288239074,335.804
0.288248403,335.835
0.288257706,334.912
0.288267028,335.613
0.288276326,334.724
0.288285626,334.799
0.288294922,334.652
0.288304246,335.656
0.288313544,334.749
0.288322842,334.713
0.288332137,334.636
0.288341438,334.816
0.288350733,334.633
0.288360031,334.719
0.288369357,335.746
0.288378668,335.202
0.288387966,334.697
0.288397290,335.697
0.288406588,334.718
0.288415883,334.632
0.288425184,334.811
0.288434542,336.888
0.288443869,335.763
0.288453168,334.791
0.288462512,336.365
0.288471816,334.963
0.288481125,335.115
0.288490449,335.664
0.288499747,334.738
0.288509087,336.224
0.288518393,335.034
0.288527721,335.799
0.288537018,334.701
0.288546341,335.596
0.288555667,335.767
0.288564981,335.299
0.288574281,334.804
0.288583577,334.630
0.288592874,334.713
0.288602174,334.791
0.288611469,334.634
0.288620766,334.691
0.288630065,334.742
0.288639389,335.666
0.288648684,334.621
0.288657985,334.857
0.288667281,334.636
0.288676578,334.709
0.288685904,335.742
0.288695209,334.980
0.288704508,334.733
0.288713806,334.748
0.288723105,334.749
0.288732430,335.713
0.288741728,334.718
0.288751024,334.661
0.288760327,334.909
0.288769636,335.112
0.288778932,334.667
0.288788255,335.633
0.288797551,334.657
0.288806872,335.535
0.288816174,334.893
0.288825473,334.754
0.288834792,335.483
0.288844148,336.817
0.288853445,334.705
0.288862767,335.570
0.288872093,335.759
0.288881407,335.285
0.288890715,335.108
0.288900011,334.634
0.288909328,335.420
0.288918654,335.739
0.288927976,335.594
0.288937343,337.219
0.288946673,335.859
0.288956018,336.429
0.288965313,334.632
0.288974616,334.888
0.288983930,335.329
0.288993228,334.711
0.289002528,334.814
0.289011850,335.588
0.289021177,335.758
0.289030535,336.895
0.289039849,335.289
0.289049173,335.681
0.289058483,335.166
0.289067801,335.430
0.289077128,335.798
0.289086440,335.208
0.289095735,334.641
0.289105065,335.863
0.289114387,335.590
0.289123685,334.717
0.289133009,335.681
0.289142333,335.661
0.289151633,334.792
0.289160991,336.899
0.289170288,334.695
0.289179615,335.761
0.289188963,336.541
0.289198295,335.933
0.289207621,335.765
0.289216917,334.630
0.289226238,335.569
0.289235564,335.736
0.289244886,335.599
0.289254183,334.691
0.289263508,335.693
0.289272850,336.312
0.289282201,336.629
0.289291525,335.668
0.289300836,335.194
0.289310136,334.798
0.289319433,334.696
0.289328750,335.418
0.289338068,335.438
0.289347390,335.613
0.289356689,334.735
0.289366022,336.008
0.289375374,336.662
0.289384670,334.641
0.289393997,335.772
0.289403294,334.701
0.289412619,335.694
0.289421916,334.712
0.289431214,334.718
0.289440515,334.841
0.289449863,336.538
0.289459182,335.483
0.289468509,335.748
0.289477804,334.645
0.289487101,334.693
0.289496399,334.734
0.289505718,335.467
0.289515038,335.511
0.289524364,335.760
0.289533660,334.641
0.289542984,335.668
0.289552285,334.816
0.289561580,334.645
0.289570889,335.112
0.289580211,335.588
0.289589508,334.712
0.289598806,334.723
0.289608104,334.710
0.289617399,334.645
0.289626711,335.212
0.289636036,335.689
0.289645394,336.903
0.289654700,335.023
0.289664022,335.590
0.289673322,334.804
0.289682621,334.740
0.289691935,335.333
0.289701231,334.634
0.289710558,335.770
0.289719881,335.656
0.289729233,336.640
0.289738557,335.661
0.289747852,334.640
0.289757153,334.817
0.289766448,334.639
0.289775746,334.717
0.289785072,335.745
0.289794368,334.650
0.289803691,335.642
0.289812989,334.731
0.289822287,334.705
0.289831607,335.528
0.289840907,334.813
0.289850220,335.247
0.289859517,334.709
0.289868817,334.787
0.289878156,336.220
0.289887458,334.862
0.289896782,335.665
0.289906101,335.498
0.289915402,334.833
0.289924701,334.751
0.289934011,335.159
0.289943312,334.828
0.289952609,334.702
0.289961928,335.487
0.289971232,334.925
0.289980527,334.635
0.289989835,335.107
0.289999160,335.682
0.290008484,335.663
0.290017793,335.117
0.290027088,334.647
0.290036448,336.955
0.290045773,335.681
0.290055098,335.699
0.290064393,334.640
0.290073694,334.815
0.290082989,334.625
0.290092336,336.483
0.290101639,334.931
0.290110961,335.600
0.290120259,334.695
0.290129557,334.739
0.290138881,335.661
0.290148203,335.585
0.290157539,336.096
0.290166861,335.624
0.290176189,335.789
0.290185496,335.046
0.290194792,334.678
0.290204120,335.781
0.290213442,335.618
0.290222763,335.540
0.290232066,334.908
0.290241364,334.739
0.290250660,334.658
0.290259987,335.774
0.290269305,335.446
0.290278628,335.601
0.290287928,334.808
0.290297223,334.637
0.290306550,335.769
0.290315872,335.590
0.290325170,334.718
0.290334496,335.749
0.290343792,334.645
0.290353089,334.692
0.290362414,335.694
0.290371711,334.717
0.290381007,334.633
0.290390311,334.964
0.290399607,334.635
0.290408907,334.821
0.290418234,335.762
0.290427592,336.902
0.290436916,335.649
0.290446233,335.412
0.290455553,335.507
0.290464852,334.768
0.290474150,334.722
0.290483489,336.201
0.290492790,334.849
0.290502099,335.139
0.290511396,334.674
0.290520696,334.819
0.290530005,335.119
0.290539326,335.537
0.290548650,335.680
0.290557990,336.219
0.290567310,335.534
0.290576637,335.757
0.290585934,334.698
0.290595259,335.694
0.290604592,336.021
0.290613888,334.636
0.290623196,335.087
0.290632491,334.632
0.290641815,335.670
0.290651118,334.884
0.290660463,336.425
0.290669760,334.699
0.290679058,334.738
0.290688356,334.713
0.290697702,336.455
0.290707004,334.895
0.290716316,335.217
0.290725666,336.609
0.290734992,335.742
0.290744325,335.983
0.290753627,334.860
0.290762933,335.016
0.290772251,335.433
0.290781552,334.835
0.290790861,335.155
0.290800183,335.580
0.290809510,335.759
0.290818807,334.700
0.290828126,335.490
0.290837462,336.101
0.290846784,335.588
0.290856082,334.716
0.290865388,335.014
0.290874729,336.300
0.290884029,334.792
0.290893326,334.705
0.290902643,335.405
0.290911942,334.747
0.290921264,335.598
0.290930559,334.635
0.290939860,334.811
0.290949155,334.635
0.290958466,335.201
0.290967792,335.742
0.290977136,336.362
0.290986444,335.107
0.290995745,334.818
0.291005061,335.374
0.291014357,334.663
0.291023658,334.821
0.291032954,334.680
0.291042282,335.807
0.291051606,335.654
0.291060902,334.642
0.291070228,335.767
0.291079524,334.637
0.291088822,334.717
0.291098123,334.861
0.291107444,335.544
0.291116739,334.631
0.291126040,334.817
0.291135340,334.796
0.291144662,335.606
0.291153969,335.059
0.291163308,336.179
0.291172605,334.715
0.291181903,334.721
0.291191201,334.714
0.291200501,334.796
0.291209823,335.592
0.291219120,334.700
0.291228444,335.686
0.291237766,335.586
0.291247083,335.395
0.291256383,334.808
0.291265718,336.066
0.291275016,334.718
0.291284343,335.762
0.291293689,336.463
0.291302986,334.719
0.291312311,335.696
0.291321609,334.716
0.291330931,335.590
0.291340231,334.815
0.291349527,334.634
0.291358827,334.816
0.291368124,334.697
0.291377466,336.311
0.291386796,335.852
0.291396130,336.051
0.291405428,334.724
0.291414726,334.730
0.291424024,334.711
0.291433319,334.637
0.291442646,335.767
0.291451944,334.737
0.291461265,335.549
0.291470573,335.097
0.291479886,335.257
0.291489213,335.775
0.291498509,334.633
0.291507806,334.711
0.291517159,336.692
0.291526454,334.648
0.291535752,334.698
0.291545082,335.908
0.291554380,334.713
0.291563696,335.368
0.291572997,334.860
0.291582294,334.666
0.291591618,335.683
0.291600919,334.819
0.291610234,335.363
0.291619531,334.692
0.291628839,335.069
0.291638155,335.389
0.291647454,334.759
0.291656779,335.703
0.291666075,334.652
0.291675404,335.852
0.291684702,334.731
0.291694026,335.642
0.291703326,334.821
0.291712649,335.608
0.291721946,334.711
0.291731271,335.687
0.291740568,334.713
0.291749864,334.627
0.291759190,335.759
0.291768487,334.697
0.291777809,335.560
0.291787109,334.805
0.291796431,335.585
0.291805731,334.818
0.291815026,334.635
0.291824370,336.360
0.291833670,334.797
0.291842992,335.609
0.291852290,334.724
0.291861620,335.894
0.291870921,334.814
0.291880217,334.647
0.291889517,334.822
0.291898834,335.392
0.291908131,334.721
0.291917460,335.825
0.291926782,335.588
0.291936105,335.629
0.291945403,334.732
0.291954701,334.713
0.291963999,334.731
0.291973323,335.668
0.291982664,336.301
0.291991965,334.804
0.292001262,334.700
0.292010579,335.407
0.292019883,334.956
0.292029205,335.584
0.292038502,334.717
0.292047804,334.853
0.292057116,335.250
0.292066423,335.041
0.292075757,336.023
0.292085080,335.641
0.292094376,334.651
0.292103677,334.827
0.292113018,336.280
0.292122322,334.927
0.292131628,335.032
0.292140935,335.029
0.292150235,334.828
0.292159531,334.657
0.292168828,334.695
0.292178153,335.689
0.292187451,334.711
0.292196746,334.635
0.292206047,334.816
0.292215342,334.633
0.292224640,334.721
0.292233939,334.785
0.292243278,336.197
0.292252575,334.694
0.292261874,334.741
0.292271171,334.717
0.292280469,334.732
0.292289767,334.713
0.292299089,335.581
0.292308389,334.805
0.292317686,334.696
0.292326982,334.646
0.292336282,334.810
0.292345630,336.540
0.292354941,335.199
0.292364242,334.809
0.292373540,334.739
0.292382859,335.501
0.292392189,335.869
0.292401495,335.035
0.292410793,334.718
0.292420121,335.813
0.292429417,334.637
0.292438726,335.132
0.292448058,335.954
0.292457376,335.430
0.292466702,335.747
0.292475998,334.647
0.292485295,334.706
0.292494646,336.639
0.292503958,335.211
0.292513253,334.638
0.292522554,334.817
0.292531864,335.178
0.292541199,336.073
0.292550499,334.790
0.292559795,334.652
0.292569118,335.642
0.292578417,334.746
0.292587758,336.297
0.292597083,335.681
0.292606394,335.199
0.292615690,334.645
0.292625017,335.765
0.292634350,335.987
0.292643694,336.411
0.292653027,335.964
0.292662322,334.642
0.292671639,335.405
0.292680938,334.753
0.292690236,334.723
0.292699532,334.680
0.292708843,335.173
0.292718140,334.701
0.292727465,335.695
0.292736762,334.713
0.292746104,336.295
0.292755404,334.819
0.292764700,334.637
0.292774039,336.200
0.292783339,334.795
0.292792634,334.651
0.292801958,335.644
0.292811256,334.739
0.292820580,335.665
0.292829902,335.583
0.292839229,335.759
0.292848527,334.726
0.292857835,335.094
0.292867161,335.762
0.292876457,334.642
0.292885767,335.149
0.292895089,335.584
0.292904386,334.706
0.292913687,334.824
0.292923011,335.668
0.292932306,334.634
0.292941611,334.992
0.292950909,334.707
0.292960228,335.490
0.292969528,334.817
0.292978851,335.597
0.292988211,336.965
0.292997543,335.974
0.293006841,334.712
0.293016193,336.691
0.293025489,334.639
0.293034786,334.699
0.293044092,335.015
0.293053401,335.115
0.293062744,336.335
0.293072044,334.816
0.293081362,335.451
0.293090717,336.790
0.293100045,335.792
0.293109341,334.652
0.293118665,335.682
0.293128000,336.061
0.293137298,334.719
0.293146623,335.707
0.293155922,334.745
0.293165260,336.194
0.293174588,335.786
0.293183897,335.132
0.293193193,334.645
0.293202499,335.024
0.293211795,334.638
0.293221092,334.709
0.293230409,335.427
0.293239708,334.747
0.293249012,334.950
0.293258313,334.844
0.293267638,335.689
0.293276959,335.550
0.293286259,334.807
0.293295600,336.260
0.293304900,334.816
0.293314205,334.986
0.293323503,334.715
0.293332803,334.806
0.293342125,335.598
0.293351449,335.676
0.293360774,335.698
0.293370085,335.194
0.293379394,335.109
0.293388721,335.760
0.293398016,334.633
0.293407314,334.714
0.293416613,334.792
0.293425935,335.592
0.293435233,334.702
0.293444566,335.989
0.293453863,334.713
0.293463161,334.735
0.293472486,335.698
0.293481798,335.216
0.293491099,334.842
0.293500397,334.717
0.293509719,335.612
0.293519031,335.216
0.293528327,334.674
0.293537625,334.724
0.293546924,334.766
0.293556237,335.239
0.293565570,336.013
0.293574897,335.768
0.293584197,334.783
0.293593519,335.589
0.293602819,334.818
0.293612115,334.637
0.293621415,334.817
0.293630736,335.558
0.293640050,335.303
0.293649350,334.791
0.293658657,335.066
0.293667954,334.690
0.293677252,334.739
0.293686573,335.535
0.293695891,335.440
0.293705191,334.809
0.293714522,335.925
0.293723820,334.716
0.293733120,334.789
0.293742431,335.224
0.293751728,334.693
0.293761028,334.775
0.293770352,335.664
0.293779668,335.374
0.293788993,335.717
0.293798331,336.175
0.293807633,334.853
0.293816969,336.111
0.293826267,334.715
0.293835594,335.778
0.293844916,335.587
0.293854237,335.565
0.293863588,336.632
0.293872928,336.251
0.293882223,334.629
0.293891524,334.811
0.293900821,334.691
0.293910145,335.687
0.293919443,334.712
0.293928738,334.636
0.293938039,334.815
0.293947334,334.633
0.293956658,335.669
0.293965985,335.749
0.293975281,334.652
0.293984578,334.691
0.293993876,334.740
0.294003200,335.664
0.294012522,335.592
0.294021849,335.764
0.294031160,335.212
0.294040484,335.663
0.294049837,336.697
0.294059177,336.232
0.294068488,335.223
0.294077795,335.047
0.294087093,334.730
0.294096424,335.909
0.294105761,336.130
0.294115092,335.925
0.294124425,335.967
0.294133722,334.703
0.294143069,336.476
0.294152369,334.807
0.294161691,335.593
0.294171015,335.664
0.294180366,336.629
0.294189682,335.395
0.294198990,335.071
0.294208323,336.001
0.294217620,334.700
0.294226919,334.742
0.294236229,335.171
0.294245542,335.264
0.294254870,335.802
0.294264166,334.670
0.294273488,335.590
0.294282815,335.758
0.294292111,334.668
0.294301409,334.718
0.294310707,334.749
0.294320009,334.859
0.294329308,334.763
0.294338628,335.523
0.294347944,335.379
0.294357273,335.829
0.294366570,334.710
0.294375893,335.633
0.294385194,334.837
0.294394503,335.103
0.294403823,335.523
0.294413147,335.685
0.294422460,335.244
0.294431793,336.008
0.294441120,335.763
0.294450436,335.385
0.294459732,334.642
0.294469041,335.141
0.294478337,334.634
0.294487637,334.816
0.294496932,334.632
0.294506230,334.721
0.294515530,334.798
0.294524850,335.524
0.294534174,335.652
0.294543472,334.742
0.294552777,334.959
0.294562076,334.789
0.294571400,335.662
0.294580712,335.210
0.294590020,335.081
0.294599344,335.671
0.294608702,336.903
0.294618057,336.764
0.294627364,335.049
0.294636662,334.746
0.294645963,334.846
0.294655307,336.375
0.294664603,334.631
0.294673903,334.816
0.294683218,335.347
0.294692543,335.693
0.294701867,335.665
0.294711189,335.592
0.294720516,335.760
0.294729823,335.071
0.294739135,335.221
0.294748487,336.695
0.294757809,335.592
0.294767107,334.697
0.294776405,334.742
0.294785706,334.820
0.294795026,335.547
0.294804335,335.114
0.294813674,336.214
0.294823001,335.766
0.294832325,335.649
0.294841640,335.353
0.294850970,335.858
0.294860265,334.631
0.294869577,335.238
0.294878902,335.689
0.294888232,335.894
0.294897530,334.709
0.294906831,334.840
0.294916129,334.750
0.294925425,334.646
0.294934726,334.851
0.294944048,335.588
0.294953372,335.667
0.294962670,334.732
0.294971968,334.723
0.294981277,335.126
0.294990583,335.012
0.294999907,335.643
0.295009231,335.693
0.295018559,335.776
0.295027903,336.390
0.295037207,334.969
0.295046517,335.153
0.295055841,335.667
0.295065170,335.841
0.295074482,335.231
0.295083806,335.652
0.295093104,334.736
0.295102402,334.714
0.295111726,335.684
0.295121034,335.079
0.295130356,335.580
0.295139683,335.767
0.295148980,334.698
0.295158302,335.597
0.295167602,334.821
0.295176932,335.848
0.295186255,335.630
0.295195553,334.737
0.295204851,334.718
0.295214146,334.629
0.295223446,334.814
0.295232743,334.701
0.295242041,334.711
0.295251345,334.959
0.295260659,335.284
0.295269986,335.770
0.295279333,336.497
0.295288651,335.434
0.295297950,334.792
0.295307272,335.596
0.295316591,335.475
0.295325916,335.694
0.295335214,334.716
0.295344535,335.583
0.295353889,336.716
0.295363184,334.636
0.295372482,334.717
0.295381808,335.739
0.295391104,334.654
0.295400404,334.810
0.295409736,335.938
0.295419060,335.659
0.295428358,334.731
0.295437655,334.714
0.295446971,335.374
0.295456273,334.852
0.295465593,335.524
0.295474918,335.711
0.295484220,334.865
0.295493542,335.585
0.295502866,335.669
0.295512198,335.945
0.295521531,336.012
0.295530826,334.629
0.295540127,334.816
0.295549424,334.695
0.295558749,335.683
0.295568046,334.708
0.295577357,335.212
0.295586658,334.814
0.295595953,334.636
0.295605277,335.667
0.295614577,334.796
0.295623899,335.595
0.295633223,335.644
0.295642525,334.868
0.295651822,334.711
0.295661118,334.634
0.295670418,334.813
0.295679740,335.585
0.295689063,335.651
0.295698390,335.761
0.295707732,336.324
0.295717040,335.078
0.295726336,334.664
0.295735677,336.261
0.295744979,334.865
0.295754277,334.720
0.295763572,334.631
0.295772877,334.985
0.295782174,334.697
0.295791493,335.472
0.295800793,334.813
0.295810115,335.584
0.295819412,334.709
0.295828710,334.723
0.295838008,334.710
0.295847303,334.631
0.295856630,335.761
0.295865927,334.692
0.295875225,334.739
0.295884523,334.713
0.295893818,334.635
0.295903118,334.807
0.295912425,335.042
0.295921770,336.433
0.295931070,334.793
0.295940373,334.907
0.295949684,335.197
0.295959013,335.834
0.295968338,335.693
0.295977634,334.655
0.295986935,334.827
0.295996231,334.666
0.296005576,336.416
0.296014877,334.847
0.296024200,335.623
0.296033530,335.874
0.296042826,334.653
0.296052124,334.748
0.296061422,334.738
0.296070720,334.710
0.296080063,336.364
0.296089364,334.815
0.296098661,334.697
0.296108033,337.390
0.296117333,334.810
0.296126645,335.209
0.296135954,335.136
0.296145305,336.639
0.296154603,334.742
0.296163939,336.087
0.296173237,334.723
0.296182536,334.758
0.296191835,334.776
0.296201145,335.140
0.296210440,334.640
0.296219741,334.815
0.296229062,335.583
0.296238373,335.201
0.296247677,334.928
0.296256973,334.644
0.296266296,335.650
0.296275595,334.747
0.296284893,334.728
0.296294210,335.421
0.296303511,334.848
0.296312833,335.588
0.296322134,334.821
0.296331457,335.638
0.296340769,335.242
0.296350096,335.756
0.296359415,335.503
0.296368728,335.244
0.296378030,334.869
0.296387341,335.194
0.296396676,336.054
0.296406005,335.852
0.296415323,335.449
0.296424618,334.644
0.296433926,335.089
0.296443222,334.633
0.296452546,335.667
0.296461844,334.729
0.296471160,335.381
0.296480486,335.739
0.296489808,335.594
0.296499105,334.703
0.296508404,334.746
0.296517702,334.724
0.296527019,335.414
0.296536319,334.814
0.296545628,335.126
0.296554966,336.144
0.296564295,335.845
0.296573591,334.658
0.296582889,334.740
0.296592188,334.767
0.296601503,335.337
0.296610798,334.634
0.296620099,334.821
0.296629413,335.293
0.296638716,334.903
0.296648040,335.664
0.296657382,336.334
0.296666683,334.812
0.296675978,334.638
0.296685302,335.665
0.296694600,334.732
0.296703924,335.667
0.296713220,334.637
0.296722520,334.808
0.296731817,334.700
0.296741138,335.541
0.296750473,336.052
0.296759768,334.636
0.296769066,334.713
0.296778387,335.566
0.296787701,335.322
0.296797001,334.800
0.296806323,335.596
0.296815621,334.696
0.296824948,335.805
0.296834246,334.720
0.296843568,335.576
0.296852896,335.803
0.296862206,335.186
0.296871507,334.804
0.296880807,334.809
0.296890129,335.602
0.296899453,335.648
0.296908752,334.762
0.296918049,334.710
0.296927347,334.730
0.296936707,336.964
0.296946019,335.207
0.296955345,335.755
0.296964642,334.695
0.296973952,335.167
0.296983257,334.957
0.296992552,334.627
0.297001863,335.188
0.297011161,334.729
0.297020494,336.014
0.297029841,336.468
0.297039175,336.038
0.297048489,335.314
0.297057814,335.692
0.297067138,335.661
0.297076450,335.241
0.297085751,334.813
0.297095097,336.469
0.297104397,334.796
0.297113716,335.493
0.297123013,334.674
0.297132339,335.744
0.297141639,334.813
0.297150965,335.706
0.297160260,334.637
0.297169563,334.901
0.297178858,334.638
0.297188156,334.712
0.297197456,334.794
0.297206751,334.644
0.297216087,336.090
0.297225383,334.633
0.297234680,334.722
0.297243979,334.733
0.297253287,335.108
0.297262582,334.629
0.297271883,334.808
0.297281179,334.689
0.297290497,335.422
0.297299802,334.979
0.297309119,335.435
0.297318417,334.715
0.297327742,335.690
0.297337045,334.917
0.297346373,335.807
0.297355669,334.668
0.297364993,335.665
0.297374345,336.677
0.297383644,334.740
0.297392940,334.654
0.297402308,337.265
0.297411605,334.673
0.297420903,334.741
0.297430204,334.823
0.297439526,335.605
0.297448823,334.693
0.297458148,335.690
0.297467445,334.712
0.297476778,335.981
0.297486076,334.718
0.297495414,336.162
0.297504714,334.812
0.297514023,335.132
0.297523341,335.427
0.297532650,335.144
0.297541946,334.635
0.297551270,335.667
0.297560594,335.680
0.297569921,335.763
0.297579217,334.647
0.297588571,336.770
0.297597887,335.346
0.297607211,335.693
0.297616535,335.644
0.297625831,334.649
0.297635131,334.817
0.297644438,335.049
0.297653757,335.472
0.297663079,335.616
0.297672377,334.707
0.297681675,334.717
0.297690979,334.967
0.297700277,334.722
0.297709600,335.623
0.297718927,335.778
0.297728268,336.281
0.297737592,335.668
0.297746945,336.696
0.297756267,335.597
0.297765567,334.810
0.297774889,335.592
0.297784187,334.714
0.297793485,334.732
0.297802812,335.762
0.297812156,336.405
0.297821483,335.769
0.297830801,335.446
0.297840121,335.528
0.297849422,334.801
0.297858717,334.638
0.297868041,335.661
0.297877339,334.728
0.297886636,334.712
0.297895945,335.090
0.297905240,334.647
0.297914564,335.651
0.297923889,335.685
0.297933186,334.710
0.297942482,334.638
0.297951789,335.077
0.297961087,334.707
0.297970407,335.541
0.297979711,334.935
0.297989021,335.177
0.297998330,335.116
0.298007655,335.698
0.298016953,334.718
0.298026274,335.562
0.298035577,334.900
0.298044890,335.274
0.298054191,334.819
0.298063488,334.700
0.298072783,334.642
0.298082086,334.884
0.298091393,335.047
0.298100690,334.717
0.298110019,335.819
0.298119343,335.667
0.298128664,335.580
0.298137991,335.764
0.298147309,335.440
0.298156629,335.525
0.298165929,334.811
0.298175270,336.275
0.298184597,335.766
0.298193893,334.638
0.298203208,335.337
0.298212568,336.972
0.298221883,335.359
0.298231181,334.728
0.298240480,334.736
0.298249802,335.591
0.298259098,334.654
0.298268401,334.916
0.298277723,335.599
0.298287021,334.718
0.298296320,334.786
0.298305616,334.644
0.298314939,335.639
0.298324265,335.730
0.298333563,334.714
0.298342887,335.688
0.298352185,334.713
0.298361480,334.633
0.298370780,334.807
0.298380077,334.687
0.298389415,336.148
0.298398721,335.022
0.298408066,336.414
0.298417390,335.659
0.298426688,334.732
0.298436000,335.239
0.298445295,334.626
0.298454596,334.821
0.298463939,336.352
0.298473287,336.533
0.298482587,334.806
0.298491883,334.637
0.298501212,335.856
0.298510534,335.612
0.298519875,336.250
0.298529202,335.775
0.298538498,334.649
0.298547795,334.693
0.298557093,334.743
0.298566391,334.717
0.298575710,335.478
0.298585010,334.819
0.298594341,335.924
0.298603639,334.720
0.298612939,334.790
0.298622297,336.893
0.298631606,335.126
0.298640902,334.637
0.298650199,334.716
0.298659497,334.728
0.298668795,334.710
0.298678116,335.581
0.298687449,335.979
0.298696786,336.110
0.298706081,334.643
0.298715408,335.760
0.298724745,336.121
0.298734051,335.017
0.298743357,335.037
0.298752655,334.735
0.298761978,335.620
0.298771306,335.792
0.298780623,335.410
0.298789923,334.794
0.298799230,335.058
0.298808572,336.323
0.298817900,335.813
0.298827220,335.501
0.298836518,334.725
0.298845844,335.741
0.298855154,335.156
0.298864477,335.654
0.298873776,334.746
0.298883109,336.013
0.298892415,335.008
0.298901716,334.817
0.298911038,335.589
0.298920364,335.765
0.298929688,335.655
0.298939047,336.901
0.298948347,334.808
0.298957681,336.029
0.298966982,334.825
0.298976311,335.863
0.298985609,334.723
0.298994904,334.636
0.299004231,335.765
0.299013529,334.703
0.299022835,335.039
0.299032135,334.805
0.299041431,334.639
0.299050755,335.665
0.299060053,334.744
0.299069398,336.415
0.299078725,335.762
0.299088021,334.649
0.299097318,334.707
0.299106617,334.748
0.299115914,334.721
0.299125263,336.542
0.299134563,334.805
0.299143858,334.635
0.299153182,335.652
0.299162509,335.786
0.299171806,334.678
0.299181128,335.604
0.299190428,334.773
0.299199755,335.789
0.299209054,334.759
0.299218378,335.682
0.299227690,335.224
0.299236991,334.816
0.299246288,334.704
0.299255605,335.396
0.299264905,334.807
0.299274200,334.635
0.299283524,335.665
0.299292849,335.683
0.299302161,335.232
0.299311492,335.928
0.299320792,334.806
0.299330106,335.279
0.299339403,334.714
0.299348730,335.776
0.299358045,335.314
0.299367372,335.796
0.299376668,334.640
0.299385966,334.730
0.299395292,335.754
0.299404588,334.650
0.299413885,334.691
0.299423210,335.698
0.299432510,334.806
0.299441832,335.595
0.299451133,334.825
0.299460449,335.384
0.299469747,334.719
0.299479049,334.871
0.299488364,335.339
0.299497661,334.692
0.299506959,334.741
0.299516283,335.665
0.299525608,335.688
0.299534932,335.664
0.299544227,334.633
0.299553535,335.058
0.299562882,336.506
0.299572199,335.419
0.299581526,335.769
0.299590822,334.638
0.299600119,334.707
0.299609417,334.746
0.299618735,335.449
0.299628058,335.629
0.299637386,335.776
0.299646683,334.696
0.299655979,334.651
0.299665277,334.750
0.299674591,335.314
0.299683919,335.776
0.299693265,336.476
0.299702589,335.669
0.299711916,335.747
0.299721237,335.586
0.299730561,335.645
0.299739859,334.747
0.299749157,334.720
0.299758479,335.589
0.299767780,334.821
0.299777118,336.181
0.299786416,334.720
0.299795742,335.752
0.299805038,334.643
0.299814339,334.845
0.299823634,334.635
0.299832932,334.708
0.299842230,334.731
0.299851539,335.127
0.299860834,334.629
0.299870161,335.762
0.299879458,334.702
0.299888821,337.049
0.299898150,335.863
0.299907453,334.896
0.299916753,334.806
0.299926078,335.709
0.299935376,334.720
0.299944698,335.588
0.299954025,335.777
0.299963339,335.307
0.299972638,334.740
0.299981935,334.719
0.299991246,335.196
0.300000547,334.821
0.300009842,334.635
0.300019162,335.492
0.300028461,334.793
0.300037757,334.642
0.300047054,334.695
0.300056379,335.686
0.300065676,334.716
0.300074972,334.634
0.300084325,336.711
0.300093620,334.635
0.300102918,334.723
0.300112244,335.742
0.300121558,335.304
0.300130892,336.003
0.300140188,334.686
0.300149513,335.698
0.300158838,335.699
0.300168163,335.702
0.300177501,336.157
0.300186808,335.055
0.300196148,336.242
0.300205474,335.731
0.300214772,334.734
0.300224090,335.420
0.300233390,334.819
0.300242712,335.591
0.300252010,334.711
0.300261309,334.797
0.300270620,335.195
0.300279918,334.700
0.300289216,334.743
0.300298514,334.718
0.300307809,334.634
0.300317110,334.813
0.300326405,334.637
0.300335732,335.764
0.300345029,334.704
0.300354344,335.342
0.300363677,335.963
0.300372996,335.497
0.300382294,334.723
0.300391618,335.685
0.300400942,335.663
0.300410288,336.433
0.300419614,335.766
0.300428927,335.268
0.300438223,334.649
0.300447571,336.503
0.300456884,335.280
0.300466212,335.803
0.300475534,335.590
0.300484859,335.701
0.300494185,335.753
0.300503481,334.639
0.300512804,335.650
0.300522129,335.685
0.300531448,335.505
0.300540744,334.637
0.300550044,334.813
0.300559340,334.631
0.300568637,334.720
0.300577966,335.820
0.300587261,334.642
0.300596562,334.804
0.300605860,334.745
0.300615158,334.725
0.300624456,334.731
0.300633790,336.013
0.300643111,335.585
0.300652445,336.002
0.300661742,334.699
0.300671038,334.643
0.300680338,334.806
0.300689633,334.629
0.300698931,334.706
0.300708282,336.643
0.300717579,334.712
0.300726899,335.526
0.300736217,335.417
0.300745514,334.717
0.300754836,335.591
0.300764163,335.769
0.300773459,334.635
0.300782767,335.103
0.300792100,335.979
0.300801397,334.715
0.300810730,335.967
0.300820075,336.430
0.300829375,334.781
0.300838699,335.690
0.300848023,335.665
0.300857343,335.511
0.300866670,335.757
0.300876011,336.272
0.300885364,336.714
0.300894687,335.648
0.300904009,335.600
0.300913310,334.808
0.300922605,334.634
0.300931929,335.663
0.300941227,334.727
0.300950551,335.670
0.300959869,335.434
0.300969169,334.812
0.300978466,334.694
0.300987762,334.645
0.300997108,336.463
0.301006404,334.662
0.301015703,334.737
0.301025002,334.780
0.301034301,334.753
0.301043596,334.649
0.301052928,335.936
0.301062227,334.780
0.301071526,334.752
0.301080835,335.125
0.301090131,334.636
0.301099431,334.811
0.301108726,334.631
0.301118064,336.173
0.301127417,336.696
0.301136734,335.405
0.301146057,335.643
0.301155356,334.740
0.301164673,335.417
0.301173994,335.567
0.301183294,334.816
0.301192590,334.626
0.301201943,336.714
0.301211240,334.696
0.301220535,334.638
0.301229838,334.888
0.301239133,334.634
0.301248457,335.664
0.301257755,334.733
0.301267079,335.666
0.301276375,334.638
0.301285702,335.779
0.301295017,335.321
0.301304337,335.536
0.301313648,335.192
0.301322987,336.202
0.301332323,336.111
0.301341619,334.632
0.301350943,335.666
0.301360269,335.745
0.301369576,335.048
0.301378873,334.695
0.301388171,334.739
0.301397469,334.716
0.301406764,334.641
0.301416065,334.818
0.301425360,334.632
0.301434684,335.664
0.301444014,335.863
0.301453309,334.644
0.301462633,335.645
0.301471931,334.742
0.301481248,335.394
0.301490543,334.633
0.301499870,335.771
0.301509183,335.247
0.301518517,336.043
0.301527822,334.989
0.301537182,336.937
0.301546514,335.947
0.301555829,335.371
0.301565129,334.779
0.301574435,335.024
0.301583808,337.419
0.301593104,334.652
0.301602404,334.823
0.301611702,334.731
0.301621025,335.612
0.301630326,334.818
0.301639622,334.678
0.301648949,335.780
0.301658245,334.632
0.301667589,336.397
0.301676915,335.746
0.301686224,335.102
0.301695547,335.642
0.301704846,334.745
0.301714157,335.226
0.301723453,334.634
0.301732753,334.814
0.301742082,335.825
0.301751401,335.507
0.301760724,335.634
0.301770023,334.741
0.301779352,335.854
0.301788650,334.721
0.301797945,334.634
0.301807246,334.815
0.301816569,335.651
0.301825865,334.649
0.301835165,334.808
0.301844480,335.314
0.301853777,334.721
0.301863102,335.690
0.301872426,335.667
0.301881779,336.701
0.301891086,335.063
0.301900383,334.678
0.301909709,335.735
0.301919007,334.747
0.301928329,335.586
0.301937657,335.788
0.301946953,334.667
0.301956302,336.549
0.301965602,334.828
0.301974898,334.649
0.301984196,334.707
0.301993497,334.852
0.302002796,334.752
0.302012124,335.807
0.302021423,334.772
0.302030765,336.309
0.302040093,335.804
0.302049417,335.685
0.302058762,336.396
0.302068071,335.141
0.302077415,336.362
0.302086724,335.135
0.302096022,334.725
0.302105362,336.260
0.302114694,335.928
0.302123994,334.814
0.302133291,334.706
0.302142616,335.695
0.302151914,334.720
0.302161210,334.644
0.302170537,335.766
0.302179832,334.640
0.302189156,335.660
0.302198482,335.745
0.302207778,334.655
0.302217075,334.698
0.302226400,335.692
0.302235724,335.664
0.302245031,335.036
0.302254334,334.909
0.302263665,335.934
0.302272963,334.728
0.302282290,335.757
0.302291586,334.658
0.302300924,336.190
0.302310232,335.057
0.302319577,336.449
0.302328876,334.735
0.302338200,335.671
0.302347522,335.590
0.302356822,334.818
0.302366161,336.182
0.302375456,334.639
0.302384812,336.792
0.302394107,334.641
0.302403415,335.068
0.302412739,335.679
0.302422037,334.717
0.302431363,335.742
0.302440710,336.507
0.302450049,336.199
0.302459380,335.906
0.302468740,336.970
0.302478085,336.411
0.302487412,335.762
0.302496707,334.634
0.302506004,334.709
0.302515307,334.885
0.302524603,334.654
0.302533926,335.656
0.302543234,335.055
0.302552549,335.343
0.302561847,334.730
0.302571184,336.155
0.302580481,334.664
0.302589782,334.868
0.302599081,334.730
0.302608377,334.683
0.302617719,336.305
0.302627021,334.865
0.302636343,335.583
0.302645678,336.062
0.302654992,335.307
0.302664339,336.505
0.302673693,336.746
0.302683009,335.366
0.302692316,335.045
0.302701614,334.743
0.302710910,334.660
0.302720211,334.824
0.302729558,336.492
0.302738870,335.244
0.302748170,334.792
0.302757479,335.126
0.302766779,334.815
0.302776105,335.714
0.302785403,334.728
0.302794698,334.638
0.302804025,335.767
0.302813337,335.240
0.302822661,335.653
0.302832014,336.701
0.302841310,334.646
0.302850612,334.876
0.302859919,335.062
0.302869217,334.732
0.302878568,336.635
0.302887866,334.718
0.302897188,335.585
0.302906488,334.819
0.302915807,335.472
0.302925103,334.653
0.302934456,336.711
0.302943751,334.638
0.302953049,334.714
0.302962375,335.737
0.302971702,335.789
0.302981030,335.796
0.302990326,334.661
0.302999651,335.674
0.303008979,335.816
0.303018290,335.190
0.303027586,334.671
0.303036914,335.795
0.303046231,335.440
0.303055553,335.587
0.303064880,335.767
0.303074218,336.176
0.303083551,335.988
0.303092877,335.720
0.303102174,334.706
0.303111507,335.992
0.303120832,335.687
0.303130177,336.403
0.303139484,335.067
0.303148791,335.047
0.303158109,335.440
0.303167410,334.853
0.303176706,334.648
0.303186030,335.671
0.303195331,334.850
0.303204656,335.675
0.303213951,334.636
0.303223252,334.816
0.303232568,335.386
0.303241890,335.591
0.303251216,335.731
0.303260528,335.252
0.303269863,336.051
0.303279185,335.581
0.303288482,334.719
0.303297809,335.740
0.303307131,335.594
0.303316428,334.690
0.303325726,334.737
0.303335024,334.717
0.303344346,335.592
0.303353646,334.821
0.303362995,336.544
0.303372293,334.726
0.303381592,334.787
0.303390906,335.293
0.303400233,335.772
0.303409537,334.956
0.303418838,334.812
0.303428189,336.644
0.303437499,335.157
0.303446794,334.639
0.303456121,335.765
0.303465418,334.696
0.303474763,336.425
0.303484096,335.989
0.303493418,335.592
0.303502719,334.807
0.303512017,334.743
0.303521333,335.385
0.303530633,334.806
0.303539929,334.639
0.303549226,334.697
0.303558551,335.690
0.303567848,334.715
0.303577144,334.635
0.303586471,335.770
0.303595766,334.633
0.303605078,335.226
0.303614383,334.967
0.303623705,335.600
0.303633028,335.645
0.303642327,334.744
0.303651624,334.717
0.303660972,336.497
0.303670300,335.816
0.303679637,336.149
0.303688939,334.861
0.303698236,334.696
0.303707533,334.694
0.303716836,334.912
0.303726132,334.636
0.303735450,335.457
0.303744750,334.812
0.303754048,334.734
0.303763366,335.429
0.303772719,336.721
0.303782064,336.404
0.303791359,334.643
0.303800660,334.812
0.303809998,336.189
0.303819306,335.068
0.303828630,335.678
0.303837954,335.676
0.303847281,335.742
0.303856603,335.592
0.303865926,335.648
0.303875251,335.691
0.303884549,334.718
0.303893844,334.639
0.303903145,334.819
0.303912481,336.096
0.303921817,336.103
0.303931117,334.792
0.303940412,334.646
0.303949710,334.704
0.303959016,335.036
0.303968315,334.741
0.303977666,336.643
0.303986993,335.771
0.303996289,334.646
0.304005589,334.830
0.304014922,335.961
0.304024239,335.436
0.304033571,335.934
0.304042916,336.417
0.304052214,334.737
0.304061545,335.908
0.304070843,334.743
0.304080192,336.563
0.304089493,334.822
0.304098791,334.726
0.304108116,335.720
0.304117440,335.669
0.304126737,334.669
0.304136037,334.824
0.304145344,335.029
0.304154662,335.454
0.304163962,334.792
0.304173257,334.644
0.304182554,334.695
0.304191879,335.694
0.304201177,334.717
0.304210472,334.636
0.304219773,334.819
0.304229084,335.182
0.304238407,335.626
0.304247734,335.783
0.304257039,334.969
0.304266340,334.851
0.304275636,334.674
0.304284952,335.343
0.304294258,335.015
0.304303566,335.108
0.304312882,335.363
0.304322215,335.986
0.304331512,334.704
0.304340808,334.643
0.304350108,334.811
0.304359403,334.632
0.304368728,335.675
0.304378052,335.688
0.304387350,334.704
0.304396646,334.680
0.304405976,335.853
0.304415299,335.656
0.304424599,334.772
0.304433897,334.736
0.304443238,336.269
0.304452539,334.839
0.304461861,335.589
0.304471159,334.727
0.304480494,336.093
0.304489791,334.673
0.304499089,334.718
0.304508388,334.771
0.304517701,335.276
0.304527008,335.050
0.304536310,334.875
0.304545622,335.233
0.304554920,334.737
0.304564221,334.822
0.304573544,335.615
0.304582871,335.769
0.304592192,335.590
0.304601490,334.713
0.304610790,334.805
0.304620114,335.668
0.304629410,334.641
0.304638710,334.816
0.304648034,335.659
0.304657343,335.129
0.304666676,335.962
0.304675971,334.639
0.304685295,335.665
0.304694620,335.690
0.304703963,336.361
0.304713285,335.582
0.304722582,334.689
0.304731896,335.326
0.304741195,334.752
0.304750493,334.719
0.304759788,334.641
0.304769089,334.815
0.304778396,335.073
0.304787716,335.510
0.304797019,334.901
0.304806315,334.653
0.304815613,334.748
0.304824939,335.717
0.304834237,334.728
0.304843532,334.640
0.304852862,335.845
0.304862157,334.635
0.304871481,335.668
0.304880781,334.794
0.304890094,335.281
0.304899421,335.762
0.304908743,335.585
0.304918040,334.713
0.304927338,334.732
0.304936663,335.671
0.304945958,334.632
0.304955258,334.810
0.304964558,334.801
0.304973881,335.611
0.304983181,334.817
0.304992477,334.632
0.305001774,334.717
0.305011072,334.731
0.305020370,334.721
0.305029691,335.555
0.305039019,335.788
0.305048342,335.651
0.305057649,335.037
0.305066972,335.633
0.305076275,334.904
0.305085581,335.004
0.305094926,336.451
0.305104224,334.722
0.305113524,334.798
0.305122834,335.141
0.305132131,334.700
0.305141429,334.746
0.305150742,335.257
0.305160089,336.475
0.305169415,335.767
0.305178737,335.585
0.305188064,335.765
0.305197361,334.698
0.305206657,334.651
0.305215960,334.909
0.305225282,335.590
0.305234580,334.716
0.305243904,335.688
0.305253241,336.129
0.305262563,335.585
0.305271916,336.708
0.305281213,334.694
0.305290535,335.596
0.305299843,335.075
0.305309201,336.891
0.305318554,336.718
0.305327850,334.633
0.305337190,336.260
0.305346540,336.604
0.305355849,335.099
0.305365146,334.697
0.305374472,335.734
0.305383819,336.497
0.305393114,334.642
0.305402418,334.945
0.305411777,336.901
0.305421086,335.122
0.305430393,335.078
0.305439689,334.649
0.305448986,334.697
0.305458283,334.688
0.305467581,334.733
0.305476932,336.639
0.305486241,335.119
0.305495537,334.632
0.305504863,335.764
0.305514161,334.699
0.305523456,334.649
0.305532757,334.806
0.305542093,336.098
0.305551390,334.714
0.305560718,335.790
0.305570015,334.718
0.305579322,335.019
0.305588648,335.759
0.305597945,334.698
0.305607244,334.738
0.305616541,334.714
0.305625854,335.272
0.305635156,334.844
0.305644462,335.026
0.305653780,335.452
0.305663080,334.791
0.305672388,335.093
0.305681685,334.708
0.305690993,335.076
0.305700319,335.749
0.305709615,334.639
0.305718915,334.817
0.305728211,334.635
0.305737560,336.568
0.305746860,334.801
0.305756174,335.315
0.305765481,335.029
0.305774812,335.935
0.305784110,334.710
0.305793408,334.737
0.305802716,335.105
0.305812059,336.325
0.305821359,334.815
0.305830656,334.698
0.305839974,335.438
0.305849301,335.764
0.305858637,336.120
0.305867961,335.667
0.305877286,335.683
0.305886627,336.270
0.305895995,337.272
0.305905303,335.063
0.305914627,335.665
0.305923979,336.680
0.305933277,334.728
0.305942606,335.832
0.305951934,335.837
0.305961253,335.454
0.305970551,334.729
0.305979851,334.817
0.305989169,335.451
0.305998467,334.714
0.306007792,335.716
0.306017126,336.030
0.306026422,334.646
0.306035750,335.786
0.306045064,335.310
0.306054364,334.820
0.306063662,334.701
0.306072957,334.647
0.306082260,334.912
0.306091556,334.638
0.306100854,334.723
0.306110178,335.687
0.306119498,335.515
0.306128820,335.581
0.306138147,335.763
0.306147464,335.426
0.306156786,335.598
0.306166094,335.090
0.306175390,334.640
0.306184688,334.730
0.306193987,334.765
0.306203286,334.755
0.306212586,334.795
0.306221892,335.033
0.306231205,335.255
0.306240506,334.842
0.306249853,336.509
0.306259198,336.394
0.306268498,334.820
0.306277820,335.590
0.306287144,335.669
0.306296444,334.782
0.306305759,335.347
0.306315066,335.058
0.306324391,335.692
0.306333715,335.659
0.306343040,335.698
0.306352364,335.681
0.306361660,334.657
0.306370961,334.840
0.306380259,334.705
0.306389555,334.679
0.306398883,335.783
0.306408192,335.127
0.306417516,335.666
0.306426817,334.860
0.306436118,334.807
0.306445449,335.934
0.306454797,336.531
0.306464096,334.745
0.306473447,336.645
0.306482772,335.713
0.306492068,334.659
0.306501395,335.778
0.306510729,336.010
0.306520048,335.480
0.306529401,336.696
0.306538696,334.642
0.306547993,334.696
0.306557318,335.698
0.306566663,336.404
0.306575958,334.635
0.306585285,335.760
0.306594580,334.633
0.306603933,336.709
0.306613230,334.696
0.306622569,336.204
0.306631872,334.879
0.306641167,334.641
0.306650480,335.266
0.306659811,335.900
0.306669108,334.719
0.306678432,335.657
0.306687733,334.836
0.306697045,335.233
0.306706365,335.515
0.306715694,335.844
0.306725035,336.279
0.306734333,334.728
0.306743641,335.067
0.306752939,334.728
0.306762265,335.749
0.306771571,335.025
0.306780888,335.409
0.306790213,335.689
0.306799560,336.513
0.306808882,335.577
0.306818184,334.861
0.306827554,337.335
0.306836852,334.724
0.306846178,335.744
0.306855500,335.600
0.306864798,334.699
0.306874096,334.747
0.306883438,336.306
0.306892744,335.027
0.306902079,336.044
0.306911374,334.636
0.306920678,334.921
0.306929975,334.715
0.306939271,334.649
0.306948576,334.959
0.306957897,335.584
0.306967195,334.719
0.306976520,335.686
0.306985844,335.669
0.306995166,335.584
0.307004466,334.814
0.307013783,335.396
0.307023079,334.668
0.307032388,335.125
0.307041684,334.668
0.307050986,334.858
0.307060281,334.635
0.307069579,334.723
0.307078879,334.792
0.307088211,335.939
0.307097534,335.652
0.307106859,335.699
0.307116179,335.507
0.307125474,334.636
0.307134801,335.764
0.307144096,334.633
0.307153419,335.606
0.307162745,335.745
0.307172060,335.339
0.307181370,335.172
0.307190666,334.645
0.307199990,335.667
0.307209288,334.729
0.307218586,334.716
0.307227881,334.632
0.307237208,335.764
0.307246505,334.697
0.307255827,335.594
0.307265132,334.978
0.307274454,335.584
0.307283751,334.713
0.307293050,334.747
0.307302359,335.113
0.307311681,335.604
0.307321008,335.778
0.307330305,334.702
0.307339630,335.692
0.307348928,334.721
0.307358269,336.271
0.307367569,334.817
0.307376876,335.031
0.307386173,334.711
0.307395499,335.743
0.307404835,336.067
0.307414141,335.024
0.307423471,335.866
0.307432795,335.677
0.307442129,336.020
0.307451430,334.844
0.307460742,335.245
0.307470041,334.745
0.307479342,334.825
0.307488637,334.646
0.307497938,334.836
0.307507235,334.665
0.307516532,334.714
0.307525830,334.734
0.307535140,335.137
0.307544462,335.590
0.307553788,335.759
0.307563103,335.323
0.307572400,334.715
0.307581707,335.038
0.307591005,334.718
0.307600303,334.723
0.307609602,334.767
0.307618972,337.331
0.307628294,335.582
0.307637621,335.771
0.307646918,334.704
0.307656271,336.726
0.307665596,335.690
0.307674928,335.934
0.307684260,335.965
0.307693618,336.886
0.307702916,334.719
0.307712216,334.793
0.307721511,334.643
0.307730808,334.696
0.307740107,334.736
0.307749424,335.416
0.307758746,335.589
0.307768046,334.812
0.307777386,336.244
0.307786713,335.760
0.307796010,334.696
0.307805352,336.324
0.307814658,335.024
0.307823993,336.045
0.307833291,334.719
0.307842589,334.738
0.307851886,334.703
0.307861209,335.631
0.307870539,335.881
0.307879837,334.702
0.307889132,334.648
0.307898462,335.862
0.307907758,334.643
0.307917085,335.774
0.307926380,334.633
0.307935721,336.264
0.307945047,335.737
0.307954366,335.513
0.307963690,335.650
0.307973015,335.692
0.307982339,335.668
0.307991673,336.042
0.308001007,335.994
0.308010302,334.635
0.308019600,334.715
0.308028926,335.742
0.308038265,336.222
0.308047566,334.809
0.308056861,334.639
0.308066159,334.716
0.308075510,336.628
0.308084807,334.714
0.308094123,335.375
0.308103423,334.809
0.308112721,334.698
0.308122035,335.305
0.308131336,334.868
0.308140639,334.882
0.308149964,335.719
0.308159297,335.969
0.308168595,334.728
0.308177917,335.589
0.308187243,335.761
0.308196541,334.699
0.308205891,336.630
0.308215217,335.712
0.308224512,334.636
0.308233813,334.819
0.308243108,334.634
0.308252447,336.192
0.308261773,335.749
0.308271069,334.649
0.308280366,334.695
0.308289691,335.691
0.308299015,335.669
0.308308310,334.632
0.308317639,335.836
0.308326934,334.633
0.308336232,334.712
0.308345558,335.751
0.308354854,334.641
0.308364181,335.759
0.308373501,335.540
0.308382799,334.715
0.308392099,334.799
0.308401397,334.748
0.308410704,335.035
0.308420005,334.857
0.308429329,335.663
0.308438625,334.648
0.308447952,335.760
0.308457247,334.634
0.308466545,334.712
0.308475843,334.729
0.308485184,336.278
0.308494479,334.631
0.308503806,335.755
0.308513165,336.945
0.308522497,335.957
0.308531821,335.661
0.308541170,336.541
0.308550497,335.769
0.308559792,334.629
0.308569090,334.718
0.308578389,334.789
0.308587685,334.643
0.308596982,334.691
0.308606333,336.640
0.308615631,334.711
0.308624953,335.592
0.308634282,335.849
0.308643604,335.587
0.308652912,335.100
0.308662220,335.096
0.308671536,335.377
0.308680858,335.587
0.308690166,335.104
0.308699464,334.725
0.308708789,335.692
0.308718124,336.042
0.308727446,335.596
0.308736746,334.818
0.308746044,334.705
0.308755339,334.648
0.308764674,336.059
0.308774014,336.227
0.308783314,334.820
0.308792610,334.631
0.308801934,335.676
0.308811234,334.790
0.308820566,335.940
0.308829877,335.220
0.308839179,334.882
0.308848477,334.721
0.308857773,334.638
0.308867073,334.816
0.308876376,334.897
0.308885675,334.774
0.308894975,334.803
0.308904272,334.673
0.308913596,335.672
0.308922895,334.750
0.308932211,335.375
0.308941509,334.755
0.308950817,335.069
0.308960113,334.667
0.308969456,336.362
0.308978766,335.127
0.308988088,335.608
0.308997415,335.761
0.309006711,334.666
0.309016009,334.728
0.309025312,334.909
0.309034651,336.208
0.309043971,335.505
0.309053271,334.808
0.309062568,334.700
0.309071890,335.595
0.309081217,335.762
0.309090512,334.639
0.309099813,334.812
0.309109118,335.000
0.309118452,336.016
0.309127755,334.893
0.309137101,336.458
0.309146425,335.658
0.309155723,334.742
0.309165069,336.456
0.309174415,336.446
0.309183744,335.848
0.309193041,334.687
0.309202375,336.038
0.309211702,335.760
0.309220998,334.664
0.309230320,335.577
0.309239642,335.615
0.309248968,335.729
0.309258267,334.759
0.309267615,336.539
0.309276911,334.658
0.309286238,335.770
0.309295535,334.697
0.309304858,335.603
0.309314158,334.819
0.309323480,335.592
0.309332778,334.710
0.309342104,335.734
0.309351420,335.377
0.309360719,334.793
0.309370043,335.661
0.309379367,335.666
0.309388666,334.745
0.309397963,334.712
0.309407285,335.585
0.309416612,335.771
0.309425908,334.637
0.309435228,335.520
0.309444554,335.743
0.309453850,334.647
0.309463173,335.642
0.309472498,335.686
0.309481795,334.714
0.309491117,335.583
0.309500470,336.708
0.309509766,334.644
0.309519067,334.839
0.309528364,334.711
0.309537686,335.595
0.309547013,335.758
0.309556358,336.438
0.309565683,335.668
0.309575007,335.680
0.309584346,336.199
0.309593668,335.589
0.309602994,335.760
0.309612295,334.810
0.309621601,335.015
0.309630901,334.821
0.309640197,334.637
0.309649524,335.770
0.309658829,335.001
0.309668127,334.715
0.309677427,334.793
0.309686722,334.636
0.309696019,334.696
0.309705327,335.074
0.309714674,336.481
0.309723992,335.453
0.309733319,335.769
0.309742614,334.631
0.309751912,334.713
0.309761211,334.797
0.309770570,336.903
0.309779867,334.700
0.309789210,336.348
0.309798509,334.750
0.309807807,334.756
0.309817106,334.739
0.309826429,335.626
0.309835756,335.778
0.309845053,334.709
0.309854377,335.667
0.309863683,335.009
0.309873005,335.593
0.309882303,334.714
0.309891627,335.683
0.309900925,334.722
0.309910221,334.634
0.309919521,334.823
0.309928818,334.693
0.309938114,334.652
0.309947414,334.811
0.309956736,335.588
0.309966063,335.766
0.309975384,335.538
0.309984681,334.716
0.309994034,336.696
0.310003379,336.427
0.310012703,335.654
0.310022001,334.734
0.310031313,335.237
0.310040609,334.636
0.310049938,335.861
0.310059234,334.632
0.310068531,334.723
0.310077842,335.176
0.310087138,334.651
0.310096438,334.822
0.310105736,334.706
0.310115034,334.736
0.310124359,335.689
0.310133667,335.119
0.310142963,334.634
0.310152263,334.809
0.310161587,335.647
0.310170922,336.083
0.310180228,334.989
0.310189523,334.636
0.310198821,334.715
0.310208145,335.681
0.310217459,335.290
0.310226754,334.635
0.310236081,335.767
0.310245378,334.700
0.310254676,334.733
0.310264000,335.663
0.310273296,334.636
0.310282596,334.808
0.310291891,334.628
0.310301215,335.663
0.310310515,334.797
0.310319823,335.098
0.310329120,334.695
0.310338436,335.351
0.310347743,335.057
0.310357063,335.518
0.310366364,334.835
0.310375660,334.670
0.310384985,335.692
0.310394285,334.810
0.310403599,335.301
0.310412900,334.833
0.310422196,334.635
0.310431495,334.777
0.310440846,336.633
0.310450194,336.550
0.310459516,335.591
0.310468817,334.819
0.310478154,336.133
0.310487499,336.428
0.310496826,335.771
0.310506142,335.365
0.310515466,335.660
0.310524798,335.973
0.310534096,334.715
0.310543422,335.741
0.310552744,335.597
0.310562042,334.704
0.310571366,335.690
0.310580688,335.580
0.310589986,334.719
0.310599287,334.838
0.310608609,335.592
0.310617920,335.189
0.310627246,335.748
0.310636569,335.639
0.310645866,334.702
0.310655165,334.749
0.310664463,334.716
0.310673758,334.634
0.310683058,334.811
0.310692371,335.270
0.310701698,335.767
0.310710995,334.696
0.310720337,336.304
0.310729647,335.143
0.310738942,334.637
0.310748240,334.716
0.310757538,334.726
0.310766858,335.535
0.310776154,334.633
0.310785480,335.766
0.310794804,335.648
0.310804100,334.651
0.310813400,334.801
0.310822712,335.220
0.310832038,335.761
0.310841363,335.692
0.310850688,335.681
0.310859987,334.799
0.310869283,334.646
0.310878581,334.705
0.310887879,334.749
0.310897221,336.294
0.310906517,334.657
0.310915824,335.079
0.310925136,335.206
0.310934434,334.747
0.310943761,335.759
0.310953057,334.647
0.310962365,335.115
0.310971664,334.748
0.310980962,334.722
0.310990294,335.953
0.310999594,334.816
0.311008926,335.925
0.311018227,334.864
0.311027525,334.711
0.311036848,335.618
0.311046175,335.786
0.311055471,334.651
0.311064769,334.727
0.311074094,335.725
0.311083409,335.336
0.311092719,335.132
0.311102023,334.958
0.311111320,334.710
0.311120653,335.966
0.311129953,334.810
0.311139248,334.631
0.311148573,335.670
0.311157880,335.059
0.311167177,334.711
0.311176504,335.754
0.311185812,335.090
0.311195110,334.744
0.311204435,335.704
0.311213783,336.515
0.311223079,334.645
0.311232410,335.930
0.311241727,335.400
0.311251051,335.668
0.311260377,335.752
0.311269673,334.644
0.311278970,334.699
0.311288296,335.731
0.311297594,334.715
0.311306918,335.676
0.311316244,335.724
0.311325555,335.221
0.311334856,334.823
0.311344153,334.698
0.311353497,336.368
0.311362797,334.814
0.311372106,335.126
0.311381404,334.716
0.311390729,335.687
0.311400053,335.668
0.311409399,336.481
0.311418700,334.814
0.311427997,334.700
0.311437293,334.645
0.311446620,335.767
0.311455938,335.457
0.311465240,334.867
0.311474536,334.661
0.311483870,336.036
0.311493197,335.781
0.311502493,334.645
0.311511790,334.701
0.311521142,336.645
0.311530461,335.485
0.311539782,335.585
0.311549139,336.821
0.311558434,334.639
0.311567732,334.725
0.311577059,335.767
0.311586355,334.650
0.311595682,335.765
0.311604987,335.014
0.311614305,335.435
0.311623610,334.963
0.311632908,334.724
0.311642203,334.641
0.311651509,335.000
0.311660806,334.700
0.311670102,334.652
0.311679402,334.811
0.311688719,335.396
0.311698016,334.714
0.311707314,334.736
0.311716639,335.676
0.311725960,335.555
0.311735260,334.825
0.311744585,335.681
0.311753910,335.696
0.311763208,334.721
0.311772530,335.592
0.311781839,335.144
0.311791162,335.621
0.311800486,335.681
0.311809813,335.775
0.311819110,334.666
0.311828420,335.154
0.311837745,335.721
0.311847043,334.726
0.311856339,334.644
0.311865640,334.840
0.311874936,334.655
0.311884234,334.724
0.311893560,335.749
0.311902873,335.274
0.311912182,335.097
0.311921504,335.592
0.311930821,335.440
0.311940119,334.729
0.311949453,336.013
0.311958784,335.931
0.311968111,335.769
0.311977409,334.711
0.311986755,336.456
0.311996082,335.766
0.312005397,335.367
0.312014698,334.815
0.312023997,334.766
0.312033305,335.094
0.312042633,335.802
0.312051939,335.029
0.312061236,334.701
0.312070568,335.936
0.312079865,334.707
0.312089188,335.597
0.312098488,334.817
0.312107797,335.116
0.312117121,335.666
0.312126421,334.792
0.312135758,336.146
0.312145080,335.579
0.312154404,335.692
0.312163702,334.715
0.312173027,335.684
0.312182324,334.721
0.312191620,334.632
0.312200920,334.811
0.312210229,335.104
0.312219551,335.604
0.312228858,335.073
0.312238157,334.748
0.312247496,336.202
0.312256795,334.765
0.312266094,334.746
0.312275389,334.630
0.312284716,335.782
0.312294022,335.015
0.312303345,335.621
0.312312646,334.833
0.312321958,335.257
0.312331256,334.714
0.312340551,334.628
0.312349875,335.664
0.312359175,334.794
0.312368471,334.647
0.312377788,335.419
0.312387086,334.739
0.312396408,335.561
0.312405717,335.142
0.312415044,335.773
0.312424366,335.590
0.312433664,334.718
0.312442963,334.791
0.312452259,334.647
0.312461556,334.699
0.312470887,335.890
0.312480213,335.752
0.312489538,335.693
0.312498836,334.723
0.312508175,336.195
0.312517502,335.775
0.312526825,335.653
0.312536142,335.409
0.312545469,335.760
0.312554765,334.644
0.312564081,335.385
0.312573380,334.756
0.312582678,334.726
0.312591999,335.556
0.312601353,336.751
0.312610667,335.320
0.312619989,335.600
0.312629314,335.668
0.312638636,335.594
0.312647936,334.824
0.312657232,334.631
0.312666529,334.721
0.312675882,336.701
0.312685191,335.108
0.312694488,334.701
0.312703788,334.814
0.312713087,334.744
0.312722382,334.636
0.312731709,335.773
0.312741047,336.167
0.312750345,334.723
0.312759672,335.750
0.312768985,335.297
0.312778286,334.810
0.312787607,335.588
0.312796905,334.716
0.312806203,334.729
0.312815501,334.723
0.312824824,335.626
0.312834151,335.769
0.312843475,335.660
0.312852779,334.955
0.312862080,334.849
0.312871402,335.592
0.312880724,335.590
0.312890022,334.729
0.312899320,334.718
0.312908642,335.569
0.312917968,335.769
0.312927310,336.310
0.312936611,334.810
0.312945946,336.084
0.312955262,335.381
0.312964563,334.815
0.312973858,334.635
0.312983183,335.673
0.312992535,336.698
0.313001831,334.639
0.313011128,334.704
0.313020429,334.843
0.313029727,334.714
0.313039074,336.495
0.313048374,334.809
0.313057706,335.931
0.313067033,335.766
0.313076356,335.643
0.313085652,334.644
0.313094954,334.889
0.313104288,336.004
0.313113600,335.247
0.313122944,336.399
0.313132243,334.762
0.313141575,335.950
0.313150880,334.955
0.313160178,334.732
0.313169482,334.960
0.313178784,334.859
0.313188080,334.678
0.313197405,335.689
0.313206730,335.683
0.313216028,334.750
0.313225329,334.821
0.313234662,335.993
0.313243976,335.290
0.313253301,335.723
0.313262612,335.175
0.313271934,335.593
0.313281260,335.763
0.313290582,335.589
0.313299880,334.721
0.313309180,334.800
0.313318476,334.645
0.313327773,334.699
0.313337071,334.744
0.313346388,335.379
0.313355712,335.679
0.313365019,335.065
0.313374334,335.319
0.313383661,335.764
0.313392984,335.647
0.313402282,334.734
0.313411593,335.173
0.313420902,335.127
0.313430222,335.536
0.313439547,335.682
0.313448845,334.748
0.313458152,335.063
0.313467482,335.846
0.313476779,334.705
0.313486127,336.543
0.313495428,334.816
0.313504741,335.266
0.313514041,334.812
0.313523336,334.631
0.313532654,335.428
0.313541954,334.799
0.313551250,334.653
0.313560547,334.696
0.313569845,334.745
0.313579143,334.714
0.313588465,335.591
0.313597771,335.015
0.313607081,335.158
0.313616379,334.725
0.313625705,335.746
0.313635019,335.318
0.313644317,334.720
0.313653642,335.699
0.313662958,335.355
0.313672277,335.512
0.313681577,334.777
0.313690925,336.546
0.313700227,334.860
0.313709551,335.681
0.313718861,335.162
0.313728162,334.809
0.313737457,334.641
0.313746781,335.670
0.313756106,335.685
0.313765430,335.670
0.313774752,335.586
0.313784052,334.814
0.313793350,334.701
0.313802701,336.645
0.313811999,334.716
0.313821294,334.639
0.313830628,336.034
0.313839950,335.584
0.313849248,334.720
0.313858574,335.745
0.313867898,335.661
0.313877210,335.216
0.313886508,334.760
0.313895833,335.673
0.313905155,335.586
0.313914455,334.814
0.313923750,334.636
0.313933048,334.727
0.313942348,334.787
0.313951662,335.290
0.313960973,335.208
0.313970296,335.617
0.313979613,335.436
0.313988938,335.693
0.313998236,334.727
0.314007579,336.362
0.314016885,334.992
0.314026182,334.706
0.314035478,334.651
0.314044831,336.723
0.314054127,334.643
0.314063425,334.717
0.314072750,335.691
0.314082074,335.667
0.314091369,334.640
0.314100666,334.690
0.314109990,335.665
0.314119289,334.742
0.314128586,334.714
0.314137908,335.593
0.314147209,334.817
0.314156557,336.545
0.314165877,335.519
0.314175181,334.946
0.314184503,335.596
0.314193800,334.693
0.314203100,334.772
0.314212413,335.295
0.314221719,335.016
0.314231047,335.812
0.314240343,334.652
0.314249680,336.123
0.314259004,335.672
0.314268301,334.677
0.314277603,334.892
0.314286910,335.054
0.314296229,335.467
0.314305554,335.690
0.314314852,334.723
0.314324147,334.630
0.314333450,334.899
0.314342783,336.003
0.314352103,335.524
0.314361437,336.036
0.314370750,335.239
0.314380047,334.719
0.314389372,335.691
0.314398696,335.663
0.314408022,335.745
0.314417318,334.639
0.314426615,334.695
0.314435940,335.697
0.314445264,335.668
0.314454560,334.637
0.314463886,335.764
0.314473208,335.587
0.314482545,336.112
0.314491900,336.789
0.314501196,334.652
0.314510493,334.710
0.314519793,334.779
0.314529109,335.380
0.314538433,335.682
0.314547731,334.716
0.314557026,334.638
0.314566337,335.185
0.314575662,335.688
0.314584998,336.121
0.314594305,335.027
0.314603601,334.665
0.314612922,335.544
0.314622247,335.707
0.314631572,335.694
0.314640867,334.632
0.314650168,334.834
0.314659466,334.725
0.314668762,334.648
0.314678072,335.153
0.314687385,335.286
0.314696694,335.109
0.314705989,334.634
0.314715287,334.720
0.314724594,335.043
0.314733901,335.065
0.314743198,334.699
0.314752502,334.935
0.314761799,334.715
0.314771095,334.630
0.314780438,336.368
0.314789777,336.194
0.314799078,334.828
0.314808388,335.150
0.314817710,335.612
0.314827008,334.732
0.314836307,334.747
0.314845649,336.323
0.314854947,334.739
0.314864272,335.676
0.314873568,334.671
0.314882928,336.954
0.314892225,334.699
0.314901543,335.434
0.314910843,334.808
0.314920138,334.637
0.314929472,336.014
0.314938770,334.724
0.314948083,335.277
0.314957404,335.539
0.314966730,335.760
0.314976028,334.699
0.314985352,335.693
0.314994650,334.716
0.315003945,334.631
0.315013246,334.808
0.315022568,335.587
0.315031894,335.757
0.315041198,334.932
0.315050497,334.783
0.315059795,334.716
0.315069130,336.050
0.315078471,336.283
0.315087767,334.655
0.315097121,336.748
0.315106443,335.608
0.315115768,335.681
0.315125068,334.803
0.315134364,334.644
0.315143690,335.759
0.315152986,334.636
0.315162283,334.714
0.315171608,335.692
0.315180932,335.667
0.315190249,335.412
0.315199576,335.765
0.315208926,336.604
0.315218272,336.459
0.315227572,334.812
0.315236884,335.216
0.315246182,334.712
0.315255480,334.735
0.315264780,334.814
0.315274108,335.809
0.315283431,335.605
0.315292728,334.701
0.315302026,334.743
0.315311324,334.716
0.315320672,336.536
0.315329972,334.813
0.315339299,335.769
0.315348621,335.591
0.315357921,334.797
0.315367218,334.689
0.315376516,334.721
0.315385822,335.005
0.315395120,334.722
0.315404468,336.538
0.315413768,334.817
0.315423063,334.624
0.315432417,336.713
0.315441740,335.651
0.315451056,335.360
0.315460356,334.809
0.315469678,335.584
0.315478997,335.509
0.315488348,336.631
0.315497649,334.822
0.315506945,334.643
0.315516271,335.768
0.315525568,334.693
0.315534901,335.969
0.315544210,335.117
0.315553523,335.289
0.315562824,334.820
0.315572129,334.986
0.315581453,335.663
0.315590779,335.739
0.315600076,334.680
0.315609373,334.701
0.315618676,334.895
0.315627982,335.041
0.315637301,335.461
0.315646601,334.825
0.315655944,336.351
0.315665266,335.589
0.315674568,334.869
0.315683881,335.242
0.315693178,334.694
0.315702502,335.694
0.315711826,335.664
0.315721177,336.629
0.315730504,335.751
0.315739799,334.643
0.315749126,335.771
0.315758450,335.649
0.315767746,334.646
0.315777051,334.989
0.315786373,335.586
0.315795670,334.714
0.315804975,334.957
0.315814299,335.663
0.315823619,335.543
0.315832946,335.762
0.315842270,335.653
0.315851621,336.642
0.315860945,335.661
0.315870287,336.317
0.315879614,335.769
0.315888932,335.464
0.315898249,335.403
0.315907550,334.822
0.315916846,334.670
0.315926167,335.572
0.315935467,334.776
0.315944764,334.718
0.315954085,335.542
0.315963413,335.790
0.315972738,335.701
0.315982041,334.917
0.315991339,334.731
0.316000662,335.617
0.316009989,335.795
0.316019285,334.644
0.316028583,334.745
0.316037918,336.030
0.316047213,334.652
0.316056511,334.701
0.316065836,335.695
0.316075133,334.721
0.316084458,335.682
0.316093766,335.092
0.316103061,334.626
0.316112388,335.766
0.316121685,334.699
0.316130981,334.643
0.316140338,336.873
0.316149660,335.590
0.316158958,334.722
0.316168262,334.934
0.316177575,335.271
0.316186906,335.906
0.316196209,334.912
0.316205506,334.711
0.316214812,334.988
0.316224112,334.816
0.316233434,335.590
0.316242734,334.815
0.316252030,334.637
0.316261347,335.436
0.316270647,334.794
0.316279943,334.654
0.316289267,335.648
0.316298569,334.897
0.316307894,335.668
0.316317189,334.634
0.316326489,334.814
0.316335785,334.630
0.316345082,334.711
0.316354382,334.798
0.316363694,335.225
0.316372991,334.698
0.316382290,334.777
0.316391606,335.365
0.316400913,335.047
0.316410237,335.649
0.316419532,334.637
0.316428864,335.951
0.316438161,334.701
0.316447476,335.344
0.316456810,336.016
0.316466106,334.644
0.316475417,335.218
0.316484743,335.714
0.316494067,335.676
0.316503389,335.589
0.316512690,334.820
0.316522013,335.655
0.316531309,334.642
0.316540609,334.812
0.316549923,335.299
0.316559232,335.104
0.316568538,335.022
0.316577862,335.676
0.316587162,334.809
0.316596485,335.600
0.316605782,334.703
0.316615107,335.688
0.316624404,334.715
0.316633753,336.541
0.316643079,335.765
0.316652375,334.637
0.316661702,335.763
0.316671029,335.780
0.316680343,335.294
0.316689644,334.843
0.316698949,335.000
0.316708247,334.719
0.316717545,334.733
0.316726843,334.722
0.316736147,334.959
0.316745477,335.865
0.316754775,334.710
0.316764093,335.449
0.316773397,334.971
0.316782693,334.633
0.316791990,334.720
0.316801322,335.922
0.316810619,334.715
0.316819915,334.633
0.316829241,335.760
0.316838565,335.652
0.316847863,334.741
0.316857161,334.709
0.316866456,334.645
0.316875757,334.814
0.316885052,334.638
0.316894353,334.811
0.316903679,335.758
0.316912975,334.650
0.316922294,335.484
0.316931592,334.743
0.316940916,335.662
0.316950262,336.443
0.316959563,334.815
0.316968858,334.638
0.316978156,334.722
0.316987456,334.798
0.316996752,334.648
0.317006072,335.544
0.317015394,335.599
0.317024692,334.709
0.317033991,334.783
0.317043315,335.644
0.317052637,335.587
0.317061969,335.978
0.317071306,336.123
0.317080602,334.649
0.317089929,335.757
0.317099239,335.172
0.317108575,336.088
0.317117926,336.642
0.317127253,335.767
0.317136579,335.757
0.317145875,334.652
0.317155172,334.701
0.317164505,335.974
0.317173803,334.717
0.317183140,336.142
0.317192441,334.818
0.317201759,335.458
0.317211056,334.715
0.317220356,334.791
0.317229666,335.160
0.317238963,334.694
0.317248268,334.961
0.317257565,334.717
0.317266861,334.635
0.317276161,334.814
0.317285483,335.599
0.317294811,335.792
0.317304108,334.702
0.317313404,334.654
0.317322705,334.818
0.317332025,335.541
0.317341323,334.707
0.317350621,334.732
0.317359926,334.993
0.317369222,334.661
0.317378528,335.001
0.317387826,334.726
0.317397122,334.665
0.317406422,334.811
0.317415719,334.666
0.317425041,335.603
0.317434339,334.736
0.317443638,334.740
0.317452985,336.522
0.317462286,334.811
0.317471609,335.646
0.317480908,334.744
0.317490230,335.623
0.317499526,334.646
0.317508853,335.768
0.317518184,335.931
0.317527482,334.712
0.317536782,334.795
0.317546078,334.651
0.317555375,334.701
0.317564719,336.384
0.317574018,334.748
0.317583347,335.848
0.317592650,334.933
0.317601947,334.674
0.317611245,334.726
0.317620571,335.759
0.317629867,334.646
0.317639177,335.156
0.317648473,334.636
0.317657790,335.442
0.317667089,334.738
0.317676386,334.721
0.317685703,335.408
0.317695030,335.766
0.317704354,335.648
0.317713650,334.667
0.317722984,336.031
0.317732280,334.664
0.317741579,334.730
0.317750877,334.763
0.317760176,334.756
0.317769524,336.536
0.317778826,334.837
0.317788123,334.698
0.317797448,335.695
0.317806745,334.715
0.317816067,335.590
0.317825370,334.910
0.317834692,335.591
0.317844017,335.693
0.317853328,335.212
0.317862651,335.608
0.317871960,335.136
0.317881258,334.738
0.317890556,334.713
0.317899877,335.537
0.317909177,334.816
0.317918499,335.586
0.317927861,337.036
0.317937168,335.066
0.317946480,335.223
0.317955807,335.759
0.317965141,336.031
0.317974465,335.667
0.317983789,335.681
0.317993109,335.498
0.318002404,334.638
0.318011731,335.761
0.318021055,335.649
0.318030376,335.560
0.318039684,335.104
0.318049024,336.231
0.318058327,334.903
0.318067622,334.624
0.318076921,334.762
0.318086221,334.796
0.318095541,335.526
0.318104879,336.192
0.318114223,336.366
0.318123536,335.252
0.318132854,335.466
0.318142155,334.850
0.318151451,334.653
0.318160776,335.671
0.318170075,334.794
0.318179390,335.340
0.318188753,337.068
0.318198075,335.592
0.318207392,335.398
0.318216750,336.903
0.318226048,334.716
0.318235358,335.162
0.318244658,334.807
0.318253955,334.695
0.318263265,335.129
0.318272570,334.997
0.318281880,335.160
0.318291207,335.777
0.318300506,334.746
0.318309820,335.303
0.318319168,336.541
0.318328468,334.818
0.318337766,334.701
0.318347090,335.688
0.318356388,334.715
0.318365710,335.596
0.318375011,334.819
0.318384306,334.630
0.318393604,334.733
0.318402966,337.023
0.318412289,335.644
0.318421587,334.706
0.318430912,335.699
0.318440209,334.720
0.318449505,334.636
0.318458807,334.885
0.318468103,334.635
0.318477427,335.663
0.318486726,334.792
0.318496022,334.639
0.318505335,335.275
0.318514661,335.735
0.318523981,335.517
0.318533308,335.773
0.318542605,334.703
0.318551927,335.586
0.318561237,335.139
0.318570532,334.637
0.318579866,336.033
0.318589189,335.599
0.318598487,334.752
0.318607788,334.822
0.318617111,335.620
0.318626434,335.656
0.318635786,336.644
0.318645109,335.659
0.318654405,334.634
0.318663705,334.809
0.318673016,335.206
0.318682340,335.664
0.318691668,335.780
0.318701008,336.241
0.318710308,334.806
0.318719603,334.635
0.318728927,335.670
0.318738225,334.729
0.318747523,334.714
0.318756830,335.042
0.318766132,334.891
0.318775452,335.510
0.318784748,334.672
0.318794050,334.842
0.318803372,335.596
0.318812694,335.618
0.318822020,335.708
0.318831318,334.727
0.318840614,334.660
0.318849915,334.838
0.318859213,334.720
0.318868526,335.287
0.318877851,335.690
0.318887146,334.643
0.318896473,335.770
0.318905781,335.066
0.318915093,335.237
0.318924419,335.747
0.318933715,334.644
0.318943035,335.521
0.318952337,334.860
0.318961634,334.712
0.318970930,334.642
0.318980230,334.817
0.318989526,334.637
0.318998823,334.718
0.319008158,336.054
0.319017456,334.715
0.319026757,334.836
0.319036053,334.645
0.319045350,334.711
0.319054675,335.690
0.319063999,335.665
0.319073294,334.629
0.319082621,335.759
0.319091931,335.180
0.319101250,335.465
0.319110556,335.017
0.319119851,334.634
0.319129206,336.779
0.319138561,336.789
0.319147887,335.703
0.319157214,335.800
0.319166520,335.021
0.319175844,335.662
0.319185143,334.750
0.319194441,334.724
0.319203751,335.183
0.319213058,335.029
0.319222353,334.638
0.319231691,336.169
0.319240991,334.798
0.319250313,335.596
0.319259611,334.703
0.319268909,334.754
0.319278210,334.802
0.319287505,334.647
0.319296806,334.822
0.319306128,335.584
0.319315454,335.755
0.319324751,334.701
0.319334047,334.643
0.319343348,334.820
0.319352670,335.594
0.319362014,336.409
0.319371320,335.009
0.319380623,334.916
0.319389921,334.717
0.319399249,335.797
0.319408561,335.247
0.319417857,334.661
0.319427159,334.845
0.319436470,335.216
0.319445779,335.131
0.319455105,335.707
0.319464403,334.732
0.319473730,335.768
0.319483026,334.669
0.319492323,334.708
0.319501622,334.743
0.319510919,334.711
0.319520215,334.633
0.319529544,335.872
0.319538879,336.062
0.319548177,334.726
0.319557508,335.895
0.319566824,335.398
0.319576133,335.112
0.319585432,334.743
0.319594729,334.714
0.319604050,335.555
0.319613377,335.761
0.319622690,335.281
0.319631990,334.805
0.319641287,334.698
0.319650583,334.641
0.319659883,334.809
0.319669190,335.052
0.319678535,336.420
0.319687863,335.796
0.319697162,334.752
0.319706479,335.443
0.319715818,336.173
0.319725136,335.475
0.319734468,335.936
0.319743795,335.766
0.319753117,335.593
0.319762417,334.815
0.319771725,335.078
0.319781076,336.646
0.319790376,334.797
0.319799683,335.061
0.319809001,335.451
0.319818353,336.643
0.319827650,334.712
0.319836985,336.051
0.319846289,334.932
0.319855599,335.182
0.319864923,335.674
0.319874223,334.798
0.319883545,335.593
0.319892869,335.648
0.319902194,335.693
0.319911491,334.711
0.319920791,334.781
0.319930140,336.561
0.319939435,334.633
0.319948768,335.980
0.319958065,334.689
0.319967387,335.603
0.319976723,336.103
0.319986046,335.604
0.319995370,335.670
0.320004694,335.684
0.320013994,334.802
0.320023316,335.596
0.320032617,334.823
0.320041950,336.000
0.320051249,334.748
0.320060547,334.717
0.320069862,335.355
0.320079163,334.819
0.320088458,334.638
0.320097782,335.671
0.320107082,334.797
0.320116404,335.601
0.320125702,334.701
0.320135000,334.738
0.320144318,335.461
0.320153614,334.633
0.320162914,334.817
0.320172226,335.223
0.320181523,334.711
0.320190850,335.745
0.320200172,335.598
0.320209507,336.060
0.320218802,334.639
0.320228120,335.433
0.320237440,335.539
0.320246741,334.821
0.320256063,335.595
0.320265374,335.176
0.320274712,336.183
0.320284036,335.665
0.320293364,335.795
0.320302659,334.647
0.320311958,334.746
0.320321283,335.706
0.320330581,334.722
0.320339882,334.832
0.320349178,334.670
0.320358492,335.297
0.320367790,334.735
0.320377088,334.712
0.320386383,334.633
0.320395736,336.719
0.320405071,336.057
0.320414395,335.662
0.320423725,335.879
0.320433047,335.594
0.320442344,334.693
0.320451643,334.740
0.320460967,335.659
0.320470288,335.573
0.320479589,334.824
0.320488902,335.287
0.320498255,336.706
0.320507555,334.795
0.320516851,334.652
0.320526151,334.814
0.320535448,334.688
0.320544746,334.727
0.320554071,335.687
0.320563369,334.722
0.320572664,334.631
0.320581991,335.766
0.320591288,334.703
0.320600584,334.636
0.320609893,335.153
0.320619189,334.636
0.320628513,335.666
0.320637811,334.739
0.320647110,334.762
0.320656437,335.782
0.320665760,335.598
0.320675104,336.396
0.320684403,334.766
0.320693701,334.718
0.320703023,335.611
0.320712350,335.770
0.320721645,334.632
0.320730943,334.722
0.320740243,334.792
0.320749541,334.709
0.320758865,335.674
0.320768190,335.702
0.320777523,335.996
0.320786849,335.720
0.320796196,336.497
0.320805513,335.404
0.320814828,335.353
0.320824127,334.760
0.320833423,334.674
0.320842730,335.040
0.320852088,336.897
0.320861413,335.700
0.320870738,335.709
0.320880110,337.357
0.320889432,335.618
0.320898734,334.855
0.320908031,334.695
0.320917356,335.690
0.320926679,335.646
0.320935994,335.334
0.320945294,334.816
0.320954616,335.592
0.320963940,335.669
0.320973272,335.944
0.320982568,334.646
0.320991892,335.651
0.321001218,335.764
0.321010517,334.741
0.321019823,335.040
0.321029124,334.816
0.321038436,335.239
0.321047760,335.663
0.321057086,335.748
0.321066399,335.265
0.321075726,335.773
0.321085033,335.036
0.321094332,334.755
0.321103630,334.739
0.321112954,335.672
0.321122272,335.427
0.321131572,334.816
0.321140869,334.700
0.321150191,335.595
0.321159492,334.810
0.321168787,334.637
0.321178096,335.106
0.321187401,335.000
0.321196699,334.716
0.321206020,335.576
0.321215347,335.771
0.321224663,335.368
0.321233988,335.690
0.321243288,334.806
0.321252604,335.380
0.321261937,335.989
0.321271255,335.454
0.321280616,336.972
0.321289942,335.738
0.321299238,334.649
0.321308561,335.649
0.321317869,335.070
0.321327166,334.716
0.321336488,335.579
0.321345788,334.817
0.321355104,335.372
0.321364406,334.849
0.321373704,334.736
0.321383042,336.189
0.321392344,334.850
0.321401666,335.588
0.321410990,335.663
0.321420288,334.733
0.321429586,334.723
0.321438931,336.427
0.321448231,334.806
0.321457528,334.693
0.321466849,335.540
0.321476157,335.090
0.321485507,336.615
0.321494835,335.788
0.321504156,335.586
0.321513454,334.723
0.321522781,335.748
0.321532103,335.595
0.321541400,334.703
0.321550724,335.680
0.321560048,335.668
0.321569370,335.583
0.321578674,334.933
0.321587985,335.183
0.321597320,336.069
0.321606620,334.803
0.321615959,336.212
0.321625256,334.698
0.321634561,334.983
0.321643877,335.363
0.321653175,334.738
0.321662473,334.720
0.321671769,334.638
0.321681069,334.822
0.321690390,335.549
0.321699726,336.106
0.321709036,335.148
0.321718345,335.138
0.321727652,335.030
0.321736960,335.111
0.321746259,334.735
0.321755555,334.662
0.321764856,334.849
0.321774180,335.661
0.321783488,335.094
0.321792822,336.034
0.321802118,334.641
0.321811446,335.792
0.321820793,336.500
0.321830091,334.718
0.321839390,334.792
0.321848699,335.111
0.321857996,334.691
0.321867351,336.796
0.321876649,334.711
0.321885971,335.591
0.321895271,334.813
0.321904585,335.312
0.321913886,334.810
0.321923186,334.807
0.321932490,334.953
0.321941819,335.825
0.321951124,335.000
0.321960448,335.670
0.321969773,335.687
0.321979074,334.818
0.321988417,336.361
0.321997717,334.820
0.322007041,335.653
0.322016337,334.644
0.322025640,334.931
0.322034989,336.532
0.322044286,334.714
0.322053637,336.639
0.322062954,335.416
0.322072281,335.757
0.322081578,334.677
0.322090901,335.649
0.322100202,334.816
0.322109537,336.090
0.322118833,334.637
0.322128139,335.024
0.322137448,335.103
0.322146745,334.714
0.322156098,336.701
0.322165394,334.648
0.322174691,334.712
0.322183990,334.760
0.322193296,335.026
0.322202594,334.713
0.322211949,336.773
0.322221246,334.707
0.322230574,335.790
0.322239898,335.656
0.322249262,337.134
0.322258563,334.805
0.322267858,334.637
0.322277156,334.714
0.322286485,335.857
0.322295809,335.662
0.322305104,334.637
0.322314431,335.764
0.322323728,334.696
0.322333061,335.983
0.322342361,334.810
0.322351675,335.291
0.322360975,334.810
0.322370307,335.929
0.322379604,334.711
0.322388904,334.789
0.322398200,334.644
0.322407497,334.695
0.322416801,334.963
0.322426099,334.714
0.322435394,334.638
0.322444721,335.763
0.322454030,335.130
0.322463348,335.452
0.322472676,335.783
0.322482014,336.163
0.322491311,334.720
0.322500610,334.748
0.322509909,334.759
0.322519207,334.738
0.322528531,335.667
0.322537843,335.241
0.322547145,334.875
0.322556480,336.053
0.322565776,334.650
0.322575082,335.021
0.322584390,335.095
0.322593714,335.649
0.322603039,335.702
0.322612358,335.493
0.322621681,335.615
0.322630989,335.095
0.322640329,336.252
0.322649662,335.975
0.322658990,335.802
0.322668312,335.590
0.322677612,334.816
0.322686908,334.637
0.322696232,335.670
0.322705535,334.895
0.322714857,335.600
0.322724154,334.703
0.322733453,334.751
0.322742777,335.679
0.322752081,334.942
0.322761435,336.751
0.322770751,335.354
0.322780074,335.639
0.322789374,334.791
0.322798714,336.242
0.322808040,335.760
0.322817336,334.635
0.322826650,335.303
0.322835948,334.733
0.322845246,334.721
0.322854541,334.635
0.322863868,335.757
0.322873214,336.463
0.322882536,335.595
0.322891837,334.817
0.322901147,335.186
0.322910445,334.720
0.322919798,336.702
0.322929122,335.659
0.322938448,335.742
0.322947753,334.987
0.322957079,335.739
0.322966404,335.701
0.322975702,334.721
0.322985024,335.586
0.322994383,336.925
0.323003705,335.583
0.323013002,334.711
0.323022322,335.509
0.323031644,335.616
0.323040969,335.678
0.323050268,334.759
0.323059602,336.047
0.323068898,334.641
0.323078198,334.817
0.323087494,334.634
0.323096795,334.855
0.323106092,334.697
0.323115415,335.599
0.323124718,334.901
0.323134013,334.632
0.323143311,334.724
0.323152609,334.736
0.323161920,335.193
0.323171265,336.412
0.323180565,334.813
0.323189889,335.648
0.323199193,334.969
0.323208522,335.822
0.323217844,335.593
0.323227145,334.853
0.323236451,335.000
0.323245748,334.718
0.323255075,335.765
0.323264372,334.673
0.323273696,335.660
0.323282995,334.766
0.323292293,334.738
0.323301589,334.660
0.323310899,335.147
0.323320221,335.592
0.323329518,334.721
0.323338819,334.803
0.323348141,335.592
0.323357438,334.697
0.323366763,335.702
0.323376061,334.724
0.323385356,334.633
0.323394656,334.811
0.323403952,334.636
0.323413253,334.847
0.323422550,334.699
0.323431846,334.650
0.323441149,334.901
0.323450471,335.594
0.323459810,336.198
0.323469135,335.690
0.323478458,335.663
0.323487754,334.632
0.323497080,335.755
0.323506393,335.261
0.323515715,335.598
0.323525043,335.804
0.323534365,335.593
0.323543666,334.820
0.323552961,334.636
0.323562259,334.715
0.323571581,335.609
0.323580904,335.625
0.323590223,335.458
0.323599522,334.787
0.323608821,334.753
0.323618143,335.590
0.323627444,334.823
0.323636765,335.587
0.323646063,334.716
0.323655389,335.746
0.323664685,334.648
0.323674009,335.650
0.323683309,334.814
0.323692652,336.351
0.323701951,334.743
0.323711248,334.711
0.323720544,334.635
0.323729873,335.851
0.323739170,334.693
0.323748465,334.644
0.323757766,334.804
0.323767074,335.094
0.323776371,334.714
0.323785670,334.734
0.323794967,334.718
0.323804286,335.479
0.323813613,335.758
0.323822930,335.415
0.323832252,335.594
0.323841560,335.102
0.323850882,335.592
0.323860191,335.107
0.323869513,335.604
0.323878832,335.461
0.323888132,334.812
0.323897428,334.647
0.323906740,335.236
0.323916064,335.691
0.323925388,335.664
0.323934709,335.537
0.323944010,334.838
0.323953332,335.585
0.323962654,335.612
0.323971982,335.806
0.323981341,336.900
0.323990641,334.809
0.323999963,335.591
0.324009260,334.705
0.324018558,334.729
0.324027856,334.712
0.324037172,335.375
0.324046472,334.803
0.324055769,334.700
0.324065113,336.386
0.324074413,334.806
0.324083709,334.638
0.324093033,335.661
0.324102331,334.730
0.324111628,334.711
0.324120924,334.633
0.324130245,335.562
0.324139569,335.684
0.324148921,336.642
0.324158255,336.048
0.324167551,334.652
0.324176881,335.894
0.324186177,334.645
0.324195475,334.719
0.324204807,335.942
0.324214103,334.653
0.324223400,334.697
0.324232698,334.741
0.324241996,334.718
0.324251291,334.634
0.324260618,335.763
0.324269913,334.632
0.324279211,334.714
0.324288537,335.752
0.324297833,334.638
0.324307160,335.762
0.324316465,334.982
0.324325762,334.715
0.324335087,335.683
0.324344411,335.665
0.324353754,336.345
0.324363107,336.711
0.324372404,334.695
0.324381699,334.642
0.324391036,336.101
0.324400358,335.591
0.324409680,335.621
0.324419007,335.747
0.324428305,334.750
0.324437606,334.841
0.324446902,334.658
0.324456200,334.698
0.324465498,334.744
0.324474858,336.973
0.324484169,335.185
0.324493469,334.814
0.324502765,334.632
0.324512062,334.715
0.324521389,335.744
0.324530711,335.596
0.324540008,334.697
0.324549359,336.641
0.324558703,336.365
0.324568034,335.935
0.324577334,334.814
0.324586656,335.581
0.324596009,336.709
0.324605306,334.701
0.324614602,334.646
0.324623902,334.811
0.324633198,334.632
0.324642495,334.711
0.324651793,334.734
0.324661097,334.926
0.324670393,334.674
0.324679711,335.448
0.324689039,335.777
0.324698364,335.730
0.324707671,335.027
0.324716983,335.253
0.324726285,334.853
0.324735593,335.085
0.324744918,335.699
0.324754218,334.797
0.324763513,334.648
0.324772837,335.658
0.324782165,335.815
0.324791483,335.442
0.324800804,335.538
0.324810106,334.867
0.324819418,335.259
0.324828754,336.091
0.324838051,334.694
0.324847390,336.203
0.324856698,335.076
0.324866020,335.587
0.324875338,335.469
0.324884689,336.634
0.324894013,335.666
0.324903335,335.580
0.324912691,336.816
0.324922015,335.662
0.324931311,334.650
0.324940611,334.817
0.324949933,335.584
0.324959260,335.782
0.324968565,334.953
0.324977884,335.515
0.324987219,336.035
0.324996526,335.071
0.325005845,335.457
0.325015169,335.692
0.325024481,335.205
0.325033826,336.424
0.325043179,336.722
0.325052474,334.633
0.325061797,335.626
0.325071097,334.790
0.325080419,335.576
0.325089746,335.798
0.325099069,335.611
0.325108403,336.018
0.325117702,334.758
0.325127000,334.741
0.325136316,335.388
0.325145617,334.840
0.325154917,334.783
0.325164213,334.650
0.325173513,334.810
0.325182823,335.159
0.325192147,335.663
0.325201445,334.730
0.325210769,335.670
0.325220091,335.586
0.325229391,334.812
0.325238733,336.301
0.325248032,334.763
0.325257367,336.043
0.325266679,335.248
0.325275980,334.845
0.325285288,335.070
0.325294586,334.717
0.325303891,334.982
0.325313186,334.644
0.325322483,334.702
0.325331812,335.831
0.325341136,335.666
0.325350432,334.643
0.325359766,336.037
0.325369062,334.634
0.325378386,335.671
0.325387686,334.792
0.325397028,336.326
0.325406329,334.832
0.325415624,334.643
0.325424938,335.281
0.325434242,334.961
0.325443566,335.669
0.325452884,335.419
0.325462215,335.942
0.325471512,334.697
0.325480808,334.641
0.325490108,334.804
0.325499404,334.635
0.325508727,335.659
0.325518026,334.747
0.325527350,335.676
0.325536677,335.769
0.325546000,335.607
0.325555314,335.303
0.325564612,334.745
0.325573910,334.719
0.325583247,336.145
0.325592574,335.779
0.325601896,335.591
0.325611234,336.152
0.325620587,336.697
0.325629882,334.645
0.325639182,334.799
0.325648515,335.984
0.325657832,335.401
0.325667127,334.636
0.325676428,334.811
0.325685723,334.632
0.325695050,335.761
0.325704373,335.645
0.325713669,334.648
0.325722969,334.811
0.325732277,335.070
0.325741601,335.664
0.325750925,335.684
0.325760223,334.710
0.325769531,335.083
0.325778831,334.820
0.325788149,335.434
0.325797462,335.283
0.325806765,334.906
0.325816095,335.892
0.325825394,334.753
0.325834720,335.721
0.325844035,335.336
0.325853368,336.019
0.325862715,336.484
0.325872060,336.413
0.325881364,334.931
0.325890677,335.290
0.325899973,334.649
0.325909273,334.811
0.325918584,335.171
0.325927881,334.714
0.325937207,335.741
0.325946566,336.899
0.325955863,334.696
0.325965188,335.691
0.325974502,335.332
0.325983854,336.639
0.325993187,336.006
0.326002482,334.633
0.326011809,335.760
0.326021106,334.696
0.326030438,335.932
0.326039743,335.009
0.326049039,334.629
0.326058336,334.711
0.326067690,336.728
0.326076988,334.734
0.326086294,335.031
0.326095596,334.844
0.326104956,336.966
0.326114281,335.700
0.326123578,334.719
0.326132883,334.967
0.326142188,334.978
0.326151484,334.671
0.326160783,334.746
0.326170084,334.820
0.326179379,334.640
0.326188726,336.504
0.326198035,335.106
0.326207333,334.720
0.326216655,335.615
0.326225957,334.843
0.326235269,335.246
0.326244603,336.010
0.326253900,334.703
0.326263222,335.596
0.326272549,335.757
0.326281844,334.638
0.326291162,335.442
0.326300466,334.956
0.326309764,334.716
0.326319073,335.142
0.326328400,335.761
0.326337712,335.212
0.326347048,336.122
0.326356378,335.865
0.326365674,334.650
0.326374983,335.137
0.326384309,335.726
0.326393607,334.734
0.326402908,334.826
0.326412203,334.651
0.326421517,335.302
0.326430876,336.902
0.326440173,334.716
0.326449469,334.635
0.326458796,335.765
0.326468091,334.635
0.326477415,335.667
0.326486741,335.745
0.326496064,335.607
0.326505361,334.695
0.326514659,334.738
0.326523973,335.310
0.326533322,336.542
0.326542622,334.820
0.326551936,335.297
0.326561289,336.716
0.326570586,334.697
0.326579909,335.597
0.326589218,335.137
0.326598540,335.589
0.326607838,334.718
0.326617164,335.764
0.326626463,334.758
0.326635795,335.943
0.326645098,334.912
0.326654422,335.661
0.326663754,335.960
0.326673064,335.147
0.326682377,335.269
0.326691704,335.769
0.326700999,334.637
0.326710297,334.714
0.326719597,334.791
0.326728892,334.646
0.326738189,334.694
0.326747488,334.746
0.326756786,334.721
0.326766108,335.587
0.326775439,335.915
0.326784734,334.637
0.326794082,336.539
0.326803382,334.784
0.326812678,334.647
0.326822011,336.008
0.326831336,335.690
0.326840660,335.666
0.326849966,335.016
0.326859264,334.714
0.326868581,335.422
0.326877911,335.894
0.326887235,335.653
0.326896557,335.595
0.326905878,335.546
0.326915195,335.432
0.326924493,334.711
0.326933795,334.890
0.326943121,335.712
0.326952416,334.646
0.326961717,334.820
0.326971058,336.280
0.326980392,336.009
0.326989689,334.712
0.326999011,335.592
0.327008311,334.807
0.327017618,335.048
0.327026916,334.715
0.327036216,334.790
0.327045551,336.063
0.327054874,335.647
0.327064173,334.745
0.327073470,334.717
0.327082792,335.590
0.327092119,335.771
0.327101431,335.228
0.327110758,335.748
0.327120058,334.801
0.327129371,335.274
0.327138671,334.809
0.327147993,335.589
0.327157291,334.717
0.327166616,335.707
0.327175937,335.577
0.327185247,335.153
0.327194553,335.016
0.327203877,335.656
0.327213196,335.492
0.327222523,335.767
0.327231819,334.643
0.327241116,334.714
0.327250443,335.748
0.327259776,336.011
0.327269103,335.744
0.327278398,334.643
0.327287695,334.691
0.327297020,335.697
0.327306318,334.716
0.327315634,335.379
0.327324961,335.763
0.327334292,335.926
0.327343603,335.191
0.327352958,336.778
0.327362254,334.657
0.327371551,334.704
0.327380876,335.692
0.327390200,335.664
0.327399495,334.638
0.327408796,334.813
0.327418091,334.636
0.327427418,335.768
0.327436715,334.697
0.327446037,335.585
0.327455405,337.267
0.327464729,335.657
0.327474028,334.741
0.327483358,335.901
0.327492671,335.246
0.327501993,335.613
0.327511294,334.822
0.327520591,334.694
0.327529913,335.601
0.327539213,334.812
0.327548535,335.583
0.327557862,335.767
0.327567184,335.580
0.327576501,335.413
0.327585827,335.743
0.327595130,334.917
0.327604429,334.741
0.327613754,335.708
0.327623052,334.750
0.327632348,334.656
0.327641649,334.819
0.327650945,334.664
0.327660268,335.622
0.327669575,335.061
0.327678872,334.669
0.327688169,334.702
0.327697494,335.696
0.327706818,335.666
0.327716142,335.684
0.327725440,334.714
0.327734788,336.538
0.327744097,335.110
0.327753396,334.787
0.327762719,335.606
0.327772043,335.662
0.327781339,334.678
0.327790638,334.732
0.327799937,334.766
0.327809235,334.749
0.327818531,334.646
0.327827832,334.837
0.327837175,336.369
0.327846529,336.732
0.327855828,334.777
0.327865151,335.613
0.327874452,334.822
0.327883759,335.059
0.327893083,335.671
0.327902383,334.795
0.327911679,334.648
0.327921002,335.648
0.327930355,336.690
0.327939679,335.689
0.327948999,335.520
0.327958329,335.869
0.327967678,336.558
0.327976976,334.726
0.327986303,335.773
0.327995599,334.648
0.328004952,336.716
0.328014294,336.324
0.328023594,334.772
0.328032918,335.678
0.328042217,334.764
0.328051540,335.615
0.328060840,334.834
0.328070164,335.652
0.328079462,334.722
0.328088789,335.786
0.328098128,336.200
0.328107426,334.719
0.328116777,336.628
0.328126074,334.712
0.328135374,334.797
0.328144707,335.994
0.328154005,334.699
0.328163329,335.687
0.328172639,335.163
0.328181961,335.590
0.328191288,335.763
0.328200583,334.629
0.328209907,335.667
0.328219234,335.749
0.328228565,335.940
0.328237899,336.017
0.328247250,336.636
0.328256591,336.284
0.328265943,336.637
0.328275252,335.129
0.328284595,336.344
0.328293922,335.771
0.328303230,335.107
0.328312528,334.708
0.328321829,334.843
0.328331150,335.584
0.328340448,334.708
0.328349746,334.728
0.328359106,336.966
0.328368459,336.701
0.328377781,335.594
0.328387078,334.695
0.328396403,335.688
0.328405725,335.587
0.328415020,334.636
0.328424320,334.817
0.328433616,334.635
0.328442940,335.670
0.328452240,334.794
0.328461550,335.156
0.328470847,334.693
0.328480181,336.035
0.328489479,334.712
0.328498774,334.636
0.328508074,334.813
0.328517370,334.635
0.328526697,335.760
0.328535994,334.695
0.328545291,334.719
0.328554619,335.777
0.328563941,335.592
0.328573258,335.416
0.328582583,335.700
0.328591889,335.027
0.328601234,336.423
0.328610536,334.854
0.328619859,335.654
0.328629181,335.594
0.328638508,335.767
0.328647847,336.197
0.328657183,336.101
0.328666515,335.933
0.328675831,335.405
0.328685131,334.797
0.328694427,334.646
0.328703745,335.434
0.328713075,335.907
0.328722373,334.712
0.328731668,334.632
0.328740973,334.973
0.328750268,334.630
0.328759616,336.519
0.328768945,335.827
0.328778267,335.611
0.328787564,334.703
0.328796863,334.748
0.328806161,334.724
0.328815487,335.751
0.328824785,334.718
0.328834116,335.930
0.328843417,334.808
0.328852740,335.652
0.328862062,335.601
0.328871364,334.845
0.328880699,336.087
0.328890024,335.678
0.328899325,334.855
0.328908623,334.722
0.328917970,336.476
0.328927270,334.820
0.328936567,334.689
0.328945863,334.646
0.328955216,336.713
0.328964530,335.314
0.328973857,335.771
0.328983153,334.635
0.328992477,335.671
0.329001787,335.174
0.329011111,335.635
0.329020435,335.665
0.329029734,334.770
0.329039032,334.744
0.329048354,335.598
0.329057658,334.917
0.329066970,335.237
0.329076268,334.727
0.329085595,335.774
0.329094909,335.316
0.329104236,335.764
0.329113531,334.637
0.329122847,335.360
0.329132147,334.805
0.329141445,334.740
0.329150763,335.440
0.329160064,334.843
0.329169376,335.214
0.329178694,335.460
0.329188004,335.140
0.329197299,334.638
0.329206597,334.715
0.329215902,334.975
0.329225199,334.708
0.329234527,335.813
0.329243830,334.913
0.329253128,334.713
0.329262453,335.693
0.329271750,334.714
0.329281065,335.338
0.329290366,334.816
0.329299699,336.008
0.329309023,335.665
0.329318350,335.746
0.329327645,334.645
0.329336942,334.698
0.329346294,336.642
0.329355591,334.718
0.329364923,335.925
0.329374225,334.872
0.329383539,335.304
0.329392875,336.103
0.329402172,334.708
0.329411468,334.634
0.329420769,334.850
0.329430091,335.590
0.329439389,334.720
0.329448687,334.731
0.329457997,335.156
0.329467321,335.665
0.329476622,334.849
0.329485919,334.702
0.329495215,334.650
0.329504542,335.770
0.329513838,334.636
0.329523135,334.722
0.329532433,334.731
0.329541758,335.666
0.329551079,335.584
0.329560416,336.107
0.329569766,336.601
0.329579071,335.002
0.329588407,336.079
0.329597729,335.594
0.329607056,335.765
0.329616351,334.632
0.329625649,334.717
0.329634949,334.800
0.329644244,334.646
0.329653553,335.122
0.329662878,335.690
0.329672176,334.714
0.329681500,335.680
0.329690810,335.171
0.329700115,334.954
0.329709418,334.913
0.329718742,335.683
0.329728038,334.653
0.329737346,335.068
0.329746641,334.631
0.329755975,336.020
0.329765304,335.830
0.329774628,335.670
0.329783923,334.632
0.329793223,334.812
0.329802521,334.705
0.329811817,334.649
0.329821117,334.809
0.329830455,336.180
0.329839753,334.715
0.329849051,334.737
0.329858349,334.716
0.329867648,334.792
0.329876997,336.533
0.329886294,334.697
0.329895619,335.700
0.329904917,334.718
0.329914238,335.586
0.329923539,334.818
0.329932836,334.709
0.329942135,334.744
0.329951461,335.743
0.329960783,335.606
0.329970092,335.104
0.329979391,334.759
0.329988709,335.445
0.329998004,334.642
0.330007305,334.826
0.330016600,334.636
0.330025901,334.809
0.330035208,335.057
0.330044503,334.642
0.330053804,334.814
0.330063099,334.647
0.330072424,335.672
0.330081748,335.691
0.330091073,335.670
0.330100391,335.448
0.330109721,335.907
0.330119045,335.655
0.330128366,335.534
0.330137668,334.877
0.330146963,334.639
0.330156261,334.721
0.330165561,334.802
0.330174886,335.700
0.330184221,336.054
0.330193517,334.646
0.330202840,335.653
0.330212139,334.745
0.330221463,335.660
0.330230758,334.631
0.330240083,335.686
0.330249379,334.657
0.330258704,335.704
0.330268004,334.812
0.330277327,335.625
0.330286649,335.595
0.330295974,335.691
0.330305271,334.714
0.330314567,334.633
0.330323867,334.819
0.330333199,335.929
0.330342533,336.046
0.330351857,335.651
0.330361173,335.391
0.330370477,334.942
0.330379773,334.645
0.330389070,334.713
0.330398377,335.019
0.330407702,335.721
0.330417024,335.595
0.330426335,335.185
0.330435633,334.720
0.330444929,334.653
0.330454256,335.798
0.330463579,335.608
0.330472907,335.811
0.330482230,335.617
0.330491527,334.717
0.330500827,334.791
0.330510123,334.646
0.330519420,334.703
0.330528728,335.094
0.330538040,335.209
0.330547362,335.594
0.330556688,335.766
0.330565999,335.181
0.330575297,334.726
0.330584604,335.045
0.330593927,335.636
0.330603234,335.062
0.330612559,335.698
0.330621857,334.722
0.330631157,334.791
0.330640483,335.741
0.330649798,335.357
0.330659099,334.822
0.330668396,334.700
0.330677718,335.596
0.330687023,334.961
0.330696332,335.135
0.330705656,335.670
0.330714955,334.736
0.330724279,335.666
0.330733585,335.029
0.330742912,335.762
0.330752254,336.329
0.330761579,335.690
0.330770877,334.742
0.330780173,334.640
0.330789502,335.845
0.330798825,335.644
0.330808139,335.288
0.330817466,335.779
0.330826763,334.677
0.330836060,334.707
0.330845363,334.923
0.330854661,334.719
0.330864009,336.533
0.330873311,334.845
0.330882606,334.637
0.330891930,335.648
0.330901256,335.749
0.330910552,334.651
0.330919879,335.799
0.330929175,334.639
0.330938499,335.668
0.330947824,335.690
0.330957122,334.717
0.330966417,334.637
0.330975717,334.805
0.330985041,335.654
0.330994363,335.594
0.331003663,334.815
0.331012959,334.637
0.331022268,335.134
0.331031566,334.733
0.331040864,334.713
0.331050212,336.546
0.331059539,335.765
0.331068863,335.656
0.331078163,334.803
0.331087472,335.106
0.331096769,334.706
0.331106103,336.029
0.331115399,334.640
0.331124711,335.235
0.331134037,335.748
0.331143359,335.604
0.331152657,334.699
0.331161981,335.683
0.331171321,336.240
0.331180643,335.591
0.331189944,334.816
0.331199239,334.635
0.331208592,336.717
0.331217915,335.628
0.331227227,335.226
0.331236554,335.760
0.331245873,335.496
0.331255192,335.484
0.331264517,335.685
0.331273841,335.673
0.331283186,336.436
0.331292487,334.815
0.331301810,335.641
0.331311106,334.651
0.331320406,334.807
0.331329748,336.298
0.331339075,335.789
0.331348389,335.291
0.331357688,334.760
0.331366999,335.191
0.331376321,335.621
0.331385634,335.254
0.331394932,334.743
0.331404257,335.667
0.331413552,334.640
0.331422853,334.821
0.331432163,335.171
0.331441485,335.598
0.331450811,335.744
0.331460134,335.598
0.331469431,334.694
0.331478756,335.698
0.331488053,334.718
0.331497378,335.690
0.331506702,335.671
0.331516013,335.194
0.331525340,335.764
0.331534660,335.539
0.331543956,334.650
0.331553261,334.976
0.331562559,334.710
0.331571857,334.728
0.331581208,336.637
0.331590521,335.292
0.331599817,334.632
0.331609117,334.808
0.331618414,334.703
0.331627739,335.694
0.331637057,335.457
0.331646353,334.651
0.331655654,334.820
0.331664976,335.593
0.331674294,335.455
0.331683620,335.746
0.331692916,334.649
0.331702240,335.649
0.331711564,335.695
0.331720862,334.713
0.331730157,334.633
0.331739458,334.817
0.331748753,334.637
0.331758077,335.666
0.331767404,335.748
0.331776726,335.592
0.331786026,334.807
0.331795330,334.965
0.331804649,335.456
0.331813947,334.752
0.331823297,336.572
0.331832641,336.381
0.331841999,336.897
0.331851345,336.456
0.331860665,335.531
0.331870018,336.722
0.331879341,335.616
0.331888639,334.719
0.331897981,336.308
0.331907281,334.819
0.331916608,335.771
0.331925930,335.576
0.331935254,335.661
0.331944579,335.723
0.331953877,334.726
0.331963173,334.638
0.331972478,334.979
0.331981795,335.422
0.331991093,334.716
0.332000393,334.793
0.332009689,334.674
0.332019011,335.602
0.332028365,336.723
0.332037690,335.720
0.332047015,335.694
0.332056313,334.724
0.332065608,334.634
0.332074935,335.773
0.332084233,334.698
0.332093528,334.647
0.332102855,335.768
0.332112164,335.114
0.332121461,334.710
0.332130760,334.730
0.332140105,336.430
0.332149400,334.636
0.332158701,334.811
0.332167998,334.695
0.332177293,334.645
0.332186602,335.102
0.332195899,334.686
0.332205234,336.092
0.332214556,335.566
0.332223916,336.975
0.332233216,334.791
0.332242524,335.082
0.332251862,336.170
0.332261162,334.809
0.332270460,334.743
0.332279756,334.644
0.332289060,334.944
0.332298356,334.635
0.332307653,334.711
0.332316953,334.798
0.332326249,334.644
0.332335582,336.012
0.332344907,335.695
0.332354250,336.322
0.332363548,334.728
0.332372845,334.712
0.332382167,335.588
0.332391467,334.814
0.332400764,334.696
0.332410108,336.379
0.332419409,334.815
0.332428731,335.587
0.332438052,335.555
0.332447376,335.694
0.332456739,337.048
0.332466061,335.613
0.332475370,335.103
0.332484687,335.430
0.332493989,334.848
0.332503287,334.739
0.332512582,334.638
0.332521883,334.821
0.332531179,334.635
0.332540476,334.711
0.332549776,334.793
0.332559072,334.645
0.332568395,335.650
0.332577720,335.700
0.332587039,335.486
0.332596347,335.072
0.332605673,335.761
0.332614985,335.216
0.332624283,334.712
0.332633582,334.784
0.332642878,334.645
0.332652214,336.101
0.332661545,335.931
0.332670843,334.715
0.332680143,334.807
0.332689441,334.717
0.332698763,335.589
0.332708063,334.808
0.332717386,335.644
0.332726684,334.703
0.332736038,336.743
0.332745344,335.039
0.332754670,335.714
0.332763968,334.737
0.332773285,335.411
0.332782607,335.578
0.332791943,336.108
0.332801240,334.705
0.332810565,335.697
0.332819863,334.712
0.332829158,334.640
0.332838491,335.987
0.332847813,335.587
0.332857160,336.469
0.332866486,335.747
0.332875808,335.599
0.332885105,334.695
0.332894430,335.692
0.332903744,335.307
0.332913049,334.994
0.332922376,335.767
0.332931672,334.641
0.332940999,335.764
0.332950322,335.645
0.332959646,335.666
0.332968973,335.773
0.332978308,336.039
0.332987619,335.214
0.332996944,335.682
0.333006289,336.427
0.333015629,336.265
0.333024931,334.859
0.333034229,334.729
0.333043525,334.662
0.333052827,334.850
0.333062122,334.634
0.333071423,334.827
0.333080718,334.633
0.333090016,334.722
0.333099323,335.059
0.333108645,335.594
0.333117942,334.694
0.333127241,334.740
0.333136538,334.721
0.333145874,336.092
0.333155201,335.760
0.333164518,335.399
0.333173815,334.716
0.333183168,336.701
0.333192471,334.914
0.333201770,334.744
0.333211122,336.669
0.333220439,335.410
0.333229764,335.714
0.333239073,335.117
0.333248369,334.660
0.333257697,335.805
0.333267021,335.658
0.333276317,334.664
0.333285644,335.788
0.333294962,335.431
0.333304305,336.364
0.333313604,334.741
0.333322902,334.730
0.333332197,334.635
0.333341497,334.816
0.333350795,334.698
0.333360129,336.021
0.333369426,334.722
0.333378758,335.928
0.333388058,334.812
0.333397365,335.042
0.333406663,334.722
0.333415965,334.904
0.333425263,334.720
0.333434562,334.768
0.333443861,334.753
0.333453212,336.622
0.333462531,335.497
0.333471832,334.819
0.333481153,335.585
0.333490451,334.721
0.333499777,335.747
0.333509100,335.598
0.333518400,334.810
0.333527731,335.936
0.333537075,336.375
0.333546382,335.059
0.333555704,335.569
0.333565032,335.801
0.333574361,335.865
0.333583673,335.216
0.333593020,336.488
0.333602347,335.795
0.333611643,334.649
0.333620941,334.742
0.333630240,334.755
0.333639538,334.727
0.333648865,335.782
0.333658174,335.102
0.333667472,334.725
0.333676771,334.773
0.333686080,335.133
0.333695402,335.596
0.333704729,335.769
0.333714051,335.591
0.333723371,335.526
0.333732702,335.886
0.333742024,335.595
0.333751321,334.699
0.333760646,335.692
0.333769989,336.348
0.333779284,334.646
0.333788594,335.144
0.333797908,335.301
0.333807208,334.811
0.333816505,334.698
0.333825801,334.647
0.333835101,334.808
0.333844421,335.506
0.333853718,334.706
0.333863044,335.718
0.333872368,335.677
0.333881687,335.467
0.333891042,336.799
0.333900386,336.367
0.333909707,335.579
0.333919016,335.125
0.333928338,335.596
0.333937639,334.817
0.333946934,334.634
0.333956232,334.715
0.333965532,334.787
0.333974839,335.059
0.333984136,334.696
0.333993434,334.734
0.334002732,334.715
0.334012027,334.638
0.334021354,335.771
0.334030650,334.644
0.334039986,336.112
0.334049313,335.749
0.334058628,335.347
0.334067925,334.693
0.334077223,334.743
0.334086521,334.709
0.334095819,334.731
0.334105143,335.665
0.334114484,336.281
0.334123806,335.580
0.334133130,335.678
0.334142433,334.901
0.334151740,335.055
0.334161036,334.673
0.334170334,334.723
0.334179659,335.685
0.334188957,334.717
0.334198263,335.048
0.334207590,335.763
0.334216914,335.646
0.334226210,334.655
0.334235510,334.808
0.334244850,336.238
0.334254150,334.811
0.334263471,335.548
0.334272768,334.711
0.334282095,335.756
0.334291391,334.640
0.334300688,334.694
0.334310013,335.696
0.334319310,334.715
0.334328642,335.931
0.334337968,335.763
0.334347279,335.185
0.334356579,334.802
0.334365879,334.795
0.334375175,334.651
0.334384472,334.706
0.334393797,335.692
0.334403140,336.353
0.334412450,335.155
0.334421748,334.743
0.334431097,336.547
0.334440424,335.776
0.334449748,335.651
0.334459096,336.551
0.334468423,335.769
0.334477761,336.146
0.334487058,334.718
0.334496383,335.683
0.334505707,335.665
0.334515002,334.631
0.334524303,334.817
0.334533626,335.651
0.334542925,334.740
0.334552222,334.716
0.334561534,335.203
0.334570834,334.811
0.334580129,334.636
0.334589435,335.018
0.334598763,335.793
0.334608059,334.657
0.334617384,335.688
0.334626683,334.773
0.334636027,336.395
0.334645350,335.612
0.334654677,335.796
0.334664017,336.237
0.334673336,335.485
0.334682664,335.781
0.334691960,334.661
0.334701261,334.846
0.334710557,334.645
0.334719855,334.744
0.334729180,335.688
0.334738478,334.728
0.334747773,334.638
0.334757078,334.965
0.334766402,335.654
0.334775722,335.516
0.334785022,334.806
0.334794317,334.647
0.334803641,335.665
0.334812992,336.631
0.334822311,335.487
0.334831639,335.780
0.334840961,335.607
0.334850285,335.649
0.334859615,335.905
0.334868939,335.667
0.334878261,335.581
0.334887561,334.813
0.334896893,335.933
0.334906191,334.713
0.334915490,334.795
0.334924813,335.605
0.334934136,335.643
0.334943470,336.006
0.334952767,334.713
0.334962065,334.727
0.334971390,335.710
0.334980686,334.637
0.334989986,334.817
0.334999284,334.698
0.335008606,335.593
0.335017959,336.718
0.335027277,335.438
0.335036574,334.718
0.335045899,335.679
0.335055215,335.382
0.335064547,335.943
0.335073847,334.817
0.335083144,334.700
0.335092469,335.695
0.335101767,334.719
0.335111079,335.251
0.335120380,334.810
0.335129675,334.639
0.335138999,335.668
0.335148326,335.741
0.335157621,334.642
0.335166918,334.693
0.335176243,335.699
0.335185541,334.713
0.335194860,335.482
0.335204160,334.812
0.335213471,335.194
0.335222795,335.664
0.335232149,336.731
0.335241481,335.956
0.335250788,335.056
0.335260085,334.717
