Eliminando workspace previo generado por T6: /home/javier/tfg/tfg_zedboard/sw/vitis/workspace
Creando plataforma desde XSA: /home/javier/tfg/tfg_zedboard/artifacts/hw/tfg_zedboard.xsa
Opening the hardware design, this may take few seconds.
INFO: [Hsi 55-2053] elapsed time for repository (/home/javier/Xilinx/Vitis/2022.2/data/embeddedsw) loading 0 seconds
generate_target: Time (s): cpu = 00:00:07 ; elapsed = 00:00:08 . Memory (MB): peak = 611.359 ; gain = 19.602 ; free physical = 584 ; free virtual = 7107
Starting vitis. This could take few seconds...Eclipse:
The Eclipse executable launcher no longer supports running with GTK + 2.x. Continuing using GTK+ 3.x.
done
INFO: Populating the default qemu data for the domain "standalone_domain" from the install location /home/javier/Xilinx/Vitis/2022.2/data/emulation/platforms/zynq/sw/a9_standalone/qemu/
Activando libreria xilffs en el BSP standalone
Generando plataforma: tfg_zedboard_platform
Building the zynq_fsbl application.
make: Entering directory '/home/javier/tfg/tfg_zedboard/sw/vitis/workspace/tfg_zedboard_platform/zynq_fsbl/zynq_fsbl_bsp'

make --no-print-directory seq_libs

Running Make include in ps7_cortexa9_0/libsrc/tfg_axi_lite_regs_v1_0/src

make -C ps7_cortexa9_0/libsrc/tfg_axi_lite_regs_v1_0/src -s include  "SHELL=/bin/sh" "COMPILER=arm-none-eabi-gcc" "ASSEMBLER=ar
m-none-eabi-as" "ARCHIVER=arm-none-eabi-ar" "COMPILER_FLAGS=  -O2 -c" "EXTRA_COMPILER_FLAGS=-mcpu=cortex-a9 -mfpu=vfpv3 -mfloat
-abi=hard -nostartfiles -g -Wall -Wextra -fno-tree-loop-distribute-patterns"

Running Make include in ps7_cortexa9_0/libsrc/standalone_v8_0/src

make -C ps7_cortexa9_0/libsrc/standalone_v8_0/src -s include  "SHELL=/bin/sh" "COMPILER=arm-none-eabi-gcc" "ASSEMBLER=arm-none-
eabi-as" "ARCHIVER=arm-none-eabi-ar" "COMPILER_FLAGS=  -O2 -c" "EXTRA_COMPILER_FLAGS=-mcpu=cortex-a9 -mfpu=vfpv3 -mfloat-abi=ha
rd -nostartfiles -g -Wall -Wextra -fno-tree-loop-distribute-patterns"

Running Make include in ps7_cortexa9_0/libsrc/qspips_v3_10/src

make -C ps7_cortexa9_0/libsrc/qspips_v3_10/src -s include  "SHELL=/bin/sh" "COMPILER=arm-none-eabi-gcc" "ASSEMBLER=arm-none-eab
i-as" "ARCHIVER=arm-none-eabi-ar" "COMPILER_FLAGS=  -O2 -c" "EXTRA_COMPILER_FLAGS=-mcpu=cortex-a9 -mfpu=vfpv3 -mfloat-abi=hard 
-nostartfiles -g -Wall -Wextra -fno-tree-loop-distribute-patterns"

Running Make include in ps7_cortexa9_0/libsrc/ttcps_v3_16/src

make -C ps7_cortexa9_0/libsrc/ttcps_v3_16/src -s include  "SHELL=/bin/sh" "COMPILER=arm-none-eabi-gcc" "ASSEMBLER=arm-none-eabi
-as" "ARCHIVER=arm-none-eabi-ar" "COMPILER_FLAGS=  -O2 -c" "EXTRA_COMPILER_FLAGS=-mcpu=cortex-a9 -mfpu=vfpv3 -mfloat-abi=hard -
nostartfiles -g -Wall -Wextra -fno-tree-loop-distribute-patterns"

Running Make include in ps7_cortexa9_0/libsrc/gpiops_v3_10/src

make -C ps7_cortexa9_0/libsrc/gpiops_v3_10/src -s include  "SHELL=/bin/sh" "COMPILER=arm-none-eabi-gcc" "ASSEMBLER=arm-none-eab
i-as" "ARCHIVER=arm-none-eabi-ar" "COMPILER_FLAGS=  -O2 -c" "EXTRA_COMPILER_FLAGS=-mcpu=cortex-a9 -mfpu=vfpv3 -mfloat-abi=hard 
-nostartfiles -g -Wall -Wextra -fno-tree-loop-distribute-patterns"

Running Make include in ps7_cortexa9_0/libsrc/scuwdt_v2_4/src

make -C ps7_cortexa9_0/libsrc/scuwdt_v2_4/src -s include  "SHELL=/bin/sh" "COMPILER=arm-none-eabi-gcc" "ASSEMBLER=arm-none-eabi
-as" "ARCHIVER=arm-none-eabi-ar" "COMPILER_FLAGS=  -O2 -c" "EXTRA_COMPILER_FLAGS=-mcpu=cortex-a9 -mfpu=vfpv3 -mfloat-abi=hard -
nostartfiles -g -Wall -Wextra -fno-tree-loop-distribute-patterns"

Running Make include in ps7_cortexa9_0/libsrc/devcfg_v3_7/src

make -C ps7_cortexa9_0/libsrc/devcfg_v3_7/src -s include  "SHELL=/bin/sh" "COMPILER=arm-none-eabi-gcc" "ASSEMBLER=arm-none-eabi
-as" "ARCHIVER=arm-none-eabi-ar" "COMPILER_FLAGS=  -O2 -c" "EXTRA_COMPILER_FLAGS=-mcpu=cortex-a9 -mfpu=vfpv3 -mfloat-abi=hard -
nostartfiles -g -Wall -Wextra -fno-tree-loop-distribute-patterns"

Running Make include in ps7_cortexa9_0/libsrc/scugic_v5_0/src

make -C ps7_cortexa9_0/libsrc/scugic_v5_0/src -s include  "SHELL=/bin/sh" "COMPILER=arm-none-eabi-gcc" "ASSEMBLER=arm-none-eabi
-as" "ARCHIVER=arm-none-eabi-ar" "COMPILER_FLAGS=  -O2 -c" "EXTRA_COMPILER_FLAGS=-mcpu=cortex-a9 -mfpu=vfpv3 -mfloat-abi=hard -
nostartfiles -g -Wall -Wextra -fno-tree-loop-distribute-patterns"

Running Make include in ps7_cortexa9_0/libsrc/xilrsa_v1_6/src

make -C ps7_cortexa9_0/libsrc/xilrsa_v1_6/src -s include  "SHELL=/bin/sh" "COMPILER=arm-none-eabi-gcc" "ASSEMBLER=arm-none-eabi
-as" "ARCHIVER=arm-none-eabi-ar" "COMPILER_FLAGS=  -O2 -c" "EXTRA_COMPILER_FLAGS=-mcpu=cortex-a9 -mfpu=vfpv3 -mfloat-abi=hard -
nostartfiles -g -Wall -Wextra -fno-tree-loop-distribute-patterns"

Running Make include in ps7_cortexa9_0/libsrc/uartps_v3_11/src

make -C ps7_cortexa9_0/libsrc/uartps_v3_11/src -s include  "SHELL=/bin/sh" "COMPILER=arm-none-eabi-gcc" "ASSEMBLER=arm-none-eab
i-as" "ARCHIVER=arm-none-eabi-ar" "COMPILER_FLAGS=  -O2 -c" "EXTRA_COMPILER_FLAGS=-mcpu=cortex-a9 -mfpu=vfpv3 -mfloat-abi=hard 
-nostartfiles -g -Wall -Wextra -fno-tree-loop-distribute-patterns"

Running Make include in ps7_cortexa9_0/libsrc/scutimer_v2_4/src

make -C ps7_cortexa9_0/libsrc/scutimer_v2_4/src -s include  "SHELL=/bin/sh" "COMPILER=arm-none-eabi-gcc" "ASSEMBLER=arm-none-ea
bi-as" "ARCHIVER=arm-none-eabi-ar" "COMPILER_FLAGS=  -O2 -c" "EXTRA_COMPILER_FLAGS=-mcpu=cortex-a9 -mfpu=vfpv3 -mfloat-abi=hard
 -nostartfiles -g -Wall -Wextra -fno-tree-loop-distribute-patterns"

Running Make include in ps7_cortexa9_0/libsrc/emacps_v3_17/src

make -C ps7_cortexa9_0/libsrc/emacps_v3_17/src -s include  "SHELL=/bin/sh" "COMPILER=arm-none-eabi-gcc" "ASSEMBLER=arm-none-eab
i-as" "ARCHIVER=arm-none-eabi-ar" "COMPILER_FLAGS=  -O2 -c" "EXTRA_COMPILER_FLAGS=-mcpu=cortex-a9 -mfpu=vfpv3 -mfloat-abi=hard 
-nostartfiles -g -Wall -Wextra -fno-tree-loop-distribute-patterns"

Running Make include in ps7_cortexa9_0/libsrc/usbps_v2_7/src

make -C ps7_cortexa9_0/libsrc/usbps_v2_7/src -s include  "SHELL=/bin/sh" "COMPILER=arm-none-eabi-gcc" "ASSEMBLER=arm-none-eabi-
as" "ARCHIVER=arm-none-eabi-ar" "COMPILER_FLAGS=  -O2 -c" "EXTRA_COMPILER_FLAGS=-mcpu=cortex-a9 -mfpu=vfpv3 -mfloat-abi=hard -n
ostartfiles -g -Wall -Wextra -fno-tree-loop-distribute-patterns"

Running Make include in ps7_cortexa9_0/libsrc/coresightps_dcc_v1_8/src

make -C ps7_cortexa9_0/libsrc/coresightps_dcc_v1_8/src -s include  "SHELL=/bin/sh" "COMPILER=arm-none-eabi-gcc" "ASSEMBLER=arm-
none-eabi-as" "ARCHIVER=arm-none-eabi-ar" "COMPILER_FLAGS=  -O2 -c" "EXTRA_COMPILER_FLAGS=-mcpu=cortex-a9 -mfpu=vfpv3 -mfloat-a
bi=hard -nostartfiles -g -Wall -Wextra -fno-tree-loop-distribute-patterns"

Running Make include in ps7_cortexa9_0/libsrc/ddrps_v1_2/src

make -C ps7_cortexa9_0/libsrc/ddrps_v1_2/src -s include  "SHELL=/bin/sh" "COMPILER=arm-none-eabi-gcc" "ASSEMBLER=arm-none-eabi-
as" "ARCHIVER=arm-none-eabi-ar" "COMPILER_FLAGS=  -O2 -c" "EXTRA_COMPILER_FLAGS=-mcpu=cortex-a9 -mfpu=vfpv3 -mfloat-abi=hard -n
ostartfiles -g -Wall -Wextra -fno-tree-loop-distribute-patterns"

Running Make include in ps7_cortexa9_0/libsrc/xadcps_v2_6/src

make -C ps7_cortexa9_0/libsrc/xadcps_v2_6/src -s include  "SHELL=/bin/sh" "COMPILER=arm-none-eabi-gcc" "ASSEMBLER=arm-none-eabi
-as" "ARCHIVER=arm-none-eabi-ar" "COMPILER_FLAGS=  -O2 -c" "EXTRA_COMPILER_FLAGS=-mcpu=cortex-a9 -mfpu=vfpv3 -mfloat-abi=hard -
nostartfiles -g -Wall -Wextra -fno-tree-loop-distribute-patterns"

Running Make include in ps7_cortexa9_0/libsrc/cpu_cortexa9_v2_11/src

make -C ps7_cortexa9_0/libsrc/cpu_cortexa9_v2_11/src -s include  "SHELL=/bin/sh" "COMPILER=arm-none-eabi-gcc" "ASSEMBLER=arm-no
ne-eabi-as" "ARCHIVER=arm-none-eabi-ar" "COMPILER_FLAGS=  -O2 -c" "EXTRA_COMPILER_FLAGS=-mcpu=cortex-a9 -mfpu=vfpv3 -mfloat-abi
=hard -nostartfiles -g -Wall -Wextra -fno-tree-loop-distribute-patterns"

Running Make include in ps7_cortexa9_0/libsrc/dmaps_v2_8/src

make -C ps7_cortexa9_0/libsrc/dmaps_v2_8/src -s include  "SHELL=/bin/sh" "COMPILER=arm-none-eabi-gcc" "ASSEMBLER=arm-none-eabi-
as" "ARCHIVER=arm-none-eabi-ar" "COMPILER_FLAGS=  -O2 -c" "EXTRA_COMPILER_FLAGS=-mcpu=cortex-a9 -mfpu=vfpv3 -mfloat-abi=hard -n
ostartfiles -g -Wall -Wextra -fno-tree-loop-distribute-patterns"

Running Make include in ps7_cortexa9_0/libsrc/xilffs_v4_8/src

make -C ps7_cortexa9_0/libsrc/xilffs_v4_8/src -s include  "SHELL=/bin/sh" "COMPILER=arm-none-eabi-gcc" "ASSEMBLER=arm-none-eabi
-as" "ARCHIVER=arm-none-eabi-ar" "COMPILER_FLAGS=  -O2 -c" "EXTRA_COMPILER_FLAGS=-mcpu=cortex-a9 -mfpu=vfpv3 -mfloat-abi=hard -
nostartfiles -g -Wall -Wextra -fno-tree-loop-distribute-patterns"

Running Make include in ps7_cortexa9_0/libsrc/sdps_v4_0/src

make -C ps7_cortexa9_0/libsrc/sdps_v4_0/src -s include  "SHELL=/bin/sh" "COMPILER=arm-none-eabi-gcc" "ASSEMBLER=arm-none-eabi-a
s" "ARCHIVER=arm-none-eabi-ar" "COMPILER_FLAGS=  -O2 -c" "EXTRA_COMPILER_FLAGS=-mcpu=cortex-a9 -mfpu=vfpv3 -mfloat-abi=hard -no
startfiles -g -Wall -Wextra -fno-tree-loop-distribute-patterns"

Running Make libs in ps7_cortexa9_0/libsrc/xilrsa_v1_6/src

make -C ps7_cortexa9_0/libsrc/xilrsa_v1_6/src -s libs  "SHELL=/bin/sh" "COMPILER=arm-none-eabi-gcc" "ASSEMBLER=arm-none-eabi-as
" "ARCHIVER=arm-none-eabi-ar" "COMPILER_FLAGS=  -O2 -c" "EXTRA_COMPILER_FLAGS=-mcpu=cortex-a9 -mfpu=vfpv3 -mfloat-abi=hard -nos
tartfiles -g -Wall -Wextra -fno-tree-loop-distribute-patterns"

Running Make libs in ps7_cortexa9_0/libsrc/tfg_axi_lite_regs_v1_0/src

make -C ps7_cortexa9_0/libsrc/tfg_axi_lite_regs_v1_0/src -s libs  "SHELL=/bin/sh" "COMPILER=arm-none-eabi-gcc" "ASSEMBLER=arm-n
one-eabi-as" "ARCHIVER=arm-none-eabi-ar" "COMPILER_FLAGS=  -O2 -c" "EXTRA_COMPILER_FLAGS=-mcpu=cortex-a9 -mfpu=vfpv3 -mfloat-ab
i=hard -nostartfiles -g -Wall -Wextra -fno-tree-loop-distribute-patterns"

Compiling tfg_axi_lite_regs...

tfg_axi_lite_regs_selftest.c: In function 'TFG_AXI_LITE_REGS_Reg_SelfTest':
tfg_axi_lite_regs_selftest.c:52:73: warning: comparison of integer expressions of different signedness: 'u32' {aka 'long unsigned int'} and 'int' [-Wsign-compare]
   52 |           if ( TFG_AXI_LITE_REGS_mReadReg (baseaddr, read_loop_index*4) != (read_loop_index+1)*READ_WRITE_MUL_FACTOR){
      |                                                                         ^~
tfg_axi_lite_regs_selftest.c:36:13: warning: unused variable 'Index' [-Wunused-variable]
   36 |         int Index;
      |             ^~~~~
/home/javier/Xilinx/Vitis/2022.2/gnu/aarch32/lin/gcc-arm-none-eabi/bin/../x86_64-oesdk-linux/usr/bin/arm-xilinx-eabi/arm-xilinx-eabi-ar.real: creating ../../../lib/libxil.a
Finished building libraries sequentially.

make -j 2 --no-print-directory par_libs

Running Make include in ps7_cortexa9_0/libsrc/tfg_axi_lite_regs_v1_0/src

make -C ps7_cortexa9_0/libsrc/tfg_axi_lite_regs_v1_0/src -s include  "SHELL=/bin/sh" "COMPILER=arm-none-eabi-gcc" "ASSEMBLER=ar
m-none-eabi-as" "ARCHIVER=arm-none-eabi-ar" "COMPILER_FLAGS=  -O2 -c" "EXTRA_COMPILER_FLAGS=-mcpu=cortex-a9 -mfpu=vfpv3 -mfloat
-abi=hard -nostartfiles -g -Wall -Wextra -fno-tree-loop-distribute-patterns"

Running Make include in ps7_cortexa9_0/libsrc/standalone_v8_0/src

make -C ps7_cortexa9_0/libsrc/standalone_v8_0/src -s include  "SHELL=/bin/sh" "COMPILER=arm-none-eabi-gcc" "ASSEMBLER=arm-none-
eabi-as" "ARCHIVER=arm-none-eabi-ar" "COMPILER_FLAGS=  -O2 -c" "EXTRA_COMPILER_FLAGS=-mcpu=cortex-a9 -mfpu=vfpv3 -mfloat-abi=ha
rd -nostartfiles -g -Wall -Wextra -fno-tree-loop-distribute-patterns"

Running Make include in ps7_cortexa9_0/libsrc/qspips_v3_10/src

make -C ps7_cortexa9_0/libsrc/qspips_v3_10/src -s include  "SHELL=/bin/sh" "COMPILER=arm-none-eabi-gcc" "ASSEMBLER=arm-none-eab
i-as" "ARCHIVER=arm-none-eabi-ar" "COMPILER_FLAGS=  -O2 -c" "EXTRA_COMPILER_FLAGS=-mcpu=cortex-a9 -mfpu=vfpv3 -mfloat-abi=hard 
-nostartfiles -g -Wall -Wextra -fno-tree-loop-distribute-patterns"

Running Make include in ps7_cortexa9_0/libsrc/ttcps_v3_16/src

Running Make include in ps7_cortexa9_0/libsrc/gpiops_v3_10/src

make -C ps7_cortexa9_0/libsrc/gpiops_v3_10/src -s include  "SHELL=/bin/sh" "COMPILER=arm-none-eabi-gcc" "ASSEMBLER=arm-none-eab
i-as" "ARCHIVER=arm-none-eabi-ar" "COMPILER_FLAGS=  -O2 -c" "EXTRA_COMPILER_FLAGS=-mcpu=cortex-a9 -mfpu=vfpv3 -mfloat-abi=hard 
-nostartfiles -g -Wall -Wextra -fno-tree-loop-distribute-patterns"

make -C ps7_cortexa9_0/libsrc/ttcps_v3_16/src -s include  "SHELL=/bin/sh" "COMPILER=arm-none-eabi-gcc" "ASSEMBLER=arm-none-eabi
-as" "ARCHIVER=arm-none-eabi-ar" "COMPILER_FLAGS=  -O2 -c" "EXTRA_COMPILER_FLAGS=-mcpu=cortex-a9 -mfpu=vfpv3 -mfloat-abi=hard -
nostartfiles -g -Wall -Wextra -fno-tree-loop-distribute-patterns"

Running Make include in ps7_cortexa9_0/libsrc/scuwdt_v2_4/src

make -C ps7_cortexa9_0/libsrc/scuwdt_v2_4/src -s include  "SHELL=/bin/sh" "COMPILER=arm-none-eabi-gcc" "ASSEMBLER=arm-none-eabi
-as" "ARCHIVER=arm-none-eabi-ar" "COMPILER_FLAGS=  -O2 -c" "EXTRA_COMPILER_FLAGS=-mcpu=cortex-a9 -mfpu=vfpv3 -mfloat-abi=hard -
nostartfiles -g -Wall -Wextra -fno-tree-loop-distribute-patterns"

Running Make include in ps7_cortexa9_0/libsrc/devcfg_v3_7/src

make -C ps7_cortexa9_0/libsrc/devcfg_v3_7/src -s include  "SHELL=/bin/sh" "COMPILER=arm-none-eabi-gcc" "ASSEMBLER=arm-none-eabi
-as" "ARCHIVER=arm-none-eabi-ar" "COMPILER_FLAGS=  -O2 -c" "EXTRA_COMPILER_FLAGS=-mcpu=cortex-a9 -mfpu=vfpv3 -mfloat-abi=hard -
nostartfiles -g -Wall -Wextra -fno-tree-loop-distribute-patterns"

Running Make include in ps7_cortexa9_0/libsrc/scugic_v5_0/src

make -C ps7_cortexa9_0/libsrc/scugic_v5_0/src -s include  "SHELL=/bin/sh" "COMPILER=arm-none-eabi-gcc" "ASSEMBLER=arm-none-eabi
-as" "ARCHIVER=arm-none-eabi-ar" "COMPILER_FLAGS=  -O2 -c" "EXTRA_COMPILER_FLAGS=-mcpu=cortex-a9 -mfpu=vfpv3 -mfloat-abi=hard -
nostartfiles -g -Wall -Wextra -fno-tree-loop-distribute-patterns"

Running Make include in ps7_cortexa9_0/libsrc/xilrsa_v1_6/src

make -C ps7_cortexa9_0/libsrc/xilrsa_v1_6/src -s include  "SHELL=/bin/sh" "COMPILER=arm-none-eabi-gcc" "ASSEMBLER=arm-none-eabi
-as" "ARCHIVER=arm-none-eabi-ar" "COMPILER_FLAGS=  -O2 -c" "EXTRA_COMPILER_FLAGS=-mcpu=cortex-a9 -mfpu=vfpv3 -mfloat-abi=hard -
nostartfiles -g -Wall -Wextra -fno-tree-loop-distribute-patterns"

Running Make include in ps7_cortexa9_0/libsrc/uartps_v3_11/src

make -C ps7_cortexa9_0/libsrc/uartps_v3_11/src -s include  "SHELL=/bin/sh" "COMPILER=arm-none-eabi-gcc" "ASSEMBLER=arm-none-eab
i-as" "ARCHIVER=arm-none-eabi-ar" "COMPILER_FLAGS=  -O2 -c" "EXTRA_COMPILER_FLAGS=-mcpu=cortex-a9 -mfpu=vfpv3 -mfloat-abi=hard 
-nostartfiles -g -Wall -Wextra -fno-tree-loop-distribute-patterns"

Running Make include in ps7_cortexa9_0/libsrc/scutimer_v2_4/src

make -C ps7_cortexa9_0/libsrc/scutimer_v2_4/src -s include  "SHELL=/bin/sh" "COMPILER=arm-none-eabi-gcc" "ASSEMBLER=arm-none-ea
bi-as" "ARCHIVER=arm-none-eabi-ar" "COMPILER_FLAGS=  -O2 -c" "EXTRA_COMPILER_FLAGS=-mcpu=cortex-a9 -mfpu=vfpv3 -mfloat-abi=hard
 -nostartfiles -g -Wall -Wextra -fno-tree-loop-distribute-patterns"

Running Make include in ps7_cortexa9_0/libsrc/emacps_v3_17/src

make -C ps7_cortexa9_0/libsrc/emacps_v3_17/src -s include  "SHELL=/bin/sh" "COMPILER=arm-none-eabi-gcc" "ASSEMBLER=arm-none-eab
i-as" "ARCHIVER=arm-none-eabi-ar" "COMPILER_FLAGS=  -O2 -c" "EXTRA_COMPILER_FLAGS=-mcpu=cortex-a9 -mfpu=vfpv3 -mfloat-abi=hard 
-nostartfiles -g -Wall -Wextra -fno-tree-loop-distribute-patterns"

Running Make include in ps7_cortexa9_0/libsrc/usbps_v2_7/src

make -C ps7_cortexa9_0/libsrc/usbps_v2_7/src -s include  "SHELL=/bin/sh" "COMPILER=arm-none-eabi-gcc" "ASSEMBLER=arm-none-eabi-
as" "ARCHIVER=arm-none-eabi-ar" "COMPILER_FLAGS=  -O2 -c" "EXTRA_COMPILER_FLAGS=-mcpu=cortex-a9 -mfpu=vfpv3 -mfloat-abi=hard -n
ostartfiles -g -Wall -Wextra -fno-tree-loop-distribute-patterns"

Running Make include in ps7_cortexa9_0/libsrc/coresightps_dcc_v1_8/src

make -C ps7_cortexa9_0/libsrc/coresightps_dcc_v1_8/src -s include  "SHELL=/bin/sh" "COMPILER=arm-none-eabi-gcc" "ASSEMBLER=arm-
none-eabi-as" "ARCHIVER=arm-none-eabi-ar" "COMPILER_FLAGS=  -O2 -c" "EXTRA_COMPILER_FLAGS=-mcpu=cortex-a9 -mfpu=vfpv3 -mfloat-a
bi=hard -nostartfiles -g -Wall -Wextra -fno-tree-loop-distribute-patterns"

Running Make include in ps7_cortexa9_0/libsrc/ddrps_v1_2/src

make -C ps7_cortexa9_0/libsrc/ddrps_v1_2/src -s include  "SHELL=/bin/sh" "COMPILER=arm-none-eabi-gcc" "ASSEMBLER=arm-none-eabi-
as" "ARCHIVER=arm-none-eabi-ar" "COMPILER_FLAGS=  -O2 -c" "EXTRA_COMPILER_FLAGS=-mcpu=cortex-a9 -mfpu=vfpv3 -mfloat-abi=hard -n
ostartfiles -g -Wall -Wextra -fno-tree-loop-distribute-patterns"

Running Make include in ps7_cortexa9_0/libsrc/xadcps_v2_6/src

make -C ps7_cortexa9_0/libsrc/xadcps_v2_6/src -s include  "SHELL=/bin/sh" "COMPILER=arm-none-eabi-gcc" "ASSEMBLER=arm-none-eabi
-as" "ARCHIVER=arm-none-eabi-ar" "COMPILER_FLAGS=  -O2 -c" "EXTRA_COMPILER_FLAGS=-mcpu=cortex-a9 -mfpu=vfpv3 -mfloat-abi=hard -
nostartfiles -g -Wall -Wextra -fno-tree-loop-distribute-patterns"

Running Make include in ps7_cortexa9_0/libsrc/cpu_cortexa9_v2_11/src

make -C ps7_cortexa9_0/libsrc/cpu_cortexa9_v2_11/src -s include  "SHELL=/bin/sh" "COMPILER=arm-none-eabi-gcc" "ASSEMBLER=arm-no
ne-eabi-as" "ARCHIVER=arm-none-eabi-ar" "COMPILER_FLAGS=  -O2 -c" "EXTRA_COMPILER_FLAGS=-mcpu=cortex-a9 -mfpu=vfpv3 -mfloat-abi
=hard -nostartfiles -g -Wall -Wextra -fno-tree-loop-distribute-patterns"

Running Make include in ps7_cortexa9_0/libsrc/dmaps_v2_8/src

make -C ps7_cortexa9_0/libsrc/dmaps_v2_8/src -s include  "SHELL=/bin/sh" "COMPILER=arm-none-eabi-gcc" "ASSEMBLER=arm-none-eabi-
as" "ARCHIVER=arm-none-eabi-ar" "COMPILER_FLAGS=  -O2 -c" "EXTRA_COMPILER_FLAGS=-mcpu=cortex-a9 -mfpu=vfpv3 -mfloat-abi=hard -n
ostartfiles -g -Wall -Wextra -fno-tree-loop-distribute-patterns"

Running Make include in ps7_cortexa9_0/libsrc/xilffs_v4_8/src

make -C ps7_cortexa9_0/libsrc/xilffs_v4_8/src -s include  "SHELL=/bin/sh" "COMPILER=arm-none-eabi-gcc" "ASSEMBLER=arm-none-eabi
-as" "ARCHIVER=arm-none-eabi-ar" "COMPILER_FLAGS=  -O2 -c" "EXTRA_COMPILER_FLAGS=-mcpu=cortex-a9 -mfpu=vfpv3 -mfloat-abi=hard -
nostartfiles -g -Wall -Wextra -fno-tree-loop-distribute-patterns"

Running Make include in ps7_cortexa9_0/libsrc/sdps_v4_0/src

make -C ps7_cortexa9_0/libsrc/sdps_v4_0/src -s include  "SHELL=/bin/sh" "COMPILER=arm-none-eabi-gcc" "ASSEMBLER=arm-none-eabi-a
s" "ARCHIVER=arm-none-eabi-ar" "COMPILER_FLAGS=  -O2 -c" "EXTRA_COMPILER_FLAGS=-mcpu=cortex-a9 -mfpu=vfpv3 -mfloat-abi=hard -no
startfiles -g -Wall -Wextra -fno-tree-loop-distribute-patterns"

Running Make libs in ps7_cortexa9_0/libsrc/qspips_v3_10/src

Running Make libs in ps7_cortexa9_0/libsrc/standalone_v8_0/src

make -C ps7_cortexa9_0/libsrc/qspips_v3_10/src -s libs  "SHELL=/bin/sh" "COMPILER=arm-none-eabi-gcc" "ASSEMBLER=arm-none-eabi-a
s" "ARCHIVER=arm-none-eabi-ar" "COMPILER_FLAGS=  -O2 -c" "EXTRA_COMPILER_FLAGS=-mcpu=cortex-a9 -mfpu=vfpv3 -mfloat-abi=hard -no
startfiles -g -Wall -Wextra -fno-tree-loop-distribute-patterns"

make -C ps7_cortexa9_0/libsrc/standalone_v8_0/src -s libs  "SHELL=/bin/sh" "COMPILER=arm-none-eabi-gcc" "ASSEMBLER=arm-none-eab
i-as" "ARCHIVER=arm-none-eabi-ar" "COMPILER_FLAGS=  -O2 -c" "EXTRA_COMPILER_FLAGS=-mcpu=cortex-a9 -mfpu=vfpv3 -mfloat-abi=hard 
-nostartfiles -g -Wall -Wextra -fno-tree-loop-distribute-patterns"

xtime_l.c:45:9: note: '#pragma message: For the sleep routines, Global timer is being used'
   45 | #pragma message ("For the sleep routines, Global timer is being used")
      |         ^~~~~~~
Running Make libs in ps7_cortexa9_0/libsrc/ttcps_v3_16/src

make -C ps7_cortexa9_0/libsrc/ttcps_v3_16/src -s libs  "SHELL=/bin/sh" "COMPILER=arm-none-eabi-gcc" "ASSEMBLER=arm-none-eabi-as
" "ARCHIVER=arm-none-eabi-ar" "COMPILER_FLAGS=  -O2 -c" "EXTRA_COMPILER_FLAGS=-mcpu=cortex-a9 -mfpu=vfpv3 -mfloat-abi=hard -nos
tartfiles -g -Wall -Wextra -fno-tree-loop-distribute-patterns"

Running Make libs in ps7_cortexa9_0/libsrc/gpiops_v3_10/src

make -C ps7_cortexa9_0/libsrc/gpiops_v3_10/src -s libs  "SHELL=/bin/sh" "COMPILER=arm-none-eabi-gcc" "ASSEMBLER=arm-none-eabi-a
s" "ARCHIVER=arm-none-eabi-ar" "COMPILER_FLAGS=  -O2 -c" "EXTRA_COMPILER_FLAGS=-mcpu=cortex-a9 -mfpu=vfpv3 -mfloat-abi=hard -no
startfiles -g -Wall -Wextra -fno-tree-loop-distribute-patterns"

Running Make libs in ps7_cortexa9_0/libsrc/scuwdt_v2_4/src

make -C ps7_cortexa9_0/libsrc/scuwdt_v2_4/src -s libs  "SHELL=/bin/sh" "COMPILER=arm-none-eabi-gcc" "ASSEMBLER=arm-none-eabi-as
" "ARCHIVER=arm-none-eabi-ar" "COMPILER_FLAGS=  -O2 -c" "EXTRA_COMPILER_FLAGS=-mcpu=cortex-a9 -mfpu=vfpv3 -mfloat-abi=hard -nos
tartfiles -g -Wall -Wextra -fno-tree-loop-distribute-patterns"

Running Make libs in ps7_cortexa9_0/libsrc/devcfg_v3_7/src

make -C ps7_cortexa9_0/libsrc/devcfg_v3_7/src -s libs  "SHELL=/bin/sh" "COMPILER=arm-none-eabi-gcc" "ASSEMBLER=arm-none-eabi-as
" "ARCHIVER=arm-none-eabi-ar" "COMPILER_FLAGS=  -O2 -c" "EXTRA_COMPILER_FLAGS=-mcpu=cortex-a9 -mfpu=vfpv3 -mfloat-abi=hard -nos
tartfiles -g -Wall -Wextra -fno-tree-loop-distribute-patterns"

Running Make libs in ps7_cortexa9_0/libsrc/scugic_v5_0/src

make -C ps7_cortexa9_0/libsrc/scugic_v5_0/src -s libs  "SHELL=/bin/sh" "COMPILER=arm-none-eabi-gcc" "ASSEMBLER=arm-none-eabi-as
" "ARCHIVER=arm-none-eabi-ar" "COMPILER_FLAGS=  -O2 -c" "EXTRA_COMPILER_FLAGS=-mcpu=cortex-a9 -mfpu=vfpv3 -mfloat-abi=hard -nos
tartfiles -g -Wall -Wextra -fno-tree-loop-distribute-patterns"

Running Make libs in ps7_cortexa9_0/libsrc/uartps_v3_11/src

make -C ps7_cortexa9_0/libsrc/uartps_v3_11/src -s libs  "SHELL=/bin/sh" "COMPILER=arm-none-eabi-gcc" "ASSEMBLER=arm-none-eabi-a
s" "ARCHIVER=arm-none-eabi-ar" "COMPILER_FLAGS=  -O2 -c" "EXTRA_COMPILER_FLAGS=-mcpu=cortex-a9 -mfpu=vfpv3 -mfloat-abi=hard -no
startfiles -g -Wall -Wextra -fno-tree-loop-distribute-patterns"

Running Make libs in ps7_cortexa9_0/libsrc/scutimer_v2_4/src

make -C ps7_cortexa9_0/libsrc/scutimer_v2_4/src -s libs  "SHELL=/bin/sh" "COMPILER=arm-none-eabi-gcc" "ASSEMBLER=arm-none-eabi-
as" "ARCHIVER=arm-none-eabi-ar" "COMPILER_FLAGS=  -O2 -c" "EXTRA_COMPILER_FLAGS=-mcpu=cortex-a9 -mfpu=vfpv3 -mfloat-abi=hard -n
ostartfiles -g -Wall -Wextra -fno-tree-loop-distribute-patterns"

Running Make libs in ps7_cortexa9_0/libsrc/emacps_v3_17/src

make -C ps7_cortexa9_0/libsrc/emacps_v3_17/src -s libs  "SHELL=/bin/sh" "COMPILER=arm-none-eabi-gcc" "ASSEMBLER=arm-none-eabi-a
s" "ARCHIVER=arm-none-eabi-ar" "COMPILER_FLAGS=  -O2 -c" "EXTRA_COMPILER_FLAGS=-mcpu=cortex-a9 -mfpu=vfpv3 -mfloat-abi=hard -no
startfiles -g -Wall -Wextra -fno-tree-loop-distribute-patterns"

Running Make libs in ps7_cortexa9_0/libsrc/usbps_v2_7/src

make -C ps7_cortexa9_0/libsrc/usbps_v2_7/src -s libs  "SHELL=/bin/sh" "COMPILER=arm-none-eabi-gcc" "ASSEMBLER=arm-none-eabi-as"
 "ARCHIVER=arm-none-eabi-ar" "COMPILER_FLAGS=  -O2 -c" "EXTRA_COMPILER_FLAGS=-mcpu=cortex-a9 -mfpu=vfpv3 -mfloat-abi=hard -nost
artfiles -g -Wall -Wextra -fno-tree-loop-distribute-patterns"

Running Make libs in ps7_cortexa9_0/libsrc/coresightps_dcc_v1_8/src

make -C ps7_cortexa9_0/libsrc/coresightps_dcc_v1_8/src -s libs  "SHELL=/bin/sh" "COMPILER=arm-none-eabi-gcc" "ASSEMBLER=arm-non
e-eabi-as" "ARCHIVER=arm-none-eabi-ar" "COMPILER_FLAGS=  -O2 -c" "EXTRA_COMPILER_FLAGS=-mcpu=cortex-a9 -mfpu=vfpv3 -mfloat-abi=
hard -nostartfiles -g -Wall -Wextra -fno-tree-loop-distribute-patterns"

Running Make libs in ps7_cortexa9_0/libsrc/ddrps_v1_2/src

make -C ps7_cortexa9_0/libsrc/ddrps_v1_2/src -s libs  "SHELL=/bin/sh" "COMPILER=arm-none-eabi-gcc" "ASSEMBLER=arm-none-eabi-as"
 "ARCHIVER=arm-none-eabi-ar" "COMPILER_FLAGS=  -O2 -c" "EXTRA_COMPILER_FLAGS=-mcpu=cortex-a9 -mfpu=vfpv3 -mfloat-abi=hard -nost
artfiles -g -Wall -Wextra -fno-tree-loop-distribute-patterns"

Running Make libs in ps7_cortexa9_0/libsrc/xadcps_v2_6/src

make -C ps7_cortexa9_0/libsrc/xadcps_v2_6/src -s libs  "SHELL=/bin/sh" "COMPILER=arm-none-eabi-gcc" "ASSEMBLER=arm-none-eabi-as
" "ARCHIVER=arm-none-eabi-ar" "COMPILER_FLAGS=  -O2 -c" "EXTRA_COMPILER_FLAGS=-mcpu=cortex-a9 -mfpu=vfpv3 -mfloat-abi=hard -nos
tartfiles -g -Wall -Wextra -fno-tree-loop-distribute-patterns"

Running Make libs in ps7_cortexa9_0/libsrc/cpu_cortexa9_v2_11/src

make -C ps7_cortexa9_0/libsrc/cpu_cortexa9_v2_11/src -s libs  "SHELL=/bin/sh" "COMPILER=arm-none-eabi-gcc" "ASSEMBLER=arm-none-
eabi-as" "ARCHIVER=arm-none-eabi-ar" "COMPILER_FLAGS=  -O2 -c" "EXTRA_COMPILER_FLAGS=-mcpu=cortex-a9 -mfpu=vfpv3 -mfloat-abi=ha
rd -nostartfiles -g -Wall -Wextra -fno-tree-loop-distribute-patterns"

Running Make libs in ps7_cortexa9_0/libsrc/dmaps_v2_8/src

make -C ps7_cortexa9_0/libsrc/dmaps_v2_8/src -s libs  "SHELL=/bin/sh" "COMPILER=arm-none-eabi-gcc" "ASSEMBLER=arm-none-eabi-as"
 "ARCHIVER=arm-none-eabi-ar" "COMPILER_FLAGS=  -O2 -c" "EXTRA_COMPILER_FLAGS=-mcpu=cortex-a9 -mfpu=vfpv3 -mfloat-abi=hard -nost
artfiles -g -Wall -Wextra -fno-tree-loop-distribute-patterns"

Running Make libs in ps7_cortexa9_0/libsrc/xilffs_v4_8/src

make -C ps7_cortexa9_0/libsrc/xilffs_v4_8/src -s libs  "SHELL=/bin/sh" "COMPILER=arm-none-eabi-gcc" "ASSEMBLER=arm-none-eabi-as
" "ARCHIVER=arm-none-eabi-ar" "COMPILER_FLAGS=  -O2 -c" "EXTRA_COMPILER_FLAGS=-mcpu=cortex-a9 -mfpu=vfpv3 -mfloat-abi=hard -nos
tartfiles -g -Wall -Wextra -fno-tree-loop-distribute-patterns"

Running Make libs in ps7_cortexa9_0/libsrc/sdps_v4_0/src

make -C ps7_cortexa9_0/libsrc/sdps_v4_0/src -s libs  "SHELL=/bin/sh" "COMPILER=arm-none-eabi-gcc" "ASSEMBLER=arm-none-eabi-as" 
"ARCHIVER=arm-none-eabi-ar" "COMPILER_FLAGS=  -O2 -c" "EXTRA_COMPILER_FLAGS=-mcpu=cortex-a9 -mfpu=vfpv3 -mfloat-abi=hard -nosta
rtfiles -g -Wall -Wextra -fno-tree-loop-distribute-patterns"

Finished building libraries parallelly.

make --no-print-directory archive

arm-none-eabi-ar -r  ps7_cortexa9_0/lib/libxil.a ps7_cortexa9_0/lib/_exit.o ps7_cortexa9_0/lib/_open.o ps7_cortexa9_0/lib/_sbrk
.o ps7_cortexa9_0/lib/abort.o ps7_cortexa9_0/lib/asm_vectors.o ps7_cortexa9_0/lib/boot.o ps7_cortexa9_0/lib/close.o ps7_cortexa
9_0/lib/cpputest_time.o ps7_cortexa9_0/lib/cpu_init.o ps7_cortexa9_0/lib/errno.o ps7_cortexa9_0/lib/fcntl.o ps7_cortexa9_0/lib/
fstat.o ps7_cortexa9_0/lib/getpid.o ps7_cortexa9_0/lib/inbyte.o ps7_cortexa9_0/lib/isatty.o ps7_cortexa9_0/lib/kill.o ps7_corte
xa9_0/lib/lseek.o ps7_cortexa9_0/lib/open.o ps7_cortexa9_0/lib/outbyte.o ps7_cortexa9_0/lib/print.o ps7_cortexa9_0/lib/putnum.o
 ps7_cortexa9_0/lib/read.o ps7_cortexa9_0/lib/sbrk.o ps7_cortexa9_0/lib/sleep.o ps7_cortexa9_0/lib/time.o ps7_cortexa9_0/lib/tr
anslation_table.o ps7_cortexa9_0/lib/unlink.o ps7_cortexa9_0/lib/usleep.o ps7_cortexa9_0/lib/vectors.o ps7_cortexa9_0/lib/write
.o ps7_cortexa9_0/lib/xadcps.o ps7_cortexa9_0/lib/xadcps_g.o ps7_cortexa9_0/lib/xadcps_intr.o ps7_cortexa9_0/lib/xadcps_selftes
t.o ps7_cortexa9_0/lib/xadcps_sinit.o ps7_cortexa9_0/lib/xcoresightpsdcc.o ps7_cortexa9_0/lib/xdevcfg.o ps7_cortexa9_0/lib/xdev
cfg_g.o ps7_cortexa9_0/lib/xdevcfg_hw.o ps7_cortexa9_0/lib/xdevcfg_intr.o ps7_cortexa9_0/lib/xdevcfg_selftest.o ps7_cortexa9_0/
lib/xdevcfg_sinit.o ps7_cortexa9_0/lib/xdmaps.o ps7_cortexa9_0/lib/xdmaps_g.o ps7_cortexa9_0/lib/xdmaps_hw.o ps7_cortexa9_0/lib
/xdmaps_selftest.o ps7_cortexa9_0/lib/xdmaps_sinit.o ps7_cortexa9_0/lib/xemacps.o ps7_cortexa9_0/lib/xemacps_bdring.o ps7_corte
xa9_0/lib/xemacps_control.o ps7_cortexa9_0/lib/xemacps_g.o ps7_cortexa9_0/lib/xemacps_hw.o ps7_cortexa9_0/lib/xemacps_intr.o ps
7_cortexa9_0/lib/xemacps_sinit.o ps7_cortexa9_0/lib/xgpiops.o ps7_cortexa9_0/lib/xgpiops_g.o ps7_cortexa9_0/lib/xgpiops_hw.o ps
7_cortexa9_0/lib/xgpiops_intr.o ps7_cortexa9_0/lib/xgpiops_selftest.o ps7_cortexa9_0/lib/xgpiops_sinit.o ps7_cortexa9_0/lib/xil
-crt0.o ps7_cortexa9_0/lib/xil_assert.o ps7_cortexa9_0/lib/xil_cache.o ps7_cortexa9_0/lib/xil_clocking.o ps7_cortexa9_0/lib/xil
_exception.o ps7_cortexa9_0/lib/xil_mem.o ps7_cortexa9_0/lib/xil_misc_psreset_api.o ps7_cortexa9_0/lib/xil_mmu.o ps7_cortexa9_0
/lib/xil_printf.o ps7_cortexa9_0/lib/xil_sleepcommon.o ps7_cortexa9_0/lib/xil_sleeptimer.o ps7_cortexa9_0/lib/xil_spinlock.o ps
7_cortexa9_0/lib/xil_testcache.o ps7_cortexa9_0/lib/xil_testio.o ps7_cortexa9_0/lib/xil_testmem.o ps7_cortexa9_0/lib/xil_util.o
 ps7_cortexa9_0/lib/xinterrupt_wrap.o ps7_cortexa9_0/lib/xl2cc_counter.o ps7_cortexa9_0/lib/xplatform_info.o ps7_cortexa9_0/lib
/xpm_counter.o ps7_cortexa9_0/lib/xqspips.o ps7_cortexa9_0/lib/xqspips_g.o ps7_cortexa9_0/lib/xqspips_hw.o ps7_cortexa9_0/lib/x
qspips_options.o ps7_cortexa9_0/lib/xqspips_selftest.o ps7_cortexa9_0/lib/xqspips_sinit.o ps7_cortexa9_0/lib/xscugic.o ps7_cort
exa9_0/lib/xscugic_g.o ps7_cortexa9_0/lib/xscugic_hw.o ps7_cortexa9_0/lib/xscugic_intr.o ps7_cortexa9_0/lib/xscugic_selftest.o 
ps7_cortexa9_0/lib/xscugic_sinit.o ps7_cortexa9_0/lib/xscutimer.o ps7_cortexa9_0/lib/xscutimer_g.o ps7_cortexa9_0/lib/xscutimer
_selftest.o ps7_cortexa9_0/lib/xscutimer_sinit.o ps7_cortexa9_0/lib/xscuwdt.o ps7_cortexa9_0/lib/xscuwdt_g.o ps7_cortexa9_0/lib
/xscuwdt_selftest.o ps7_cortexa9_0/lib/xscuwdt_sinit.o ps7_cortexa9_0/lib/xsdps.o ps7_cortexa9_0/lib/xsdps_card.o ps7_cortexa9_
0/lib/xsdps_g.o ps7_cortexa9_0/lib/xsdps_host.o ps7_cortexa9_0/lib/xsdps_options.o ps7_cortexa9_0/lib/xsdps_sinit.o ps7_cortexa
9_0/lib/xtime_l.o ps7_cortexa9_0/lib/xttcps.o ps7_cortexa9_0/lib/xttcps_g.o ps7_cortexa9_0/lib/xttcps_options.o ps7_cortexa9_0/
lib/xttcps_selftest.o ps7_cortexa9_0/lib/xttcps_sinit.o ps7_cortexa9_0/lib/xuartps.o ps7_cortexa9_0/lib/xuartps_g.o ps7_cortexa
9_0/lib/xuartps_hw.o ps7_cortexa9_0/lib/xuartps_intr.o ps7_cortexa9_0/lib/xuartps_options.o ps7_cortexa9_0/lib/xuartps_selftest
.o ps7_cortexa9_0/lib/xuartps_sinit.o ps7_cortexa9_0/lib/xusbps.o ps7_cortexa9_0/lib/xusbps_endpoint.o ps7_cortexa9_0/lib/xusbp
s_g.o ps7_cortexa9_0/lib/xusbps_hw.o ps7_cortexa9_0/lib/xusbps_intr.o ps7_cortexa9_0/lib/xusbps_sinit.o

Finished building libraries

make: Leaving directory '/home/javier/tfg/tfg_zedboard/sw/vitis/workspace/tfg_zedboard_platform/zynq_fsbl/zynq_fsbl_bsp'

arm-none-eabi-gcc  -O2 -c -MMD -MP       -mcpu=cortex-a9 -mfpu=vfpv3 -mfloat-abi=hard  -c pcap.c -o pcap.o -Izynq_fsbl_bsp/ps7_
cortexa9_0/include -I.

arm-none-eabi-gcc  -O2 -c -MMD -MP       -mcpu=cortex-a9 -mfpu=vfpv3 -mfloat-abi=hard  -c main.c -o main.o -Izynq_fsbl_bsp/ps7_
cortexa9_0/include -I.

arm-none-eabi-gcc  -O2 -c -MMD -MP       -mcpu=cortex-a9 -mfpu=vfpv3 -mfloat-abi=hard  -c qspi.c -o qspi.o -Izynq_fsbl_bsp/ps7_
cortexa9_0/include -I.

arm-none-eabi-gcc  -O2 -c -MMD -MP       -mcpu=cortex-a9 -mfpu=vfpv3 -mfloat-abi=hard  -c rsa.c -o rsa.o -Izynq_fsbl_bsp/ps7_co
rtexa9_0/include -I.

arm-none-eabi-gcc  -O2 -c -MMD -MP       -mcpu=cortex-a9 -mfpu=vfpv3 -mfloat-abi=hard  -c nand.c -o nand.o -Izynq_fsbl_bsp/ps7_
cortexa9_0/include -I.

arm-none-eabi-gcc  -O2 -c -MMD -MP       -mcpu=cortex-a9 -mfpu=vfpv3 -mfloat-abi=hard  -c fsbl_hooks.c -o fsbl_hooks.o -Izynq_f
sbl_bsp/ps7_cortexa9_0/include -I.

arm-none-eabi-gcc  -O2 -c -MMD -MP       -mcpu=cortex-a9 -mfpu=vfpv3 -mfloat-abi=hard  -c md5.c -o md5.o -Izynq_fsbl_bsp/ps7_co
rtexa9_0/include -I.

arm-none-eabi-gcc  -O2 -c -MMD -MP       -mcpu=cortex-a9 -mfpu=vfpv3 -mfloat-abi=hard  -c image_mover.c -o image_mover.o -Izynq
_fsbl_bsp/ps7_cortexa9_0/include -I.

arm-none-eabi-gcc  -O2 -c -MMD -MP       -mcpu=cortex-a9 -mfpu=vfpv3 -mfloat-abi=hard  -c ps7_init.c -o ps7_init.o -Izynq_fsbl_
bsp/ps7_cortexa9_0/include -I.

arm-none-eabi-gcc  -O2 -c -MMD -MP       -mcpu=cortex-a9 -mfpu=vfpv3 -mfloat-abi=hard  -c nor.c -o nor.o -Izynq_fsbl_bsp/ps7_co
rtexa9_0/include -I.

arm-none-eabi-gcc  -O2 -c -MMD -MP       -mcpu=cortex-a9 -mfpu=vfpv3 -mfloat-abi=hard  -c sd.c -o sd.o -Izynq_fsbl_bsp/ps7_cort
exa9_0/include -I.

arm-none-eabi-gcc  -O2 -c -MMD -MP       -mcpu=cortex-a9 -mfpu=vfpv3 -mfloat-abi=hard  -c fsbl_handoff.S -o fsbl_handoff.o -Izy
nq_fsbl_bsp/ps7_cortexa9_0/include -I.

arm-none-eabi-gcc -o fsbl.elf fsbl_handoff.o fsbl_hooks.o image_mover.o main.o md5.o nand.o nor.o pcap.o ps7_init.o qspi.o rsa.
o sd.o -MMD -MP       -mcpu=cortex-a9 -mfpu=vfpv3 -mfloat-abi=hard   -mcpu=cortex-a9 -mfpu=vfpv3 -mfloat-abi=hard -Wl,-build-id
=none -specs=Xilinx.spec  -lrsa -Wl,--start-group,-lxil,-lgcc,-lc,--end-group -Wl,--start-group,-lxilffs,-lxil,-lgcc,-lc,--end-
group -Wl,--start-group,-lrsa,-lxil,-lgcc,-lc,--end-group                                     -Wl,--gc-sections -Lzynq_fsbl_bsp
/ps7_cortexa9_0/lib -L./ -Tlscript.ld

Building the BSP Library for domain  - standalone_domain on processor ps7_cortexa9_0
make --no-print-directory seq_libs

Running Make include in ps7_cortexa9_0/libsrc/tfg_axi_lite_regs_v1_0/src

make -C ps7_cortexa9_0/libsrc/tfg_axi_lite_regs_v1_0/src -s include  "SHELL=/bin/sh" "COMPILER=arm-none-eabi-gcc" "ASSEMBLER=ar
m-none-eabi-as" "ARCHIVER=arm-none-eabi-ar" "COMPILER_FLAGS=  -O2 -c" "EXTRA_COMPILER_FLAGS=-mcpu=cortex-a9 -mfpu=vfpv3 -mfloat
-abi=hard -nostartfiles -g -Wall -Wextra -fno-tree-loop-distribute-patterns"

Running Make include in ps7_cortexa9_0/libsrc/standalone_v8_0/src

make -C ps7_cortexa9_0/libsrc/standalone_v8_0/src -s include  "SHELL=/bin/sh" "COMPILER=arm-none-eabi-gcc" "ASSEMBLER=arm-none-
eabi-as" "ARCHIVER=arm-none-eabi-ar" "COMPILER_FLAGS=  -O2 -c" "EXTRA_COMPILER_FLAGS=-mcpu=cortex-a9 -mfpu=vfpv3 -mfloat-abi=ha
rd -nostartfiles -g -Wall -Wextra -fno-tree-loop-distribute-patterns"

Running Make include in ps7_cortexa9_0/libsrc/qspips_v3_10/src

make -C ps7_cortexa9_0/libsrc/qspips_v3_10/src -s include  "SHELL=/bin/sh" "COMPILER=arm-none-eabi-gcc" "ASSEMBLER=arm-none-eab
i-as" "ARCHIVER=arm-none-eabi-ar" "COMPILER_FLAGS=  -O2 -c" "EXTRA_COMPILER_FLAGS=-mcpu=cortex-a9 -mfpu=vfpv3 -mfloat-abi=hard 
-nostartfiles -g -Wall -Wextra -fno-tree-loop-distribute-patterns"

Running Make include in ps7_cortexa9_0/libsrc/ttcps_v3_16/src

make -C ps7_cortexa9_0/libsrc/ttcps_v3_16/src -s include  "SHELL=/bin/sh" "COMPILER=arm-none-eabi-gcc" "ASSEMBLER=arm-none-eabi
-as" "ARCHIVER=arm-none-eabi-ar" "COMPILER_FLAGS=  -O2 -c" "EXTRA_COMPILER_FLAGS=-mcpu=cortex-a9 -mfpu=vfpv3 -mfloat-abi=hard -
nostartfiles -g -Wall -Wextra -fno-tree-loop-distribute-patterns"

Running Make include in ps7_cortexa9_0/libsrc/gpiops_v3_10/src

make -C ps7_cortexa9_0/libsrc/gpiops_v3_10/src -s include  "SHELL=/bin/sh" "COMPILER=arm-none-eabi-gcc" "ASSEMBLER=arm-none-eab
i-as" "ARCHIVER=arm-none-eabi-ar" "COMPILER_FLAGS=  -O2 -c" "EXTRA_COMPILER_FLAGS=-mcpu=cortex-a9 -mfpu=vfpv3 -mfloat-abi=hard 
-nostartfiles -g -Wall -Wextra -fno-tree-loop-distribute-patterns"

Running Make include in ps7_cortexa9_0/libsrc/scuwdt_v2_4/src

make -C ps7_cortexa9_0/libsrc/scuwdt_v2_4/src -s include  "SHELL=/bin/sh" "COMPILER=arm-none-eabi-gcc" "ASSEMBLER=arm-none-eabi
-as" "ARCHIVER=arm-none-eabi-ar" "COMPILER_FLAGS=  -O2 -c" "EXTRA_COMPILER_FLAGS=-mcpu=cortex-a9 -mfpu=vfpv3 -mfloat-abi=hard -
nostartfiles -g -Wall -Wextra -fno-tree-loop-distribute-patterns"

Running Make include in ps7_cortexa9_0/libsrc/devcfg_v3_7/src

make -C ps7_cortexa9_0/libsrc/devcfg_v3_7/src -s include  "SHELL=/bin/sh" "COMPILER=arm-none-eabi-gcc" "ASSEMBLER=arm-none-eabi
-as" "ARCHIVER=arm-none-eabi-ar" "COMPILER_FLAGS=  -O2 -c" "EXTRA_COMPILER_FLAGS=-mcpu=cortex-a9 -mfpu=vfpv3 -mfloat-abi=hard -
nostartfiles -g -Wall -Wextra -fno-tree-loop-distribute-patterns"

Running Make include in ps7_cortexa9_0/libsrc/scugic_v5_0/src

make -C ps7_cortexa9_0/libsrc/scugic_v5_0/src -s include  "SHELL=/bin/sh" "COMPILER=arm-none-eabi-gcc" "ASSEMBLER=arm-none-eabi
-as" "ARCHIVER=arm-none-eabi-ar" "COMPILER_FLAGS=  -O2 -c" "EXTRA_COMPILER_FLAGS=-mcpu=cortex-a9 -mfpu=vfpv3 -mfloat-abi=hard -
nostartfiles -g -Wall -Wextra -fno-tree-loop-distribute-patterns"

Running Make include in ps7_cortexa9_0/libsrc/uartps_v3_11/src

make -C ps7_cortexa9_0/libsrc/uartps_v3_11/src -s include  "SHELL=/bin/sh" "COMPILER=arm-none-eabi-gcc" "ASSEMBLER=arm-none-eab
i-as" "ARCHIVER=arm-none-eabi-ar" "COMPILER_FLAGS=  -O2 -c" "EXTRA_COMPILER_FLAGS=-mcpu=cortex-a9 -mfpu=vfpv3 -mfloat-abi=hard 
-nostartfiles -g -Wall -Wextra -fno-tree-loop-distribute-patterns"

Running Make include in ps7_cortexa9_0/libsrc/scutimer_v2_4/src

make -C ps7_cortexa9_0/libsrc/scutimer_v2_4/src -s include  "SHELL=/bin/sh" "COMPILER=arm-none-eabi-gcc" "ASSEMBLER=arm-none-ea
bi-as" "ARCHIVER=arm-none-eabi-ar" "COMPILER_FLAGS=  -O2 -c" "EXTRA_COMPILER_FLAGS=-mcpu=cortex-a9 -mfpu=vfpv3 -mfloat-abi=hard
 -nostartfiles -g -Wall -Wextra -fno-tree-loop-distribute-patterns"

Running Make include in ps7_cortexa9_0/libsrc/emacps_v3_17/src

make -C ps7_cortexa9_0/libsrc/emacps_v3_17/src -s include  "SHELL=/bin/sh" "COMPILER=arm-none-eabi-gcc" "ASSEMBLER=arm-none-eab
i-as" "ARCHIVER=arm-none-eabi-ar" "COMPILER_FLAGS=  -O2 -c" "EXTRA_COMPILER_FLAGS=-mcpu=cortex-a9 -mfpu=vfpv3 -mfloat-abi=hard 
-nostartfiles -g -Wall -Wextra -fno-tree-loop-distribute-patterns"

Running Make include in ps7_cortexa9_0/libsrc/usbps_v2_7/src

make -C ps7_cortexa9_0/libsrc/usbps_v2_7/src -s include  "SHELL=/bin/sh" "COMPILER=arm-none-eabi-gcc" "ASSEMBLER=arm-none-eabi-
as" "ARCHIVER=arm-none-eabi-ar" "COMPILER_FLAGS=  -O2 -c" "EXTRA_COMPILER_FLAGS=-mcpu=cortex-a9 -mfpu=vfpv3 -mfloat-abi=hard -n
ostartfiles -g -Wall -Wextra -fno-tree-loop-distribute-patterns"

Running Make include in ps7_cortexa9_0/libsrc/coresightps_dcc_v1_8/src

make -C ps7_cortexa9_0/libsrc/coresightps_dcc_v1_8/src -s include  "SHELL=/bin/sh" "COMPILER=arm-none-eabi-gcc" "ASSEMBLER=arm-
none-eabi-as" "ARCHIVER=arm-none-eabi-ar" "COMPILER_FLAGS=  -O2 -c" "EXTRA_COMPILER_FLAGS=-mcpu=cortex-a9 -mfpu=vfpv3 -mfloat-a
bi=hard -nostartfiles -g -Wall -Wextra -fno-tree-loop-distribute-patterns"

Running Make include in ps7_cortexa9_0/libsrc/ddrps_v1_2/src

make -C ps7_cortexa9_0/libsrc/ddrps_v1_2/src -s include  "SHELL=/bin/sh" "COMPILER=arm-none-eabi-gcc" "ASSEMBLER=arm-none-eabi-
as" "ARCHIVER=arm-none-eabi-ar" "COMPILER_FLAGS=  -O2 -c" "EXTRA_COMPILER_FLAGS=-mcpu=cortex-a9 -mfpu=vfpv3 -mfloat-abi=hard -n
ostartfiles -g -Wall -Wextra -fno-tree-loop-distribute-patterns"

Running Make include in ps7_cortexa9_0/libsrc/xadcps_v2_6/src

make -C ps7_cortexa9_0/libsrc/xadcps_v2_6/src -s include  "SHELL=/bin/sh" "COMPILER=arm-none-eabi-gcc" "ASSEMBLER=arm-none-eabi
-as" "ARCHIVER=arm-none-eabi-ar" "COMPILER_FLAGS=  -O2 -c" "EXTRA_COMPILER_FLAGS=-mcpu=cortex-a9 -mfpu=vfpv3 -mfloat-abi=hard -
nostartfiles -g -Wall -Wextra -fno-tree-loop-distribute-patterns"

Running Make include in ps7_cortexa9_0/libsrc/cpu_cortexa9_v2_11/src

make -C ps7_cortexa9_0/libsrc/cpu_cortexa9_v2_11/src -s include  "SHELL=/bin/sh" "COMPILER=arm-none-eabi-gcc" "ASSEMBLER=arm-no
ne-eabi-as" "ARCHIVER=arm-none-eabi-ar" "COMPILER_FLAGS=  -O2 -c" "EXTRA_COMPILER_FLAGS=-mcpu=cortex-a9 -mfpu=vfpv3 -mfloat-abi
=hard -nostartfiles -g -Wall -Wextra -fno-tree-loop-distribute-patterns"

Running Make include in ps7_cortexa9_0/libsrc/dmaps_v2_8/src

make -C ps7_cortexa9_0/libsrc/dmaps_v2_8/src -s include  "SHELL=/bin/sh" "COMPILER=arm-none-eabi-gcc" "ASSEMBLER=arm-none-eabi-
as" "ARCHIVER=arm-none-eabi-ar" "COMPILER_FLAGS=  -O2 -c" "EXTRA_COMPILER_FLAGS=-mcpu=cortex-a9 -mfpu=vfpv3 -mfloat-abi=hard -n
ostartfiles -g -Wall -Wextra -fno-tree-loop-distribute-patterns"

Running Make include in ps7_cortexa9_0/libsrc/xilffs_v4_8/src

make -C ps7_cortexa9_0/libsrc/xilffs_v4_8/src -s include  "SHELL=/bin/sh" "COMPILER=arm-none-eabi-gcc" "ASSEMBLER=arm-none-eabi
-as" "ARCHIVER=arm-none-eabi-ar" "COMPILER_FLAGS=  -O2 -c" "EXTRA_COMPILER_FLAGS=-mcpu=cortex-a9 -mfpu=vfpv3 -mfloat-abi=hard -
nostartfiles -g -Wall -Wextra -fno-tree-loop-distribute-patterns"

Running Make include in ps7_cortexa9_0/libsrc/sdps_v4_0/src

make -C ps7_cortexa9_0/libsrc/sdps_v4_0/src -s include  "SHELL=/bin/sh" "COMPILER=arm-none-eabi-gcc" "ASSEMBLER=arm-none-eabi-a
s" "ARCHIVER=arm-none-eabi-ar" "COMPILER_FLAGS=  -O2 -c" "EXTRA_COMPILER_FLAGS=-mcpu=cortex-a9 -mfpu=vfpv3 -mfloat-abi=hard -no
startfiles -g -Wall -Wextra -fno-tree-loop-distribute-patterns"

Running Make libs in ps7_cortexa9_0/libsrc/tfg_axi_lite_regs_v1_0/src

make -C ps7_cortexa9_0/libsrc/tfg_axi_lite_regs_v1_0/src -s libs  "SHELL=/bin/sh" "COMPILER=arm-none-eabi-gcc" "ASSEMBLER=arm-n
one-eabi-as" "ARCHIVER=arm-none-eabi-ar" "COMPILER_FLAGS=  -O2 -c" "EXTRA_COMPILER_FLAGS=-mcpu=cortex-a9 -mfpu=vfpv3 -mfloat-ab
i=hard -nostartfiles -g -Wall -Wextra -fno-tree-loop-distribute-patterns"

Compiling tfg_axi_lite_regs...

tfg_axi_lite_regs_selftest.c: In function 'TFG_AXI_LITE_REGS_Reg_SelfTest':
tfg_axi_lite_regs_selftest.c:52:73: warning: comparison of integer expressions of different signedness: 'u32' {aka 'long unsigned int'} and 'int' [-Wsign-compare]
   52 |           if ( TFG_AXI_LITE_REGS_mReadReg (baseaddr, read_loop_index*4) != (read_loop_index+1)*READ_WRITE_MUL_FACTOR){
      |                                                                         ^~
tfg_axi_lite_regs_selftest.c:36:13: warning: unused variable 'Index' [-Wunused-variable]
   36 |         int Index;
      |             ^~~~~
/home/javier/Xilinx/Vitis/2022.2/gnu/aarch32/lin/gcc-arm-none-eabi/bin/../x86_64-oesdk-linux/usr/bin/arm-xilinx-eabi/arm-xilinx-eabi-ar.real: creating ../../../lib/libxil.a
Finished building libraries sequentially.

make -j 2 --no-print-directory par_libs

Running Make include in ps7_cortexa9_0/libsrc/tfg_axi_lite_regs_v1_0/src

make -C ps7_cortexa9_0/libsrc/tfg_axi_lite_regs_v1_0/src -s include  "SHELL=/bin/sh" "COMPILER=arm-none-eabi-gcc" "ASSEMBLER=ar
m-none-eabi-as" "ARCHIVER=arm-none-eabi-ar" "COMPILER_FLAGS=  -O2 -c" "EXTRA_COMPILER_FLAGS=-mcpu=cortex-a9 -mfpu=vfpv3 -mfloat
-abi=hard -nostartfiles -g -Wall -Wextra -fno-tree-loop-distribute-patterns"

Running Make include in ps7_cortexa9_0/libsrc/standalone_v8_0/src

make -C ps7_cortexa9_0/libsrc/standalone_v8_0/src -s include  "SHELL=/bin/sh" "COMPILER=arm-none-eabi-gcc" "ASSEMBLER=arm-none-
eabi-as" "ARCHIVER=arm-none-eabi-ar" "COMPILER_FLAGS=  -O2 -c" "EXTRA_COMPILER_FLAGS=-mcpu=cortex-a9 -mfpu=vfpv3 -mfloat-abi=ha
rd -nostartfiles -g -Wall -Wextra -fno-tree-loop-distribute-patterns"

Running Make include in ps7_cortexa9_0/libsrc/qspips_v3_10/src

make -C ps7_cortexa9_0/libsrc/qspips_v3_10/src -s include  "SHELL=/bin/sh" "COMPILER=arm-none-eabi-gcc" "ASSEMBLER=arm-none-eab
i-as" "ARCHIVER=arm-none-eabi-ar" "COMPILER_FLAGS=  -O2 -c" "EXTRA_COMPILER_FLAGS=-mcpu=cortex-a9 -mfpu=vfpv3 -mfloat-abi=hard 
-nostartfiles -g -Wall -Wextra -fno-tree-loop-distribute-patterns"

Running Make include in ps7_cortexa9_0/libsrc/ttcps_v3_16/src

make -C ps7_cortexa9_0/libsrc/ttcps_v3_16/src -s include  "SHELL=/bin/sh" "COMPILER=arm-none-eabi-gcc" "ASSEMBLER=arm-none-eabi
-as" "ARCHIVER=arm-none-eabi-ar" "COMPILER_FLAGS=  -O2 -c" "EXTRA_COMPILER_FLAGS=-mcpu=cortex-a9 -mfpu=vfpv3 -mfloat-abi=hard -
nostartfiles -g -Wall -Wextra -fno-tree-loop-distribute-patterns"

Running Make include in ps7_cortexa9_0/libsrc/gpiops_v3_10/src

make -C ps7_cortexa9_0/libsrc/gpiops_v3_10/src -s include  "SHELL=/bin/sh" "COMPILER=arm-none-eabi-gcc" "ASSEMBLER=arm-none-eab
i-as" "ARCHIVER=arm-none-eabi-ar" "COMPILER_FLAGS=  -O2 -c" "EXTRA_COMPILER_FLAGS=-mcpu=cortex-a9 -mfpu=vfpv3 -mfloat-abi=hard 
-nostartfiles -g -Wall -Wextra -fno-tree-loop-distribute-patterns"

Running Make include in ps7_cortexa9_0/libsrc/scuwdt_v2_4/src

make -C ps7_cortexa9_0/libsrc/scuwdt_v2_4/src -s include  "SHELL=/bin/sh" "COMPILER=arm-none-eabi-gcc" "ASSEMBLER=arm-none-eabi
-as" "ARCHIVER=arm-none-eabi-ar" "COMPILER_FLAGS=  -O2 -c" "EXTRA_COMPILER_FLAGS=-mcpu=cortex-a9 -mfpu=vfpv3 -mfloat-abi=hard -
nostartfiles -g -Wall -Wextra -fno-tree-loop-distribute-patterns"

Running Make include in ps7_cortexa9_0/libsrc/devcfg_v3_7/src

make -C ps7_cortexa9_0/libsrc/devcfg_v3_7/src -s include  "SHELL=/bin/sh" "COMPILER=arm-none-eabi-gcc" "ASSEMBLER=arm-none-eabi
-as" "ARCHIVER=arm-none-eabi-ar" "COMPILER_FLAGS=  -O2 -c" "EXTRA_COMPILER_FLAGS=-mcpu=cortex-a9 -mfpu=vfpv3 -mfloat-abi=hard -
nostartfiles -g -Wall -Wextra -fno-tree-loop-distribute-patterns"

Running Make include in ps7_cortexa9_0/libsrc/uartps_v3_11/src

make -C ps7_cortexa9_0/libsrc/uartps_v3_11/src -s include  "SHELL=/bin/sh" "COMPILER=arm-none-eabi-gcc" "ASSEMBLER=arm-none-eab
i-as" "ARCHIVER=arm-none-eabi-ar" "COMPILER_FLAGS=  -O2 -c" "EXTRA_COMPILER_FLAGS=-mcpu=cortex-a9 -mfpu=vfpv3 -mfloat-abi=hard 
-nostartfiles -g -Wall -Wextra -fno-tree-loop-distribute-patterns"

Running Make include in ps7_cortexa9_0/libsrc/scutimer_v2_4/src

make -C ps7_cortexa9_0/libsrc/scutimer_v2_4/src -s include  "SHELL=/bin/sh" "COMPILER=arm-none-eabi-gcc" "ASSEMBLER=arm-none-ea
bi-as" "ARCHIVER=arm-none-eabi-ar" "COMPILER_FLAGS=  -O2 -c" "EXTRA_COMPILER_FLAGS=-mcpu=cortex-a9 -mfpu=vfpv3 -mfloat-abi=hard
 -nostartfiles -g -Wall -Wextra -fno-tree-loop-distribute-patterns"

Running Make include in ps7_cortexa9_0/libsrc/scugic_v5_0/src

make -C ps7_cortexa9_0/libsrc/scugic_v5_0/src -s include  "SHELL=/bin/sh" "COMPILER=arm-none-eabi-gcc" "ASSEMBLER=arm-none-eabi
-as" "ARCHIVER=arm-none-eabi-ar" "COMPILER_FLAGS=  -O2 -c" "EXTRA_COMPILER_FLAGS=-mcpu=cortex-a9 -mfpu=vfpv3 -mfloat-abi=hard -
nostartfiles -g -Wall -Wextra -fno-tree-loop-distribute-patterns"

Running Make include in ps7_cortexa9_0/libsrc/emacps_v3_17/src

make -C ps7_cortexa9_0/libsrc/emacps_v3_17/src -s include  "SHELL=/bin/sh" "COMPILER=arm-none-eabi-gcc" "ASSEMBLER=arm-none-eab
i-as" "ARCHIVER=arm-none-eabi-ar" "COMPILER_FLAGS=  -O2 -c" "EXTRA_COMPILER_FLAGS=-mcpu=cortex-a9 -mfpu=vfpv3 -mfloat-abi=hard 
-nostartfiles -g -Wall -Wextra -fno-tree-loop-distribute-patterns"

Running Make include in ps7_cortexa9_0/libsrc/usbps_v2_7/src

make -C ps7_cortexa9_0/libsrc/usbps_v2_7/src -s include  "SHELL=/bin/sh" "COMPILER=arm-none-eabi-gcc" "ASSEMBLER=arm-none-eabi-
as" "ARCHIVER=arm-none-eabi-ar" "COMPILER_FLAGS=  -O2 -c" "EXTRA_COMPILER_FLAGS=-mcpu=cortex-a9 -mfpu=vfpv3 -mfloat-abi=hard -n
ostartfiles -g -Wall -Wextra -fno-tree-loop-distribute-patterns"

Running Make include in ps7_cortexa9_0/libsrc/coresightps_dcc_v1_8/src

make -C ps7_cortexa9_0/libsrc/coresightps_dcc_v1_8/src -s include  "SHELL=/bin/sh" "COMPILER=arm-none-eabi-gcc" "ASSEMBLER=arm-
none-eabi-as" "ARCHIVER=arm-none-eabi-ar" "COMPILER_FLAGS=  -O2 -c" "EXTRA_COMPILER_FLAGS=-mcpu=cortex-a9 -mfpu=vfpv3 -mfloat-a
bi=hard -nostartfiles -g -Wall -Wextra -fno-tree-loop-distribute-patterns"

Running Make include in ps7_cortexa9_0/libsrc/ddrps_v1_2/src

make -C ps7_cortexa9_0/libsrc/ddrps_v1_2/src -s include  "SHELL=/bin/sh" "COMPILER=arm-none-eabi-gcc" "ASSEMBLER=arm-none-eabi-
as" "ARCHIVER=arm-none-eabi-ar" "COMPILER_FLAGS=  -O2 -c" "EXTRA_COMPILER_FLAGS=-mcpu=cortex-a9 -mfpu=vfpv3 -mfloat-abi=hard -n
ostartfiles -g -Wall -Wextra -fno-tree-loop-distribute-patterns"

Running Make include in ps7_cortexa9_0/libsrc/xadcps_v2_6/src

make -C ps7_cortexa9_0/libsrc/xadcps_v2_6/src -s include  "SHELL=/bin/sh" "COMPILER=arm-none-eabi-gcc" "ASSEMBLER=arm-none-eabi
-as" "ARCHIVER=arm-none-eabi-ar" "COMPILER_FLAGS=  -O2 -c" "EXTRA_COMPILER_FLAGS=-mcpu=cortex-a9 -mfpu=vfpv3 -mfloat-abi=hard -
nostartfiles -g -Wall -Wextra -fno-tree-loop-distribute-patterns"

Running Make include in ps7_cortexa9_0/libsrc/cpu_cortexa9_v2_11/src

make -C ps7_cortexa9_0/libsrc/cpu_cortexa9_v2_11/src -s include  "SHELL=/bin/sh" "COMPILER=arm-none-eabi-gcc" "ASSEMBLER=arm-no
ne-eabi-as" "ARCHIVER=arm-none-eabi-ar" "COMPILER_FLAGS=  -O2 -c" "EXTRA_COMPILER_FLAGS=-mcpu=cortex-a9 -mfpu=vfpv3 -mfloat-abi
=hard -nostartfiles -g -Wall -Wextra -fno-tree-loop-distribute-patterns"

Running Make include in ps7_cortexa9_0/libsrc/dmaps_v2_8/src

make -C ps7_cortexa9_0/libsrc/dmaps_v2_8/src -s include  "SHELL=/bin/sh" "COMPILER=arm-none-eabi-gcc" "ASSEMBLER=arm-none-eabi-
as" "ARCHIVER=arm-none-eabi-ar" "COMPILER_FLAGS=  -O2 -c" "EXTRA_COMPILER_FLAGS=-mcpu=cortex-a9 -mfpu=vfpv3 -mfloat-abi=hard -n
ostartfiles -g -Wall -Wextra -fno-tree-loop-distribute-patterns"

Running Make include in ps7_cortexa9_0/libsrc/xilffs_v4_8/src

make -C ps7_cortexa9_0/libsrc/xilffs_v4_8/src -s include  "SHELL=/bin/sh" "COMPILER=arm-none-eabi-gcc" "ASSEMBLER=arm-none-eabi
-as" "ARCHIVER=arm-none-eabi-ar" "COMPILER_FLAGS=  -O2 -c" "EXTRA_COMPILER_FLAGS=-mcpu=cortex-a9 -mfpu=vfpv3 -mfloat-abi=hard -
nostartfiles -g -Wall -Wextra -fno-tree-loop-distribute-patterns"

Running Make include in ps7_cortexa9_0/libsrc/sdps_v4_0/src

make -C ps7_cortexa9_0/libsrc/sdps_v4_0/src -s include  "SHELL=/bin/sh" "COMPILER=arm-none-eabi-gcc" "ASSEMBLER=arm-none-eabi-a
s" "ARCHIVER=arm-none-eabi-ar" "COMPILER_FLAGS=  -O2 -c" "EXTRA_COMPILER_FLAGS=-mcpu=cortex-a9 -mfpu=vfpv3 -mfloat-abi=hard -no
startfiles -g -Wall -Wextra -fno-tree-loop-distribute-patterns"

Running Make libs in ps7_cortexa9_0/libsrc/standalone_v8_0/src

make -C ps7_cortexa9_0/libsrc/standalone_v8_0/src -s libs  "SHELL=/bin/sh" "COMPILER=arm-none-eabi-gcc" "ASSEMBLER=arm-none-eab
i-as" "ARCHIVER=arm-none-eabi-ar" "COMPILER_FLAGS=  -O2 -c" "EXTRA_COMPILER_FLAGS=-mcpu=cortex-a9 -mfpu=vfpv3 -mfloat-abi=hard 
-nostartfiles -g -Wall -Wextra -fno-tree-loop-distribute-patterns"

Running Make libs in ps7_cortexa9_0/libsrc/qspips_v3_10/src

make -C ps7_cortexa9_0/libsrc/qspips_v3_10/src -s libs  "SHELL=/bin/sh" "COMPILER=arm-none-eabi-gcc" "ASSEMBLER=arm-none-eabi-a
s" "ARCHIVER=arm-none-eabi-ar" "COMPILER_FLAGS=  -O2 -c" "EXTRA_COMPILER_FLAGS=-mcpu=cortex-a9 -mfpu=vfpv3 -mfloat-abi=hard -no
startfiles -g -Wall -Wextra -fno-tree-loop-distribute-patterns"

xtime_l.c:45:9: note: '#pragma message: For the sleep routines, Global timer is being used'
   45 | #pragma message ("For the sleep routines, Global timer is being used")
      |         ^~~~~~~
Running Make libs in ps7_cortexa9_0/libsrc/ttcps_v3_16/src

make -C ps7_cortexa9_0/libsrc/ttcps_v3_16/src -s libs  "SHELL=/bin/sh" "COMPILER=arm-none-eabi-gcc" "ASSEMBLER=arm-none-eabi-as
" "ARCHIVER=arm-none-eabi-ar" "COMPILER_FLAGS=  -O2 -c" "EXTRA_COMPILER_FLAGS=-mcpu=cortex-a9 -mfpu=vfpv3 -mfloat-abi=hard -nos
tartfiles -g -Wall -Wextra -fno-tree-loop-distribute-patterns"

Running Make libs in ps7_cortexa9_0/libsrc/gpiops_v3_10/src

make -C ps7_cortexa9_0/libsrc/gpiops_v3_10/src -s libs  "SHELL=/bin/sh" "COMPILER=arm-none-eabi-gcc" "ASSEMBLER=arm-none-eabi-a
s" "ARCHIVER=arm-none-eabi-ar" "COMPILER_FLAGS=  -O2 -c" "EXTRA_COMPILER_FLAGS=-mcpu=cortex-a9 -mfpu=vfpv3 -mfloat-abi=hard -no
startfiles -g -Wall -Wextra -fno-tree-loop-distribute-patterns"

Running Make libs in ps7_cortexa9_0/libsrc/scuwdt_v2_4/src

make -C ps7_cortexa9_0/libsrc/scuwdt_v2_4/src -s libs  "SHELL=/bin/sh" "COMPILER=arm-none-eabi-gcc" "ASSEMBLER=arm-none-eabi-as
" "ARCHIVER=arm-none-eabi-ar" "COMPILER_FLAGS=  -O2 -c" "EXTRA_COMPILER_FLAGS=-mcpu=cortex-a9 -mfpu=vfpv3 -mfloat-abi=hard -nos
tartfiles -g -Wall -Wextra -fno-tree-loop-distribute-patterns"

Running Make libs in ps7_cortexa9_0/libsrc/devcfg_v3_7/src

make -C ps7_cortexa9_0/libsrc/devcfg_v3_7/src -s libs  "SHELL=/bin/sh" "COMPILER=arm-none-eabi-gcc" "ASSEMBLER=arm-none-eabi-as
" "ARCHIVER=arm-none-eabi-ar" "COMPILER_FLAGS=  -O2 -c" "EXTRA_COMPILER_FLAGS=-mcpu=cortex-a9 -mfpu=vfpv3 -mfloat-abi=hard -nos
tartfiles -g -Wall -Wextra -fno-tree-loop-distribute-patterns"

Running Make libs in ps7_cortexa9_0/libsrc/scugic_v5_0/src

make -C ps7_cortexa9_0/libsrc/scugic_v5_0/src -s libs  "SHELL=/bin/sh" "COMPILER=arm-none-eabi-gcc" "ASSEMBLER=arm-none-eabi-as
" "ARCHIVER=arm-none-eabi-ar" "COMPILER_FLAGS=  -O2 -c" "EXTRA_COMPILER_FLAGS=-mcpu=cortex-a9 -mfpu=vfpv3 -mfloat-abi=hard -nos
tartfiles -g -Wall -Wextra -fno-tree-loop-distribute-patterns"

Running Make libs in ps7_cortexa9_0/libsrc/uartps_v3_11/src

make -C ps7_cortexa9_0/libsrc/uartps_v3_11/src -s libs  "SHELL=/bin/sh" "COMPILER=arm-none-eabi-gcc" "ASSEMBLER=arm-none-eabi-a
s" "ARCHIVER=arm-none-eabi-ar" "COMPILER_FLAGS=  -O2 -c" "EXTRA_COMPILER_FLAGS=-mcpu=cortex-a9 -mfpu=vfpv3 -mfloat-abi=hard -no
startfiles -g -Wall -Wextra -fno-tree-loop-distribute-patterns"

Running Make libs in ps7_cortexa9_0/libsrc/scutimer_v2_4/src

make -C ps7_cortexa9_0/libsrc/scutimer_v2_4/src -s libs  "SHELL=/bin/sh" "COMPILER=arm-none-eabi-gcc" "ASSEMBLER=arm-none-eabi-
as" "ARCHIVER=arm-none-eabi-ar" "COMPILER_FLAGS=  -O2 -c" "EXTRA_COMPILER_FLAGS=-mcpu=cortex-a9 -mfpu=vfpv3 -mfloat-abi=hard -n
ostartfiles -g -Wall -Wextra -fno-tree-loop-distribute-patterns"

Running Make libs in ps7_cortexa9_0/libsrc/emacps_v3_17/src

make -C ps7_cortexa9_0/libsrc/emacps_v3_17/src -s libs  "SHELL=/bin/sh" "COMPILER=arm-none-eabi-gcc" "ASSEMBLER=arm-none-eabi-a
s" "ARCHIVER=arm-none-eabi-ar" "COMPILER_FLAGS=  -O2 -c" "EXTRA_COMPILER_FLAGS=-mcpu=cortex-a9 -mfpu=vfpv3 -mfloat-abi=hard -no
startfiles -g -Wall -Wextra -fno-tree-loop-distribute-patterns"

Running Make libs in ps7_cortexa9_0/libsrc/usbps_v2_7/src

make -C ps7_cortexa9_0/libsrc/usbps_v2_7/src -s libs  "SHELL=/bin/sh" "COMPILER=arm-none-eabi-gcc" "ASSEMBLER=arm-none-eabi-as"
 "ARCHIVER=arm-none-eabi-ar" "COMPILER_FLAGS=  -O2 -c" "EXTRA_COMPILER_FLAGS=-mcpu=cortex-a9 -mfpu=vfpv3 -mfloat-abi=hard -nost
artfiles -g -Wall -Wextra -fno-tree-loop-distribute-patterns"

Running Make libs in ps7_cortexa9_0/libsrc/coresightps_dcc_v1_8/src

make -C ps7_cortexa9_0/libsrc/coresightps_dcc_v1_8/src -s libs  "SHELL=/bin/sh" "COMPILER=arm-none-eabi-gcc" "ASSEMBLER=arm-non
e-eabi-as" "ARCHIVER=arm-none-eabi-ar" "COMPILER_FLAGS=  -O2 -c" "EXTRA_COMPILER_FLAGS=-mcpu=cortex-a9 -mfpu=vfpv3 -mfloat-abi=
hard -nostartfiles -g -Wall -Wextra -fno-tree-loop-distribute-patterns"

Running Make libs in ps7_cortexa9_0/libsrc/ddrps_v1_2/src

make -C ps7_cortexa9_0/libsrc/ddrps_v1_2/src -s libs  "SHELL=/bin/sh" "COMPILER=arm-none-eabi-gcc" "ASSEMBLER=arm-none-eabi-as"
 "ARCHIVER=arm-none-eabi-ar" "COMPILER_FLAGS=  -O2 -c" "EXTRA_COMPILER_FLAGS=-mcpu=cortex-a9 -mfpu=vfpv3 -mfloat-abi=hard -nost
artfiles -g -Wall -Wextra -fno-tree-loop-distribute-patterns"

Running Make libs in ps7_cortexa9_0/libsrc/xadcps_v2_6/src

make -C ps7_cortexa9_0/libsrc/xadcps_v2_6/src -s libs  "SHELL=/bin/sh" "COMPILER=arm-none-eabi-gcc" "ASSEMBLER=arm-none-eabi-as
" "ARCHIVER=arm-none-eabi-ar" "COMPILER_FLAGS=  -O2 -c" "EXTRA_COMPILER_FLAGS=-mcpu=cortex-a9 -mfpu=vfpv3 -mfloat-abi=hard -nos
tartfiles -g -Wall -Wextra -fno-tree-loop-distribute-patterns"

Running Make libs in ps7_cortexa9_0/libsrc/cpu_cortexa9_v2_11/src

make -C ps7_cortexa9_0/libsrc/cpu_cortexa9_v2_11/src -s libs  "SHELL=/bin/sh" "COMPILER=arm-none-eabi-gcc" "ASSEMBLER=arm-none-
eabi-as" "ARCHIVER=arm-none-eabi-ar" "COMPILER_FLAGS=  -O2 -c" "EXTRA_COMPILER_FLAGS=-mcpu=cortex-a9 -mfpu=vfpv3 -mfloat-abi=ha
rd -nostartfiles -g -Wall -Wextra -fno-tree-loop-distribute-patterns"

Running Make libs in ps7_cortexa9_0/libsrc/dmaps_v2_8/src

make -C ps7_cortexa9_0/libsrc/dmaps_v2_8/src -s libs  "SHELL=/bin/sh" "COMPILER=arm-none-eabi-gcc" "ASSEMBLER=arm-none-eabi-as"
 "ARCHIVER=arm-none-eabi-ar" "COMPILER_FLAGS=  -O2 -c" "EXTRA_COMPILER_FLAGS=-mcpu=cortex-a9 -mfpu=vfpv3 -mfloat-abi=hard -nost
artfiles -g -Wall -Wextra -fno-tree-loop-distribute-patterns"

Running Make libs in ps7_cortexa9_0/libsrc/xilffs_v4_8/src

make -C ps7_cortexa9_0/libsrc/xilffs_v4_8/src -s libs  "SHELL=/bin/sh" "COMPILER=arm-none-eabi-gcc" "ASSEMBLER=arm-none-eabi-as
" "ARCHIVER=arm-none-eabi-ar" "COMPILER_FLAGS=  -O2 -c" "EXTRA_COMPILER_FLAGS=-mcpu=cortex-a9 -mfpu=vfpv3 -mfloat-abi=hard -nos
tartfiles -g -Wall -Wextra -fno-tree-loop-distribute-patterns"

Running Make libs in ps7_cortexa9_0/libsrc/sdps_v4_0/src

make -C ps7_cortexa9_0/libsrc/sdps_v4_0/src -s libs  "SHELL=/bin/sh" "COMPILER=arm-none-eabi-gcc" "ASSEMBLER=arm-none-eabi-as" 
"ARCHIVER=arm-none-eabi-ar" "COMPILER_FLAGS=  -O2 -c" "EXTRA_COMPILER_FLAGS=-mcpu=cortex-a9 -mfpu=vfpv3 -mfloat-abi=hard -nosta
rtfiles -g -Wall -Wextra -fno-tree-loop-distribute-patterns"

Finished building libraries parallelly.

make --no-print-directory archive

arm-none-eabi-ar -r  ps7_cortexa9_0/lib/libxil.a ps7_cortexa9_0/lib/_exit.o ps7_cortexa9_0/lib/_open.o ps7_cortexa9_0/lib/_sbrk
.o ps7_cortexa9_0/lib/abort.o ps7_cortexa9_0/lib/asm_vectors.o ps7_cortexa9_0/lib/boot.o ps7_cortexa9_0/lib/close.o ps7_cortexa
9_0/lib/cpputest_time.o ps7_cortexa9_0/lib/cpu_init.o ps7_cortexa9_0/lib/errno.o ps7_cortexa9_0/lib/fcntl.o ps7_cortexa9_0/lib/
fstat.o ps7_cortexa9_0/lib/getpid.o ps7_cortexa9_0/lib/inbyte.o ps7_cortexa9_0/lib/isatty.o ps7_cortexa9_0/lib/kill.o ps7_corte
xa9_0/lib/lseek.o ps7_cortexa9_0/lib/open.o ps7_cortexa9_0/lib/outbyte.o ps7_cortexa9_0/lib/print.o ps7_cortexa9_0/lib/putnum.o
 ps7_cortexa9_0/lib/read.o ps7_cortexa9_0/lib/sbrk.o ps7_cortexa9_0/lib/sleep.o ps7_cortexa9_0/lib/time.o ps7_cortexa9_0/lib/tr
anslation_table.o ps7_cortexa9_0/lib/unlink.o ps7_cortexa9_0/lib/usleep.o ps7_cortexa9_0/lib/vectors.o ps7_cortexa9_0/lib/write
.o ps7_cortexa9_0/lib/xadcps.o ps7_cortexa9_0/lib/xadcps_g.o ps7_cortexa9_0/lib/xadcps_intr.o ps7_cortexa9_0/lib/xadcps_selftes
t.o ps7_cortexa9_0/lib/xadcps_sinit.o ps7_cortexa9_0/lib/xcoresightpsdcc.o ps7_cortexa9_0/lib/xdevcfg.o ps7_cortexa9_0/lib/xdev
cfg_g.o ps7_cortexa9_0/lib/xdevcfg_hw.o ps7_cortexa9_0/lib/xdevcfg_intr.o ps7_cortexa9_0/lib/xdevcfg_selftest.o ps7_cortexa9_0/
lib/xdevcfg_sinit.o ps7_cortexa9_0/lib/xdmaps.o ps7_cortexa9_0/lib/xdmaps_g.o ps7_cortexa9_0/lib/xdmaps_hw.o ps7_cortexa9_0/lib
/xdmaps_selftest.o ps7_cortexa9_0/lib/xdmaps_sinit.o ps7_cortexa9_0/lib/xemacps.o ps7_cortexa9_0/lib/xemacps_bdring.o ps7_corte
xa9_0/lib/xemacps_control.o ps7_cortexa9_0/lib/xemacps_g.o ps7_cortexa9_0/lib/xemacps_hw.o ps7_cortexa9_0/lib/xemacps_intr.o ps
7_cortexa9_0/lib/xemacps_sinit.o ps7_cortexa9_0/lib/xgpiops.o ps7_cortexa9_0/lib/xgpiops_g.o ps7_cortexa9_0/lib/xgpiops_hw.o ps
7_cortexa9_0/lib/xgpiops_intr.o ps7_cortexa9_0/lib/xgpiops_selftest.o ps7_cortexa9_0/lib/xgpiops_sinit.o ps7_cortexa9_0/lib/xil
-crt0.o ps7_cortexa9_0/lib/xil_assert.o ps7_cortexa9_0/lib/xil_cache.o ps7_cortexa9_0/lib/xil_clocking.o ps7_cortexa9_0/lib/xil
_exception.o ps7_cortexa9_0/lib/xil_mem.o ps7_cortexa9_0/lib/xil_misc_psreset_api.o ps7_cortexa9_0/lib/xil_mmu.o ps7_cortexa9_0
/lib/xil_printf.o ps7_cortexa9_0/lib/xil_sleepcommon.o ps7_cortexa9_0/lib/xil_sleeptimer.o ps7_cortexa9_0/lib/xil_spinlock.o ps
7_cortexa9_0/lib/xil_testcache.o ps7_cortexa9_0/lib/xil_testio.o ps7_cortexa9_0/lib/xil_testmem.o ps7_cortexa9_0/lib/xil_util.o
 ps7_cortexa9_0/lib/xinterrupt_wrap.o ps7_cortexa9_0/lib/xl2cc_counter.o ps7_cortexa9_0/lib/xplatform_info.o ps7_cortexa9_0/lib
/xpm_counter.o ps7_cortexa9_0/lib/xqspips.o ps7_cortexa9_0/lib/xqspips_g.o ps7_cortexa9_0/lib/xqspips_hw.o ps7_cortexa9_0/lib/x
qspips_options.o ps7_cortexa9_0/lib/xqspips_selftest.o ps7_cortexa9_0/lib/xqspips_sinit.o ps7_cortexa9_0/lib/xscugic.o ps7_cort
exa9_0/lib/xscugic_g.o ps7_cortexa9_0/lib/xscugic_hw.o ps7_cortexa9_0/lib/xscugic_intr.o ps7_cortexa9_0/lib/xscugic_selftest.o 
ps7_cortexa9_0/lib/xscugic_sinit.o ps7_cortexa9_0/lib/xscutimer.o ps7_cortexa9_0/lib/xscutimer_g.o ps7_cortexa9_0/lib/xscutimer
_selftest.o ps7_cortexa9_0/lib/xscutimer_sinit.o ps7_cortexa9_0/lib/xscuwdt.o ps7_cortexa9_0/lib/xscuwdt_g.o ps7_cortexa9_0/lib
/xscuwdt_selftest.o ps7_cortexa9_0/lib/xscuwdt_sinit.o ps7_cortexa9_0/lib/xsdps.o ps7_cortexa9_0/lib/xsdps_card.o ps7_cortexa9_
0/lib/xsdps_g.o ps7_cortexa9_0/lib/xsdps_host.o ps7_cortexa9_0/lib/xsdps_options.o ps7_cortexa9_0/lib/xsdps_sinit.o ps7_cortexa
9_0/lib/xtime_l.o ps7_cortexa9_0/lib/xttcps.o ps7_cortexa9_0/lib/xttcps_g.o ps7_cortexa9_0/lib/xttcps_options.o ps7_cortexa9_0/
lib/xttcps_selftest.o ps7_cortexa9_0/lib/xttcps_sinit.o ps7_cortexa9_0/lib/xuartps.o ps7_cortexa9_0/lib/xuartps_g.o ps7_cortexa
9_0/lib/xuartps_hw.o ps7_cortexa9_0/lib/xuartps_intr.o ps7_cortexa9_0/lib/xuartps_options.o ps7_cortexa9_0/lib/xuartps_selftest
.o ps7_cortexa9_0/lib/xuartps_sinit.o ps7_cortexa9_0/lib/xusbps.o ps7_cortexa9_0/lib/xusbps_endpoint.o ps7_cortexa9_0/lib/xusbp
s_g.o ps7_cortexa9_0/lib/xusbps_hw.o ps7_cortexa9_0/lib/xusbps_intr.o ps7_cortexa9_0/lib/xusbps_sinit.o

Finished building libraries

Creando aplicacion FSBL: tfg_zedboard_fsbl
WARNING: sysconfig command is DEPRECATED.

Only one system configuration will be allowed in a platform.
If no system configuration is present, creating a domain will create the system configuration.

WARNING: sysconfig command is DEPRECATED.

Only one system configuration will be allowed in a platform.
If no system configuration is present, creating a domain will create the system configuration.

WARNING: sysconfig command is DEPRECATED.

Only one system configuration will be allowed in a platform.
If no system configuration is present, creating a domain will create the system configuration.

WARNING: sysconfig command is DEPRECATED.

Only one system configuration will be allowed in a platform.
If no system configuration is present, creating a domain will create the system configuration.

Compilando aplicacion FSBL: tfg_zedboard_fsbl
18:21:25 **** Build of project tfg_zedboard_platform ****
buildplatform.sh 42773 tfg_zedboard_platform  
Building the zynq_fsbl application.
make: Entering directory '/home/javier/tfg/tfg_zedboard/sw/vitis/workspace/tfg_zedboard_platform/zynq_fsbl/zynq_fsbl_bsp'

make --no-print-directory seq_libs

Running Make include in ps7_cortexa9_0/libsrc/tfg_axi_lite_regs_v1_0/src

make -C ps7_cortexa9_0/libsrc/tfg_axi_lite_regs_v1_0/src -s include  "SHELL=/bin/sh" "COMPILER=arm-none-eabi-gcc" "ASSEMBLER=ar
m-none-eabi-as" "ARCHIVER=arm-none-eabi-ar" "COMPILER_FLAGS=  -O2 -c" "EXTRA_COMPILER_FLAGS=-mcpu=cortex-a9 -mfpu=vfpv3 -mfloat
-abi=hard -nostartfiles -g -Wall -Wextra -fno-tree-loop-distribute-patterns"

Running Make include in ps7_cortexa9_0/libsrc/standalone_v8_0/src

make -C ps7_cortexa9_0/libsrc/standalone_v8_0/src -s include  "SHELL=/bin/sh" "COMPILER=arm-none-eabi-gcc" "ASSEMBLER=arm-none-
eabi-as" "ARCHIVER=arm-none-eabi-ar" "COMPILER_FLAGS=  -O2 -c" "EXTRA_COMPILER_FLAGS=-mcpu=cortex-a9 -mfpu=vfpv3 -mfloat-abi=ha
rd -nostartfiles -g -Wall -Wextra -fno-tree-loop-distribute-patterns"

Running Make include in ps7_cortexa9_0/libsrc/qspips_v3_10/src

make -C ps7_cortexa9_0/libsrc/qspips_v3_10/src -s include  "SHELL=/bin/sh" "COMPILER=arm-none-eabi-gcc" "ASSEMBLER=arm-none-eab
i-as" "ARCHIVER=arm-none-eabi-ar" "COMPILER_FLAGS=  -O2 -c" "EXTRA_COMPILER_FLAGS=-mcpu=cortex-a9 -mfpu=vfpv3 -mfloat-abi=hard 
-nostartfiles -g -Wall -Wextra -fno-tree-loop-distribute-patterns"

Running Make include in ps7_cortexa9_0/libsrc/ttcps_v3_16/src

make -C ps7_cortexa9_0/libsrc/ttcps_v3_16/src -s include  "SHELL=/bin/sh" "COMPILER=arm-none-eabi-gcc" "ASSEMBLER=arm-none-eabi
-as" "ARCHIVER=arm-none-eabi-ar" "COMPILER_FLAGS=  -O2 -c" "EXTRA_COMPILER_FLAGS=-mcpu=cortex-a9 -mfpu=vfpv3 -mfloat-abi=hard -
nostartfiles -g -Wall -Wextra -fno-tree-loop-distribute-patterns"

Running Make include in ps7_cortexa9_0/libsrc/gpiops_v3_10/src

make -C ps7_cortexa9_0/libsrc/gpiops_v3_10/src -s include  "SHELL=/bin/sh" "COMPILER=arm-none-eabi-gcc" "ASSEMBLER=arm-none-eab
i-as" "ARCHIVER=arm-none-eabi-ar" "COMPILER_FLAGS=  -O2 -c" "EXTRA_COMPILER_FLAGS=-mcpu=cortex-a9 -mfpu=vfpv3 -mfloat-abi=hard 
-nostartfiles -g -Wall -Wextra -fno-tree-loop-distribute-patterns"

Running Make include in ps7_cortexa9_0/libsrc/scuwdt_v2_4/src

make -C ps7_cortexa9_0/libsrc/scuwdt_v2_4/src -s include  "SHELL=/bin/sh" "COMPILER=arm-none-eabi-gcc" "ASSEMBLER=arm-none-eabi
-as" "ARCHIVER=arm-none-eabi-ar" "COMPILER_FLAGS=  -O2 -c" "EXTRA_COMPILER_FLAGS=-mcpu=cortex-a9 -mfpu=vfpv3 -mfloat-abi=hard -
nostartfiles -g -Wall -Wextra -fno-tree-loop-distribute-patterns"

Running Make include in ps7_cortexa9_0/libsrc/devcfg_v3_7/src

make -C ps7_cortexa9_0/libsrc/devcfg_v3_7/src -s include  "SHELL=/bin/sh" "COMPILER=arm-none-eabi-gcc" "ASSEMBLER=arm-none-eabi
-as" "ARCHIVER=arm-none-eabi-ar" "COMPILER_FLAGS=  -O2 -c" "EXTRA_COMPILER_FLAGS=-mcpu=cortex-a9 -mfpu=vfpv3 -mfloat-abi=hard -
nostartfiles -g -Wall -Wextra -fno-tree-loop-distribute-patterns"

Running Make include in ps7_cortexa9_0/libsrc/scugic_v5_0/src

make -C ps7_cortexa9_0/libsrc/scugic_v5_0/src -s include  "SHELL=/bin/sh" "COMPILER=arm-none-eabi-gcc" "ASSEMBLER=arm-none-eabi
-as" "ARCHIVER=arm-none-eabi-ar" "COMPILER_FLAGS=  -O2 -c" "EXTRA_COMPILER_FLAGS=-mcpu=cortex-a9 -mfpu=vfpv3 -mfloat-abi=hard -
nostartfiles -g -Wall -Wextra -fno-tree-loop-distribute-patterns"

Running Make include in ps7_cortexa9_0/libsrc/xilrsa_v1_6/src

make -C ps7_cortexa9_0/libsrc/xilrsa_v1_6/src -s include  "SHELL=/bin/sh" "COMPILER=arm-none-eabi-gcc" "ASSEMBLER=arm-none-eabi
-as" "ARCHIVER=arm-none-eabi-ar" "COMPILER_FLAGS=  -O2 -c" "EXTRA_COMPILER_FLAGS=-mcpu=cortex-a9 -mfpu=vfpv3 -mfloat-abi=hard -
nostartfiles -g -Wall -Wextra -fno-tree-loop-distribute-patterns"

Running Make include in ps7_cortexa9_0/libsrc/uartps_v3_11/src

make -C ps7_cortexa9_0/libsrc/uartps_v3_11/src -s include  "SHELL=/bin/sh" "COMPILER=arm-none-eabi-gcc" "ASSEMBLER=arm-none-eab
i-as" "ARCHIVER=arm-none-eabi-ar" "COMPILER_FLAGS=  -O2 -c" "EXTRA_COMPILER_FLAGS=-mcpu=cortex-a9 -mfpu=vfpv3 -mfloat-abi=hard 
-nostartfiles -g -Wall -Wextra -fno-tree-loop-distribute-patterns"

Running Make include in ps7_cortexa9_0/libsrc/scutimer_v2_4/src

make -C ps7_cortexa9_0/libsrc/scutimer_v2_4/src -s include  "SHELL=/bin/sh" "COMPILER=arm-none-eabi-gcc" "ASSEMBLER=arm-none-ea
bi-as" "ARCHIVER=arm-none-eabi-ar" "COMPILER_FLAGS=  -O2 -c" "EXTRA_COMPILER_FLAGS=-mcpu=cortex-a9 -mfpu=vfpv3 -mfloat-abi=hard
 -nostartfiles -g -Wall -Wextra -fno-tree-loop-distribute-patterns"

Running Make include in ps7_cortexa9_0/libsrc/emacps_v3_17/src

make -C ps7_cortexa9_0/libsrc/emacps_v3_17/src -s include  "SHELL=/bin/sh" "COMPILER=arm-none-eabi-gcc" "ASSEMBLER=arm-none-eab
i-as" "ARCHIVER=arm-none-eabi-ar" "COMPILER_FLAGS=  -O2 -c" "EXTRA_COMPILER_FLAGS=-mcpu=cortex-a9 -mfpu=vfpv3 -mfloat-abi=hard 
-nostartfiles -g -Wall -Wextra -fno-tree-loop-distribute-patterns"

Running Make include in ps7_cortexa9_0/libsrc/usbps_v2_7/src

make -C ps7_cortexa9_0/libsrc/usbps_v2_7/src -s include  "SHELL=/bin/sh" "COMPILER=arm-none-eabi-gcc" "ASSEMBLER=arm-none-eabi-
as" "ARCHIVER=arm-none-eabi-ar" "COMPILER_FLAGS=  -O2 -c" "EXTRA_COMPILER_FLAGS=-mcpu=cortex-a9 -mfpu=vfpv3 -mfloat-abi=hard -n
ostartfiles -g -Wall -Wextra -fno-tree-loop-distribute-patterns"

Running Make include in ps7_cortexa9_0/libsrc/coresightps_dcc_v1_8/src

make -C ps7_cortexa9_0/libsrc/coresightps_dcc_v1_8/src -s include  "SHELL=/bin/sh" "COMPILER=arm-none-eabi-gcc" "ASSEMBLER=arm-
none-eabi-as" "ARCHIVER=arm-none-eabi-ar" "COMPILER_FLAGS=  -O2 -c" "EXTRA_COMPILER_FLAGS=-mcpu=cortex-a9 -mfpu=vfpv3 -mfloat-a
bi=hard -nostartfiles -g -Wall -Wextra -fno-tree-loop-distribute-patterns"

Running Make include in ps7_cortexa9_0/libsrc/ddrps_v1_2/src

make -C ps7_cortexa9_0/libsrc/ddrps_v1_2/src -s include  "SHELL=/bin/sh" "COMPILER=arm-none-eabi-gcc" "ASSEMBLER=arm-none-eabi-
as" "ARCHIVER=arm-none-eabi-ar" "COMPILER_FLAGS=  -O2 -c" "EXTRA_COMPILER_FLAGS=-mcpu=cortex-a9 -mfpu=vfpv3 -mfloat-abi=hard -n
ostartfiles -g -Wall -Wextra -fno-tree-loop-distribute-patterns"

Running Make include in ps7_cortexa9_0/libsrc/xadcps_v2_6/src

make -C ps7_cortexa9_0/libsrc/xadcps_v2_6/src -s include  "SHELL=/bin/sh" "COMPILER=arm-none-eabi-gcc" "ASSEMBLER=arm-none-eabi
-as" "ARCHIVER=arm-none-eabi-ar" "COMPILER_FLAGS=  -O2 -c" "EXTRA_COMPILER_FLAGS=-mcpu=cortex-a9 -mfpu=vfpv3 -mfloat-abi=hard -
nostartfiles -g -Wall -Wextra -fno-tree-loop-distribute-patterns"

Running Make include in ps7_cortexa9_0/libsrc/cpu_cortexa9_v2_11/src

make -C ps7_cortexa9_0/libsrc/cpu_cortexa9_v2_11/src -s include  "SHELL=/bin/sh" "COMPILER=arm-none-eabi-gcc" "ASSEMBLER=arm-no
ne-eabi-as" "ARCHIVER=arm-none-eabi-ar" "COMPILER_FLAGS=  -O2 -c" "EXTRA_COMPILER_FLAGS=-mcpu=cortex-a9 -mfpu=vfpv3 -mfloat-abi
=hard -nostartfiles -g -Wall -Wextra -fno-tree-loop-distribute-patterns"

Running Make include in ps7_cortexa9_0/libsrc/dmaps_v2_8/src

make -C ps7_cortexa9_0/libsrc/dmaps_v2_8/src -s include  "SHELL=/bin/sh" "COMPILER=arm-none-eabi-gcc" "ASSEMBLER=arm-none-eabi-
as" "ARCHIVER=arm-none-eabi-ar" "COMPILER_FLAGS=  -O2 -c" "EXTRA_COMPILER_FLAGS=-mcpu=cortex-a9 -mfpu=vfpv3 -mfloat-abi=hard -n
ostartfiles -g -Wall -Wextra -fno-tree-loop-distribute-patterns"

Running Make include in ps7_cortexa9_0/libsrc/xilffs_v4_8/src

make -C ps7_cortexa9_0/libsrc/xilffs_v4_8/src -s include  "SHELL=/bin/sh" "COMPILER=arm-none-eabi-gcc" "ASSEMBLER=arm-none-eabi
-as" "ARCHIVER=arm-none-eabi-ar" "COMPILER_FLAGS=  -O2 -c" "EXTRA_COMPILER_FLAGS=-mcpu=cortex-a9 -mfpu=vfpv3 -mfloat-abi=hard -
nostartfiles -g -Wall -Wextra -fno-tree-loop-distribute-patterns"

Running Make include in ps7_cortexa9_0/libsrc/sdps_v4_0/src

make -C ps7_cortexa9_0/libsrc/sdps_v4_0/src -s include  "SHELL=/bin/sh" "COMPILER=arm-none-eabi-gcc" "ASSEMBLER=arm-none-eabi-a
s" "ARCHIVER=arm-none-eabi-ar" "COMPILER_FLAGS=  -O2 -c" "EXTRA_COMPILER_FLAGS=-mcpu=cortex-a9 -mfpu=vfpv3 -mfloat-abi=hard -no
startfiles -g -Wall -Wextra -fno-tree-loop-distribute-patterns"

Running Make libs in ps7_cortexa9_0/libsrc/xilrsa_v1_6/src

make -C ps7_cortexa9_0/libsrc/xilrsa_v1_6/src -s libs  "SHELL=/bin/sh" "COMPILER=arm-none-eabi-gcc" "ASSEMBLER=arm-none-eabi-as
" "ARCHIVER=arm-none-eabi-ar" "COMPILER_FLAGS=  -O2 -c" "EXTRA_COMPILER_FLAGS=-mcpu=cortex-a9 -mfpu=vfpv3 -mfloat-abi=hard -nos
tartfiles -g -Wall -Wextra -fno-tree-loop-distribute-patterns"

Running Make libs in ps7_cortexa9_0/libsrc/tfg_axi_lite_regs_v1_0/src

make -C ps7_cortexa9_0/libsrc/tfg_axi_lite_regs_v1_0/src -s libs  "SHELL=/bin/sh" "COMPILER=arm-none-eabi-gcc" "ASSEMBLER=arm-n
one-eabi-as" "ARCHIVER=arm-none-eabi-ar" "COMPILER_FLAGS=  -O2 -c" "EXTRA_COMPILER_FLAGS=-mcpu=cortex-a9 -mfpu=vfpv3 -mfloat-ab
i=hard -nostartfiles -g -Wall -Wextra -fno-tree-loop-distribute-patterns"

Compiling tfg_axi_lite_regs...

tfg_axi_lite_regs_selftest.c: In function 'TFG_AXI_LITE_REGS_Reg_SelfTest':
tfg_axi_lite_regs_selftest.c:52:73: warning: comparison of integer expressions of different signedness: 'u32' {aka 'long unsigned int'} and 'int' [-Wsign-compare]
   52 |           if ( TFG_AXI_LITE_REGS_mReadReg (baseaddr, read_loop_index*4) != (read_loop_index+1)*READ_WRITE_MUL_FACTOR){
      |                                                                         ^~
tfg_axi_lite_regs_selftest.c:36:13: warning: unused variable 'Index' [-Wunused-variable]
   36 |         int Index;
      |             ^~~~~
Finished building libraries sequentially.

make -j 2 --no-print-directory par_libs

Running Make include in ps7_cortexa9_0/libsrc/tfg_axi_lite_regs_v1_0/src

make -C ps7_cortexa9_0/libsrc/tfg_axi_lite_regs_v1_0/src -s include  "SHELL=/bin/sh" "COMPILER=arm-none-eabi-gcc" "ASSEMBLER=ar
m-none-eabi-as" "ARCHIVER=arm-none-eabi-ar" "COMPILER_FLAGS=  -O2 -c" "EXTRA_COMPILER_FLAGS=-mcpu=cortex-a9 -mfpu=vfpv3 -mfloat
-abi=hard -nostartfiles -g -Wall -Wextra -fno-tree-loop-distribute-patterns"

Running Make include in ps7_cortexa9_0/libsrc/standalone_v8_0/src

make -C ps7_cortexa9_0/libsrc/standalone_v8_0/src -s include  "SHELL=/bin/sh" "COMPILER=arm-none-eabi-gcc" "ASSEMBLER=arm-none-
eabi-as" "ARCHIVER=arm-none-eabi-ar" "COMPILER_FLAGS=  -O2 -c" "EXTRA_COMPILER_FLAGS=-mcpu=cortex-a9 -mfpu=vfpv3 -mfloat-abi=ha
rd -nostartfiles -g -Wall -Wextra -fno-tree-loop-distribute-patterns"

Running Make include in ps7_cortexa9_0/libsrc/qspips_v3_10/src

make -C ps7_cortexa9_0/libsrc/qspips_v3_10/src -s include  "SHELL=/bin/sh" "COMPILER=arm-none-eabi-gcc" "ASSEMBLER=arm-none-eab
i-as" "ARCHIVER=arm-none-eabi-ar" "COMPILER_FLAGS=  -O2 -c" "EXTRA_COMPILER_FLAGS=-mcpu=cortex-a9 -mfpu=vfpv3 -mfloat-abi=hard 
-nostartfiles -g -Wall -Wextra -fno-tree-loop-distribute-patterns"

Running Make include in ps7_cortexa9_0/libsrc/ttcps_v3_16/src

make -C ps7_cortexa9_0/libsrc/ttcps_v3_16/src -s include  "SHELL=/bin/sh" "COMPILER=arm-none-eabi-gcc" "ASSEMBLER=arm-none-eabi
-as" "ARCHIVER=arm-none-eabi-ar" "COMPILER_FLAGS=  -O2 -c" "EXTRA_COMPILER_FLAGS=-mcpu=cortex-a9 -mfpu=vfpv3 -mfloat-abi=hard -
nostartfiles -g -Wall -Wextra -fno-tree-loop-distribute-patterns"

Running Make include in ps7_cortexa9_0/libsrc/gpiops_v3_10/src

make -C ps7_cortexa9_0/libsrc/gpiops_v3_10/src -s include  "SHELL=/bin/sh" "COMPILER=arm-none-eabi-gcc" "ASSEMBLER=arm-none-eab
i-as" "ARCHIVER=arm-none-eabi-ar" "COMPILER_FLAGS=  -O2 -c" "EXTRA_COMPILER_FLAGS=-mcpu=cortex-a9 -mfpu=vfpv3 -mfloat-abi=hard 
-nostartfiles -g -Wall -Wextra -fno-tree-loop-distribute-patterns"

Running Make include in ps7_cortexa9_0/libsrc/scuwdt_v2_4/src

make -C ps7_cortexa9_0/libsrc/scuwdt_v2_4/src -s include  "SHELL=/bin/sh" "COMPILER=arm-none-eabi-gcc" "ASSEMBLER=arm-none-eabi
-as" "ARCHIVER=arm-none-eabi-ar" "COMPILER_FLAGS=  -O2 -c" "EXTRA_COMPILER_FLAGS=-mcpu=cortex-a9 -mfpu=vfpv3 -mfloat-abi=hard -
nostartfiles -g -Wall -Wextra -fno-tree-loop-distribute-patterns"

Running Make include in ps7_cortexa9_0/libsrc/devcfg_v3_7/src

make -C ps7_cortexa9_0/libsrc/devcfg_v3_7/src -s include  "SHELL=/bin/sh" "COMPILER=arm-none-eabi-gcc" "ASSEMBLER=arm-none-eabi
-as" "ARCHIVER=arm-none-eabi-ar" "COMPILER_FLAGS=  -O2 -c" "EXTRA_COMPILER_FLAGS=-mcpu=cortex-a9 -mfpu=vfpv3 -mfloat-abi=hard -
nostartfiles -g -Wall -Wextra -fno-tree-loop-distribute-patterns"

Running Make include in ps7_cortexa9_0/libsrc/scugic_v5_0/src

make -C ps7_cortexa9_0/libsrc/scugic_v5_0/src -s include  "SHELL=/bin/sh" "COMPILER=arm-none-eabi-gcc" "ASSEMBLER=arm-none-eabi
-as" "ARCHIVER=arm-none-eabi-ar" "COMPILER_FLAGS=  -O2 -c" "EXTRA_COMPILER_FLAGS=-mcpu=cortex-a9 -mfpu=vfpv3 -mfloat-abi=hard -
nostartfiles -g -Wall -Wextra -fno-tree-loop-distribute-patterns"

Running Make include in ps7_cortexa9_0/libsrc/xilrsa_v1_6/src

make -C ps7_cortexa9_0/libsrc/xilrsa_v1_6/src -s include  "SHELL=/bin/sh" "COMPILER=arm-none-eabi-gcc" "ASSEMBLER=arm-none-eabi
-as" "ARCHIVER=arm-none-eabi-ar" "COMPILER_FLAGS=  -O2 -c" "EXTRA_COMPILER_FLAGS=-mcpu=cortex-a9 -mfpu=vfpv3 -mfloat-abi=hard -
nostartfiles -g -Wall -Wextra -fno-tree-loop-distribute-patterns"

Running Make include in ps7_cortexa9_0/libsrc/uartps_v3_11/src

make -C ps7_cortexa9_0/libsrc/uartps_v3_11/src -s include  "SHELL=/bin/sh" "COMPILER=arm-none-eabi-gcc" "ASSEMBLER=arm-none-eab
i-as" "ARCHIVER=arm-none-eabi-ar" "COMPILER_FLAGS=  -O2 -c" "EXTRA_COMPILER_FLAGS=-mcpu=cortex-a9 -mfpu=vfpv3 -mfloat-abi=hard 
-nostartfiles -g -Wall -Wextra -fno-tree-loop-distribute-patterns"

Running Make include in ps7_cortexa9_0/libsrc/scutimer_v2_4/src

make -C ps7_cortexa9_0/libsrc/scutimer_v2_4/src -s include  "SHELL=/bin/sh" "COMPILER=arm-none-eabi-gcc" "ASSEMBLER=arm-none-ea
bi-as" "ARCHIVER=arm-none-eabi-ar" "COMPILER_FLAGS=  -O2 -c" "EXTRA_COMPILER_FLAGS=-mcpu=cortex-a9 -mfpu=vfpv3 -mfloat-abi=hard
 -nostartfiles -g -Wall -Wextra -fno-tree-loop-distribute-patterns"

Running Make include in ps7_cortexa9_0/libsrc/emacps_v3_17/src

make -C ps7_cortexa9_0/libsrc/emacps_v3_17/src -s include  "SHELL=/bin/sh" "COMPILER=arm-none-eabi-gcc" "ASSEMBLER=arm-none-eab
i-as" "ARCHIVER=arm-none-eabi-ar" "COMPILER_FLAGS=  -O2 -c" "EXTRA_COMPILER_FLAGS=-mcpu=cortex-a9 -mfpu=vfpv3 -mfloat-abi=hard 
-nostartfiles -g -Wall -Wextra -fno-tree-loop-distribute-patterns"

Running Make include in ps7_cortexa9_0/libsrc/usbps_v2_7/src

make -C ps7_cortexa9_0/libsrc/usbps_v2_7/src -s include  "SHELL=/bin/sh" "COMPILER=arm-none-eabi-gcc" "ASSEMBLER=arm-none-eabi-
as" "ARCHIVER=arm-none-eabi-ar" "COMPILER_FLAGS=  -O2 -c" "EXTRA_COMPILER_FLAGS=-mcpu=cortex-a9 -mfpu=vfpv3 -mfloat-abi=hard -n
ostartfiles -g -Wall -Wextra -fno-tree-loop-distribute-patterns"

Running Make include in ps7_cortexa9_0/libsrc/coresightps_dcc_v1_8/src

make -C ps7_cortexa9_0/libsrc/coresightps_dcc_v1_8/src -s include  "SHELL=/bin/sh" "COMPILER=arm-none-eabi-gcc" "ASSEMBLER=arm-
none-eabi-as" "ARCHIVER=arm-none-eabi-ar" "COMPILER_FLAGS=  -O2 -c" "EXTRA_COMPILER_FLAGS=-mcpu=cortex-a9 -mfpu=vfpv3 -mfloat-a
bi=hard -nostartfiles -g -Wall -Wextra -fno-tree-loop-distribute-patterns"

Running Make include in ps7_cortexa9_0/libsrc/ddrps_v1_2/src

make -C ps7_cortexa9_0/libsrc/ddrps_v1_2/src -s include  "SHELL=/bin/sh" "COMPILER=arm-none-eabi-gcc" "ASSEMBLER=arm-none-eabi-
as" "ARCHIVER=arm-none-eabi-ar" "COMPILER_FLAGS=  -O2 -c" "EXTRA_COMPILER_FLAGS=-mcpu=cortex-a9 -mfpu=vfpv3 -mfloat-abi=hard -n
ostartfiles -g -Wall -Wextra -fno-tree-loop-distribute-patterns"

Running Make include in ps7_cortexa9_0/libsrc/xadcps_v2_6/src

make -C ps7_cortexa9_0/libsrc/xadcps_v2_6/src -s include  "SHELL=/bin/sh" "COMPILER=arm-none-eabi-gcc" "ASSEMBLER=arm-none-eabi
-as" "ARCHIVER=arm-none-eabi-ar" "COMPILER_FLAGS=  -O2 -c" "EXTRA_COMPILER_FLAGS=-mcpu=cortex-a9 -mfpu=vfpv3 -mfloat-abi=hard -
nostartfiles -g -Wall -Wextra -fno-tree-loop-distribute-patterns"

Running Make include in ps7_cortexa9_0/libsrc/cpu_cortexa9_v2_11/src

make -C ps7_cortexa9_0/libsrc/cpu_cortexa9_v2_11/src -s include  "SHELL=/bin/sh" "COMPILER=arm-none-eabi-gcc" "ASSEMBLER=arm-no
ne-eabi-as" "ARCHIVER=arm-none-eabi-ar" "COMPILER_FLAGS=  -O2 -c" "EXTRA_COMPILER_FLAGS=-mcpu=cortex-a9 -mfpu=vfpv3 -mfloat-abi
=hard -nostartfiles -g -Wall -Wextra -fno-tree-loop-distribute-patterns"

Running Make include in ps7_cortexa9_0/libsrc/dmaps_v2_8/src

make -C ps7_cortexa9_0/libsrc/dmaps_v2_8/src -s include  "SHELL=/bin/sh" "COMPILER=arm-none-eabi-gcc" "ASSEMBLER=arm-none-eabi-
as" "ARCHIVER=arm-none-eabi-ar" "COMPILER_FLAGS=  -O2 -c" "EXTRA_COMPILER_FLAGS=-mcpu=cortex-a9 -mfpu=vfpv3 -mfloat-abi=hard -n
ostartfiles -g -Wall -Wextra -fno-tree-loop-distribute-patterns"

Running Make include in ps7_cortexa9_0/libsrc/xilffs_v4_8/src

make -C ps7_cortexa9_0/libsrc/xilffs_v4_8/src -s include  "SHELL=/bin/sh" "COMPILER=arm-none-eabi-gcc" "ASSEMBLER=arm-none-eabi
-as" "ARCHIVER=arm-none-eabi-ar" "COMPILER_FLAGS=  -O2 -c" "EXTRA_COMPILER_FLAGS=-mcpu=cortex-a9 -mfpu=vfpv3 -mfloat-abi=hard -
nostartfiles -g -Wall -Wextra -fno-tree-loop-distribute-patterns"

Running Make include in ps7_cortexa9_0/libsrc/sdps_v4_0/src

make -C ps7_cortexa9_0/libsrc/sdps_v4_0/src -s include  "SHELL=/bin/sh" "COMPILER=arm-none-eabi-gcc" "ASSEMBLER=arm-none-eabi-a
s" "ARCHIVER=arm-none-eabi-ar" "COMPILER_FLAGS=  -O2 -c" "EXTRA_COMPILER_FLAGS=-mcpu=cortex-a9 -mfpu=vfpv3 -mfloat-abi=hard -no
startfiles -g -Wall -Wextra -fno-tree-loop-distribute-patterns"

Running Make libs in ps7_cortexa9_0/libsrc/standalone_v8_0/src

make -C ps7_cortexa9_0/libsrc/standalone_v8_0/src -s libs  "SHELL=/bin/sh" "COMPILER=arm-none-eabi-gcc" "ASSEMBLER=arm-none-eab
i-as" "ARCHIVER=arm-none-eabi-ar" "COMPILER_FLAGS=  -O2 -c" "EXTRA_COMPILER_FLAGS=-mcpu=cortex-a9 -mfpu=vfpv3 -mfloat-abi=hard 
-nostartfiles -g -Wall -Wextra -fno-tree-loop-distribute-patterns"

Running Make libs in ps7_cortexa9_0/libsrc/qspips_v3_10/src

make -C ps7_cortexa9_0/libsrc/qspips_v3_10/src -s libs  "SHELL=/bin/sh" "COMPILER=arm-none-eabi-gcc" "ASSEMBLER=arm-none-eabi-a
s" "ARCHIVER=arm-none-eabi-ar" "COMPILER_FLAGS=  -O2 -c" "EXTRA_COMPILER_FLAGS=-mcpu=cortex-a9 -mfpu=vfpv3 -mfloat-abi=hard -no
startfiles -g -Wall -Wextra -fno-tree-loop-distribute-patterns"

Running Make libs in ps7_cortexa9_0/libsrc/ttcps_v3_16/src

make -C ps7_cortexa9_0/libsrc/ttcps_v3_16/src -s libs  "SHELL=/bin/sh" "COMPILER=arm-none-eabi-gcc" "ASSEMBLER=arm-none-eabi-as
" "ARCHIVER=arm-none-eabi-ar" "COMPILER_FLAGS=  -O2 -c" "EXTRA_COMPILER_FLAGS=-mcpu=cortex-a9 -mfpu=vfpv3 -mfloat-abi=hard -nos
tartfiles -g -Wall -Wextra -fno-tree-loop-distribute-patterns"

Running Make libs in ps7_cortexa9_0/libsrc/gpiops_v3_10/src

make -C ps7_cortexa9_0/libsrc/gpiops_v3_10/src -s libs  "SHELL=/bin/sh" "COMPILER=arm-none-eabi-gcc" "ASSEMBLER=arm-none-eabi-a
s" "ARCHIVER=arm-none-eabi-ar" "COMPILER_FLAGS=  -O2 -c" "EXTRA_COMPILER_FLAGS=-mcpu=cortex-a9 -mfpu=vfpv3 -mfloat-abi=hard -no
startfiles -g -Wall -Wextra -fno-tree-loop-distribute-patterns"

Running Make libs in ps7_cortexa9_0/libsrc/scuwdt_v2_4/src

make -C ps7_cortexa9_0/libsrc/scuwdt_v2_4/src -s libs  "SHELL=/bin/sh" "COMPILER=arm-none-eabi-gcc" "ASSEMBLER=arm-none-eabi-as
" "ARCHIVER=arm-none-eabi-ar" "COMPILER_FLAGS=  -O2 -c" "EXTRA_COMPILER_FLAGS=-mcpu=cortex-a9 -mfpu=vfpv3 -mfloat-abi=hard -nos
tartfiles -g -Wall -Wextra -fno-tree-loop-distribute-patterns"

Running Make libs in ps7_cortexa9_0/libsrc/scugic_v5_0/src

make -C ps7_cortexa9_0/libsrc/scugic_v5_0/src -s libs  "SHELL=/bin/sh" "COMPILER=arm-none-eabi-gcc" "ASSEMBLER=arm-none-eabi-as
" "ARCHIVER=arm-none-eabi-ar" "COMPILER_FLAGS=  -O2 -c" "EXTRA_COMPILER_FLAGS=-mcpu=cortex-a9 -mfpu=vfpv3 -mfloat-abi=hard -nos
tartfiles -g -Wall -Wextra -fno-tree-loop-distribute-patterns"

Running Make libs in ps7_cortexa9_0/libsrc/devcfg_v3_7/src

make -C ps7_cortexa9_0/libsrc/devcfg_v3_7/src -s libs  "SHELL=/bin/sh" "COMPILER=arm-none-eabi-gcc" "ASSEMBLER=arm-none-eabi-as
" "ARCHIVER=arm-none-eabi-ar" "COMPILER_FLAGS=  -O2 -c" "EXTRA_COMPILER_FLAGS=-mcpu=cortex-a9 -mfpu=vfpv3 -mfloat-abi=hard -nos
tartfiles -g -Wall -Wextra -fno-tree-loop-distribute-patterns"

Running Make libs in ps7_cortexa9_0/libsrc/uartps_v3_11/src

make -C ps7_cortexa9_0/libsrc/uartps_v3_11/src -s libs  "SHELL=/bin/sh" "COMPILER=arm-none-eabi-gcc" "ASSEMBLER=arm-none-eabi-a
s" "ARCHIVER=arm-none-eabi-ar" "COMPILER_FLAGS=  -O2 -c" "EXTRA_COMPILER_FLAGS=-mcpu=cortex-a9 -mfpu=vfpv3 -mfloat-abi=hard -no
startfiles -g -Wall -Wextra -fno-tree-loop-distribute-patterns"

Running Make libs in ps7_cortexa9_0/libsrc/scutimer_v2_4/src

make -C ps7_cortexa9_0/libsrc/scutimer_v2_4/src -s libs  "SHELL=/bin/sh" "COMPILER=arm-none-eabi-gcc" "ASSEMBLER=arm-none-eabi-
as" "ARCHIVER=arm-none-eabi-ar" "COMPILER_FLAGS=  -O2 -c" "EXTRA_COMPILER_FLAGS=-mcpu=cortex-a9 -mfpu=vfpv3 -mfloat-abi=hard -n
ostartfiles -g -Wall -Wextra -fno-tree-loop-distribute-patterns"

Running Make libs in ps7_cortexa9_0/libsrc/emacps_v3_17/src

make -C ps7_cortexa9_0/libsrc/emacps_v3_17/src -s libs  "SHELL=/bin/sh" "COMPILER=arm-none-eabi-gcc" "ASSEMBLER=arm-none-eabi-a
s" "ARCHIVER=arm-none-eabi-ar" "COMPILER_FLAGS=  -O2 -c" "EXTRA_COMPILER_FLAGS=-mcpu=cortex-a9 -mfpu=vfpv3 -mfloat-abi=hard -no
startfiles -g -Wall -Wextra -fno-tree-loop-distribute-patterns"

Running Make libs in ps7_cortexa9_0/libsrc/usbps_v2_7/src

make -C ps7_cortexa9_0/libsrc/usbps_v2_7/src -s libs  "SHELL=/bin/sh" "COMPILER=arm-none-eabi-gcc" "ASSEMBLER=arm-none-eabi-as"
 "ARCHIVER=arm-none-eabi-ar" "COMPILER_FLAGS=  -O2 -c" "EXTRA_COMPILER_FLAGS=-mcpu=cortex-a9 -mfpu=vfpv3 -mfloat-abi=hard -nost
artfiles -g -Wall -Wextra -fno-tree-loop-distribute-patterns"

Running Make libs in ps7_cortexa9_0/libsrc/coresightps_dcc_v1_8/src

make -C ps7_cortexa9_0/libsrc/coresightps_dcc_v1_8/src -s libs  "SHELL=/bin/sh" "COMPILER=arm-none-eabi-gcc" "ASSEMBLER=arm-non
e-eabi-as" "ARCHIVER=arm-none-eabi-ar" "COMPILER_FLAGS=  -O2 -c" "EXTRA_COMPILER_FLAGS=-mcpu=cortex-a9 -mfpu=vfpv3 -mfloat-abi=
hard -nostartfiles -g -Wall -Wextra -fno-tree-loop-distribute-patterns"

Running Make libs in ps7_cortexa9_0/libsrc/ddrps_v1_2/src

make -C ps7_cortexa9_0/libsrc/ddrps_v1_2/src -s libs  "SHELL=/bin/sh" "COMPILER=arm-none-eabi-gcc" "ASSEMBLER=arm-none-eabi-as"
 "ARCHIVER=arm-none-eabi-ar" "COMPILER_FLAGS=  -O2 -c" "EXTRA_COMPILER_FLAGS=-mcpu=cortex-a9 -mfpu=vfpv3 -mfloat-abi=hard -nost
artfiles -g -Wall -Wextra -fno-tree-loop-distribute-patterns"

Running Make libs in ps7_cortexa9_0/libsrc/xadcps_v2_6/src

make -C ps7_cortexa9_0/libsrc/xadcps_v2_6/src -s libs  "SHELL=/bin/sh" "COMPILER=arm-none-eabi-gcc" "ASSEMBLER=arm-none-eabi-as
" "ARCHIVER=arm-none-eabi-ar" "COMPILER_FLAGS=  -O2 -c" "EXTRA_COMPILER_FLAGS=-mcpu=cortex-a9 -mfpu=vfpv3 -mfloat-abi=hard -nos
tartfiles -g -Wall -Wextra -fno-tree-loop-distribute-patterns"

Running Make libs in ps7_cortexa9_0/libsrc/cpu_cortexa9_v2_11/src

make -C ps7_cortexa9_0/libsrc/cpu_cortexa9_v2_11/src -s libs  "SHELL=/bin/sh" "COMPILER=arm-none-eabi-gcc" "ASSEMBLER=arm-none-
eabi-as" "ARCHIVER=arm-none-eabi-ar" "COMPILER_FLAGS=  -O2 -c" "EXTRA_COMPILER_FLAGS=-mcpu=cortex-a9 -mfpu=vfpv3 -mfloat-abi=ha
rd -nostartfiles -g -Wall -Wextra -fno-tree-loop-distribute-patterns"

Running Make libs in ps7_cortexa9_0/libsrc/dmaps_v2_8/src

Running Make libs in ps7_cortexa9_0/libsrc/xilffs_v4_8/src

make -C ps7_cortexa9_0/libsrc/xilffs_v4_8/src -s libs  "SHELL=/bin/sh" "COMPILER=arm-none-eabi-gcc" "ASSEMBLER=arm-none-eabi-as
" "ARCHIVER=arm-none-eabi-ar" "COMPILER_FLAGS=  -O2 -c" "EXTRA_COMPILER_FLAGS=-mcpu=cortex-a9 -mfpu=vfpv3 -mfloat-abi=hard -nos
tartfiles -g -Wall -Wextra -fno-tree-loop-distribute-patterns"

make -C ps7_cortexa9_0/libsrc/dmaps_v2_8/src -s libs  "SHELL=/bin/sh" "COMPILER=arm-none-eabi-gcc" "ASSEMBLER=arm-none-eabi-as"
 "ARCHIVER=arm-none-eabi-ar" "COMPILER_FLAGS=  -O2 -c" "EXTRA_COMPILER_FLAGS=-mcpu=cortex-a9 -mfpu=vfpv3 -mfloat-abi=hard -nost
artfiles -g -Wall -Wextra -fno-tree-loop-distribute-patterns"

Running Make libs in ps7_cortexa9_0/libsrc/sdps_v4_0/src

make -C ps7_cortexa9_0/libsrc/sdps_v4_0/src -s libs  "SHELL=/bin/sh" "COMPILER=arm-none-eabi-gcc" "ASSEMBLER=arm-none-eabi-as" 
"ARCHIVER=arm-none-eabi-ar" "COMPILER_FLAGS=  -O2 -c" "EXTRA_COMPILER_FLAGS=-mcpu=cortex-a9 -mfpu=vfpv3 -mfloat-abi=hard -nosta
rtfiles -g -Wall -Wextra -fno-tree-loop-distribute-patterns"

Finished building libraries parallelly.

make --no-print-directory archive

arm-none-eabi-ar -r  ps7_cortexa9_0/lib/libxil.a ps7_cortexa9_0/lib/_exit.o ps7_cortexa9_0/lib/_open.o ps7_cortexa9_0/lib/_sbrk
.o ps7_cortexa9_0/lib/abort.o ps7_cortexa9_0/lib/asm_vectors.o ps7_cortexa9_0/lib/boot.o ps7_cortexa9_0/lib/close.o ps7_cortexa
9_0/lib/cpputest_time.o ps7_cortexa9_0/lib/cpu_init.o ps7_cortexa9_0/lib/errno.o ps7_cortexa9_0/lib/fcntl.o ps7_cortexa9_0/lib/
fstat.o ps7_cortexa9_0/lib/getpid.o ps7_cortexa9_0/lib/inbyte.o ps7_cortexa9_0/lib/isatty.o ps7_cortexa9_0/lib/kill.o ps7_corte
xa9_0/lib/lseek.o ps7_cortexa9_0/lib/open.o ps7_cortexa9_0/lib/outbyte.o ps7_cortexa9_0/lib/print.o ps7_cortexa9_0/lib/putnum.o
 ps7_cortexa9_0/lib/read.o ps7_cortexa9_0/lib/sbrk.o ps7_cortexa9_0/lib/sleep.o ps7_cortexa9_0/lib/time.o ps7_cortexa9_0/lib/tr
anslation_table.o ps7_cortexa9_0/lib/unlink.o ps7_cortexa9_0/lib/usleep.o ps7_cortexa9_0/lib/vectors.o ps7_cortexa9_0/lib/write
.o ps7_cortexa9_0/lib/xadcps.o ps7_cortexa9_0/lib/xadcps_g.o ps7_cortexa9_0/lib/xadcps_intr.o ps7_cortexa9_0/lib/xadcps_selftes
t.o ps7_cortexa9_0/lib/xadcps_sinit.o ps7_cortexa9_0/lib/xcoresightpsdcc.o ps7_cortexa9_0/lib/xdevcfg.o ps7_cortexa9_0/lib/xdev
cfg_g.o ps7_cortexa9_0/lib/xdevcfg_hw.o ps7_cortexa9_0/lib/xdevcfg_intr.o ps7_cortexa9_0/lib/xdevcfg_selftest.o ps7_cortexa9_0/
lib/xdevcfg_sinit.o ps7_cortexa9_0/lib/xdmaps.o ps7_cortexa9_0/lib/xdmaps_g.o ps7_cortexa9_0/lib/xdmaps_hw.o ps7_cortexa9_0/lib
/xdmaps_selftest.o ps7_cortexa9_0/lib/xdmaps_sinit.o ps7_cortexa9_0/lib/xemacps.o ps7_cortexa9_0/lib/xemacps_bdring.o ps7_corte
xa9_0/lib/xemacps_control.o ps7_cortexa9_0/lib/xemacps_g.o ps7_cortexa9_0/lib/xemacps_hw.o ps7_cortexa9_0/lib/xemacps_intr.o ps
7_cortexa9_0/lib/xemacps_sinit.o ps7_cortexa9_0/lib/xgpiops.o ps7_cortexa9_0/lib/xgpiops_g.o ps7_cortexa9_0/lib/xgpiops_hw.o ps
7_cortexa9_0/lib/xgpiops_intr.o ps7_cortexa9_0/lib/xgpiops_selftest.o ps7_cortexa9_0/lib/xgpiops_sinit.o ps7_cortexa9_0/lib/xil
-crt0.o ps7_cortexa9_0/lib/xil_assert.o ps7_cortexa9_0/lib/xil_cache.o ps7_cortexa9_0/lib/xil_clocking.o ps7_cortexa9_0/lib/xil
_exception.o ps7_cortexa9_0/lib/xil_mem.o ps7_cortexa9_0/lib/xil_misc_psreset_api.o ps7_cortexa9_0/lib/xil_mmu.o ps7_cortexa9_0
/lib/xil_printf.o ps7_cortexa9_0/lib/xil_sleepcommon.o ps7_cortexa9_0/lib/xil_sleeptimer.o ps7_cortexa9_0/lib/xil_spinlock.o ps
7_cortexa9_0/lib/xil_testcache.o ps7_cortexa9_0/lib/xil_testio.o ps7_cortexa9_0/lib/xil_testmem.o ps7_cortexa9_0/lib/xil_util.o
 ps7_cortexa9_0/lib/xinterrupt_wrap.o ps7_cortexa9_0/lib/xl2cc_counter.o ps7_cortexa9_0/lib/xplatform_info.o ps7_cortexa9_0/lib
/xpm_counter.o ps7_cortexa9_0/lib/xqspips.o ps7_cortexa9_0/lib/xqspips_g.o ps7_cortexa9_0/lib/xqspips_hw.o ps7_cortexa9_0/lib/x
qspips_options.o ps7_cortexa9_0/lib/xqspips_selftest.o ps7_cortexa9_0/lib/xqspips_sinit.o ps7_cortexa9_0/lib/xscugic.o ps7_cort
exa9_0/lib/xscugic_g.o ps7_cortexa9_0/lib/xscugic_hw.o ps7_cortexa9_0/lib/xscugic_intr.o ps7_cortexa9_0/lib/xscugic_selftest.o 
ps7_cortexa9_0/lib/xscugic_sinit.o ps7_cortexa9_0/lib/xscutimer.o ps7_cortexa9_0/lib/xscutimer_g.o ps7_cortexa9_0/lib/xscutimer
_selftest.o ps7_cortexa9_0/lib/xscutimer_sinit.o ps7_cortexa9_0/lib/xscuwdt.o ps7_cortexa9_0/lib/xscuwdt_g.o ps7_cortexa9_0/lib
/xscuwdt_selftest.o ps7_cortexa9_0/lib/xscuwdt_sinit.o ps7_cortexa9_0/lib/xsdps.o ps7_cortexa9_0/lib/xsdps_card.o ps7_cortexa9_
0/lib/xsdps_g.o ps7_cortexa9_0/lib/xsdps_host.o ps7_cortexa9_0/lib/xsdps_options.o ps7_cortexa9_0/lib/xsdps_sinit.o ps7_cortexa
9_0/lib/xtime_l.o ps7_cortexa9_0/lib/xttcps.o ps7_cortexa9_0/lib/xttcps_g.o ps7_cortexa9_0/lib/xttcps_options.o ps7_cortexa9_0/
lib/xttcps_selftest.o ps7_cortexa9_0/lib/xttcps_sinit.o ps7_cortexa9_0/lib/xuartps.o ps7_cortexa9_0/lib/xuartps_g.o ps7_cortexa
9_0/lib/xuartps_hw.o ps7_cortexa9_0/lib/xuartps_intr.o ps7_cortexa9_0/lib/xuartps_options.o ps7_cortexa9_0/lib/xuartps_selftest
.o ps7_cortexa9_0/lib/xuartps_sinit.o ps7_cortexa9_0/lib/xusbps.o ps7_cortexa9_0/lib/xusbps_endpoint.o ps7_cortexa9_0/lib/xusbp
s_g.o ps7_cortexa9_0/lib/xusbps_hw.o ps7_cortexa9_0/lib/xusbps_intr.o ps7_cortexa9_0/lib/xusbps_sinit.o

Finished building libraries

make: Leaving directory '/home/javier/tfg/tfg_zedboard/sw/vitis/workspace/tfg_zedboard_platform/zynq_fsbl/zynq_fsbl_bsp'

arm-none-eabi-gcc -o fsbl.elf fsbl_handoff.o fsbl_hooks.o image_mover.o main.o md5.o nand.o nor.o pcap.o ps7_init.o qspi.o rsa.
o sd.o -MMD -MP       -mcpu=cortex-a9 -mfpu=vfpv3 -mfloat-abi=hard   -mcpu=cortex-a9 -mfpu=vfpv3 -mfloat-abi=hard -Wl,-build-id
=none -specs=Xilinx.spec  -lrsa -Wl,--start-group,-lxil,-lgcc,-lc,--end-group -Wl,--start-group,-lxilffs,-lxil,-lgcc,-lc,--end-
group -Wl,--start-group,-lrsa,-lxil,-lgcc,-lc,--end-group                                     -Wl,--gc-sections -Lzynq_fsbl_bsp
/ps7_cortexa9_0/lib -L./ -Tlscript.ld

Building the BSP Library for domain  - standalone_domain on processor ps7_cortexa9_0
make --no-print-directory seq_libs

Running Make include in ps7_cortexa9_0/libsrc/tfg_axi_lite_regs_v1_0/src

make -C ps7_cortexa9_0/libsrc/tfg_axi_lite_regs_v1_0/src -s include  "SHELL=/bin/sh" "COMPILER=arm-none-eabi-gcc" "ASSEMBLER=ar
m-none-eabi-as" "ARCHIVER=arm-none-eabi-ar" "COMPILER_FLAGS=  -O2 -c" "EXTRA_COMPILER_FLAGS=-mcpu=cortex-a9 -mfpu=vfpv3 -mfloat
-abi=hard -nostartfiles -g -Wall -Wextra -fno-tree-loop-distribute-patterns"

Running Make include in ps7_cortexa9_0/libsrc/standalone_v8_0/src

make -C ps7_cortexa9_0/libsrc/standalone_v8_0/src -s include  "SHELL=/bin/sh" "COMPILER=arm-none-eabi-gcc" "ASSEMBLER=arm-none-
eabi-as" "ARCHIVER=arm-none-eabi-ar" "COMPILER_FLAGS=  -O2 -c" "EXTRA_COMPILER_FLAGS=-mcpu=cortex-a9 -mfpu=vfpv3 -mfloat-abi=ha
rd -nostartfiles -g -Wall -Wextra -fno-tree-loop-distribute-patterns"

Running Make include in ps7_cortexa9_0/libsrc/qspips_v3_10/src

make -C ps7_cortexa9_0/libsrc/qspips_v3_10/src -s include  "SHELL=/bin/sh" "COMPILER=arm-none-eabi-gcc" "ASSEMBLER=arm-none-eab
i-as" "ARCHIVER=arm-none-eabi-ar" "COMPILER_FLAGS=  -O2 -c" "EXTRA_COMPILER_FLAGS=-mcpu=cortex-a9 -mfpu=vfpv3 -mfloat-abi=hard 
-nostartfiles -g -Wall -Wextra -fno-tree-loop-distribute-patterns"

Running Make include in ps7_cortexa9_0/libsrc/ttcps_v3_16/src

make -C ps7_cortexa9_0/libsrc/ttcps_v3_16/src -s include  "SHELL=/bin/sh" "COMPILER=arm-none-eabi-gcc" "ASSEMBLER=arm-none-eabi
-as" "ARCHIVER=arm-none-eabi-ar" "COMPILER_FLAGS=  -O2 -c" "EXTRA_COMPILER_FLAGS=-mcpu=cortex-a9 -mfpu=vfpv3 -mfloat-abi=hard -
nostartfiles -g -Wall -Wextra -fno-tree-loop-distribute-patterns"

Running Make include in ps7_cortexa9_0/libsrc/gpiops_v3_10/src

make -C ps7_cortexa9_0/libsrc/gpiops_v3_10/src -s include  "SHELL=/bin/sh" "COMPILER=arm-none-eabi-gcc" "ASSEMBLER=arm-none-eab
i-as" "ARCHIVER=arm-none-eabi-ar" "COMPILER_FLAGS=  -O2 -c" "EXTRA_COMPILER_FLAGS=-mcpu=cortex-a9 -mfpu=vfpv3 -mfloat-abi=hard 
-nostartfiles -g -Wall -Wextra -fno-tree-loop-distribute-patterns"

Running Make include in ps7_cortexa9_0/libsrc/scuwdt_v2_4/src

make -C ps7_cortexa9_0/libsrc/scuwdt_v2_4/src -s include  "SHELL=/bin/sh" "COMPILER=arm-none-eabi-gcc" "ASSEMBLER=arm-none-eabi
-as" "ARCHIVER=arm-none-eabi-ar" "COMPILER_FLAGS=  -O2 -c" "EXTRA_COMPILER_FLAGS=-mcpu=cortex-a9 -mfpu=vfpv3 -mfloat-abi=hard -
nostartfiles -g -Wall -Wextra -fno-tree-loop-distribute-patterns"

Running Make include in ps7_cortexa9_0/libsrc/devcfg_v3_7/src

make -C ps7_cortexa9_0/libsrc/devcfg_v3_7/src -s include  "SHELL=/bin/sh" "COMPILER=arm-none-eabi-gcc" "ASSEMBLER=arm-none-eabi
-as" "ARCHIVER=arm-none-eabi-ar" "COMPILER_FLAGS=  -O2 -c" "EXTRA_COMPILER_FLAGS=-mcpu=cortex-a9 -mfpu=vfpv3 -mfloat-abi=hard -
nostartfiles -g -Wall -Wextra -fno-tree-loop-distribute-patterns"

Running Make include in ps7_cortexa9_0/libsrc/scugic_v5_0/src

make -C ps7_cortexa9_0/libsrc/scugic_v5_0/src -s include  "SHELL=/bin/sh" "COMPILER=arm-none-eabi-gcc" "ASSEMBLER=arm-none-eabi
-as" "ARCHIVER=arm-none-eabi-ar" "COMPILER_FLAGS=  -O2 -c" "EXTRA_COMPILER_FLAGS=-mcpu=cortex-a9 -mfpu=vfpv3 -mfloat-abi=hard -
nostartfiles -g -Wall -Wextra -fno-tree-loop-distribute-patterns"

Running Make include in ps7_cortexa9_0/libsrc/uartps_v3_11/src

make -C ps7_cortexa9_0/libsrc/uartps_v3_11/src -s include  "SHELL=/bin/sh" "COMPILER=arm-none-eabi-gcc" "ASSEMBLER=arm-none-eab
i-as" "ARCHIVER=arm-none-eabi-ar" "COMPILER_FLAGS=  -O2 -c" "EXTRA_COMPILER_FLAGS=-mcpu=cortex-a9 -mfpu=vfpv3 -mfloat-abi=hard 
-nostartfiles -g -Wall -Wextra -fno-tree-loop-distribute-patterns"

Running Make include in ps7_cortexa9_0/libsrc/scutimer_v2_4/src

make -C ps7_cortexa9_0/libsrc/scutimer_v2_4/src -s include  "SHELL=/bin/sh" "COMPILER=arm-none-eabi-gcc" "ASSEMBLER=arm-none-ea
bi-as" "ARCHIVER=arm-none-eabi-ar" "COMPILER_FLAGS=  -O2 -c" "EXTRA_COMPILER_FLAGS=-mcpu=cortex-a9 -mfpu=vfpv3 -mfloat-abi=hard
 -nostartfiles -g -Wall -Wextra -fno-tree-loop-distribute-patterns"

Running Make include in ps7_cortexa9_0/libsrc/emacps_v3_17/src

make -C ps7_cortexa9_0/libsrc/emacps_v3_17/src -s include  "SHELL=/bin/sh" "COMPILER=arm-none-eabi-gcc" "ASSEMBLER=arm-none-eab
i-as" "ARCHIVER=arm-none-eabi-ar" "COMPILER_FLAGS=  -O2 -c" "EXTRA_COMPILER_FLAGS=-mcpu=cortex-a9 -mfpu=vfpv3 -mfloat-abi=hard 
-nostartfiles -g -Wall -Wextra -fno-tree-loop-distribute-patterns"

Running Make include in ps7_cortexa9_0/libsrc/usbps_v2_7/src

make -C ps7_cortexa9_0/libsrc/usbps_v2_7/src -s include  "SHELL=/bin/sh" "COMPILER=arm-none-eabi-gcc" "ASSEMBLER=arm-none-eabi-
as" "ARCHIVER=arm-none-eabi-ar" "COMPILER_FLAGS=  -O2 -c" "EXTRA_COMPILER_FLAGS=-mcpu=cortex-a9 -mfpu=vfpv3 -mfloat-abi=hard -n
ostartfiles -g -Wall -Wextra -fno-tree-loop-distribute-patterns"

Running Make include in ps7_cortexa9_0/libsrc/coresightps_dcc_v1_8/src

make -C ps7_cortexa9_0/libsrc/coresightps_dcc_v1_8/src -s include  "SHELL=/bin/sh" "COMPILER=arm-none-eabi-gcc" "ASSEMBLER=arm-
none-eabi-as" "ARCHIVER=arm-none-eabi-ar" "COMPILER_FLAGS=  -O2 -c" "EXTRA_COMPILER_FLAGS=-mcpu=cortex-a9 -mfpu=vfpv3 -mfloat-a
bi=hard -nostartfiles -g -Wall -Wextra -fno-tree-loop-distribute-patterns"

Running Make include in ps7_cortexa9_0/libsrc/ddrps_v1_2/src

make -C ps7_cortexa9_0/libsrc/ddrps_v1_2/src -s include  "SHELL=/bin/sh" "COMPILER=arm-none-eabi-gcc" "ASSEMBLER=arm-none-eabi-
as" "ARCHIVER=arm-none-eabi-ar" "COMPILER_FLAGS=  -O2 -c" "EXTRA_COMPILER_FLAGS=-mcpu=cortex-a9 -mfpu=vfpv3 -mfloat-abi=hard -n
ostartfiles -g -Wall -Wextra -fno-tree-loop-distribute-patterns"

Running Make include in ps7_cortexa9_0/libsrc/xadcps_v2_6/src

make -C ps7_cortexa9_0/libsrc/xadcps_v2_6/src -s include  "SHELL=/bin/sh" "COMPILER=arm-none-eabi-gcc" "ASSEMBLER=arm-none-eabi
-as" "ARCHIVER=arm-none-eabi-ar" "COMPILER_FLAGS=  -O2 -c" "EXTRA_COMPILER_FLAGS=-mcpu=cortex-a9 -mfpu=vfpv3 -mfloat-abi=hard -
nostartfiles -g -Wall -Wextra -fno-tree-loop-distribute-patterns"

Running Make include in ps7_cortexa9_0/libsrc/cpu_cortexa9_v2_11/src

make -C ps7_cortexa9_0/libsrc/cpu_cortexa9_v2_11/src -s include  "SHELL=/bin/sh" "COMPILER=arm-none-eabi-gcc" "ASSEMBLER=arm-no
ne-eabi-as" "ARCHIVER=arm-none-eabi-ar" "COMPILER_FLAGS=  -O2 -c" "EXTRA_COMPILER_FLAGS=-mcpu=cortex-a9 -mfpu=vfpv3 -mfloat-abi
=hard -nostartfiles -g -Wall -Wextra -fno-tree-loop-distribute-patterns"

Running Make include in ps7_cortexa9_0/libsrc/dmaps_v2_8/src

make -C ps7_cortexa9_0/libsrc/dmaps_v2_8/src -s include  "SHELL=/bin/sh" "COMPILER=arm-none-eabi-gcc" "ASSEMBLER=arm-none-eabi-
as" "ARCHIVER=arm-none-eabi-ar" "COMPILER_FLAGS=  -O2 -c" "EXTRA_COMPILER_FLAGS=-mcpu=cortex-a9 -mfpu=vfpv3 -mfloat-abi=hard -n
ostartfiles -g -Wall -Wextra -fno-tree-loop-distribute-patterns"

Running Make include in ps7_cortexa9_0/libsrc/xilffs_v4_8/src

make -C ps7_cortexa9_0/libsrc/xilffs_v4_8/src -s include  "SHELL=/bin/sh" "COMPILER=arm-none-eabi-gcc" "ASSEMBLER=arm-none-eabi
-as" "ARCHIVER=arm-none-eabi-ar" "COMPILER_FLAGS=  -O2 -c" "EXTRA_COMPILER_FLAGS=-mcpu=cortex-a9 -mfpu=vfpv3 -mfloat-abi=hard -
nostartfiles -g -Wall -Wextra -fno-tree-loop-distribute-patterns"

Running Make include in ps7_cortexa9_0/libsrc/sdps_v4_0/src

make -C ps7_cortexa9_0/libsrc/sdps_v4_0/src -s include  "SHELL=/bin/sh" "COMPILER=arm-none-eabi-gcc" "ASSEMBLER=arm-none-eabi-a
s" "ARCHIVER=arm-none-eabi-ar" "COMPILER_FLAGS=  -O2 -c" "EXTRA_COMPILER_FLAGS=-mcpu=cortex-a9 -mfpu=vfpv3 -mfloat-abi=hard -no
startfiles -g -Wall -Wextra -fno-tree-loop-distribute-patterns"

Running Make libs in ps7_cortexa9_0/libsrc/tfg_axi_lite_regs_v1_0/src

make -C ps7_cortexa9_0/libsrc/tfg_axi_lite_regs_v1_0/src -s libs  "SHELL=/bin/sh" "COMPILER=arm-none-eabi-gcc" "ASSEMBLER=arm-n
one-eabi-as" "ARCHIVER=arm-none-eabi-ar" "COMPILER_FLAGS=  -O2 -c" "EXTRA_COMPILER_FLAGS=-mcpu=cortex-a9 -mfpu=vfpv3 -mfloat-ab
i=hard -nostartfiles -g -Wall -Wextra -fno-tree-loop-distribute-patterns"

Compiling tfg_axi_lite_regs...

tfg_axi_lite_regs_selftest.c: In function 'TFG_AXI_LITE_REGS_Reg_SelfTest':
tfg_axi_lite_regs_selftest.c:52:73: warning: comparison of integer expressions of different signedness: 'u32' {aka 'long unsigned int'} and 'int' [-Wsign-compare]
   52 |           if ( TFG_AXI_LITE_REGS_mReadReg (baseaddr, read_loop_index*4) != (read_loop_index+1)*READ_WRITE_MUL_FACTOR){
      |                                                                         ^~
tfg_axi_lite_regs_selftest.c:36:13: warning: unused variable 'Index' [-Wunused-variable]
   36 |         int Index;
      |             ^~~~~
Finished building libraries sequentially.

make -j 2 --no-print-directory par_libs

Running Make include in ps7_cortexa9_0/libsrc/tfg_axi_lite_regs_v1_0/src

make -C ps7_cortexa9_0/libsrc/tfg_axi_lite_regs_v1_0/src -s include  "SHELL=/bin/sh" "COMPILER=arm-none-eabi-gcc" "ASSEMBLER=ar
m-none-eabi-as" "ARCHIVER=arm-none-eabi-ar" "COMPILER_FLAGS=  -O2 -c" "EXTRA_COMPILER_FLAGS=-mcpu=cortex-a9 -mfpu=vfpv3 -mfloat
-abi=hard -nostartfiles -g -Wall -Wextra -fno-tree-loop-distribute-patterns"

Running Make include in ps7_cortexa9_0/libsrc/standalone_v8_0/src

make -C ps7_cortexa9_0/libsrc/standalone_v8_0/src -s include  "SHELL=/bin/sh" "COMPILER=arm-none-eabi-gcc" "ASSEMBLER=arm-none-
eabi-as" "ARCHIVER=arm-none-eabi-ar" "COMPILER_FLAGS=  -O2 -c" "EXTRA_COMPILER_FLAGS=-mcpu=cortex-a9 -mfpu=vfpv3 -mfloat-abi=ha
rd -nostartfiles -g -Wall -Wextra -fno-tree-loop-distribute-patterns"

Running Make include in ps7_cortexa9_0/libsrc/qspips_v3_10/src

make -C ps7_cortexa9_0/libsrc/qspips_v3_10/src -s include  "SHELL=/bin/sh" "COMPILER=arm-none-eabi-gcc" "ASSEMBLER=arm-none-eab
i-as" "ARCHIVER=arm-none-eabi-ar" "COMPILER_FLAGS=  -O2 -c" "EXTRA_COMPILER_FLAGS=-mcpu=cortex-a9 -mfpu=vfpv3 -mfloat-abi=hard 
-nostartfiles -g -Wall -Wextra -fno-tree-loop-distribute-patterns"

Running Make include in ps7_cortexa9_0/libsrc/ttcps_v3_16/src

make -C ps7_cortexa9_0/libsrc/ttcps_v3_16/src -s include  "SHELL=/bin/sh" "COMPILER=arm-none-eabi-gcc" "ASSEMBLER=arm-none-eabi
-as" "ARCHIVER=arm-none-eabi-ar" "COMPILER_FLAGS=  -O2 -c" "EXTRA_COMPILER_FLAGS=-mcpu=cortex-a9 -mfpu=vfpv3 -mfloat-abi=hard -
nostartfiles -g -Wall -Wextra -fno-tree-loop-distribute-patterns"

Running Make include in ps7_cortexa9_0/libsrc/scuwdt_v2_4/src

make -C ps7_cortexa9_0/libsrc/scuwdt_v2_4/src -s include  "SHELL=/bin/sh" "COMPILER=arm-none-eabi-gcc" "ASSEMBLER=arm-none-eabi
-as" "ARCHIVER=arm-none-eabi-ar" "COMPILER_FLAGS=  -O2 -c" "EXTRA_COMPILER_FLAGS=-mcpu=cortex-a9 -mfpu=vfpv3 -mfloat-abi=hard -
nostartfiles -g -Wall -Wextra -fno-tree-loop-distribute-patterns"

Running Make include in ps7_cortexa9_0/libsrc/gpiops_v3_10/src

make -C ps7_cortexa9_0/libsrc/gpiops_v3_10/src -s include  "SHELL=/bin/sh" "COMPILER=arm-none-eabi-gcc" "ASSEMBLER=arm-none-eab
i-as" "ARCHIVER=arm-none-eabi-ar" "COMPILER_FLAGS=  -O2 -c" "EXTRA_COMPILER_FLAGS=-mcpu=cortex-a9 -mfpu=vfpv3 -mfloat-abi=hard 
-nostartfiles -g -Wall -Wextra -fno-tree-loop-distribute-patterns"

Running Make include in ps7_cortexa9_0/libsrc/devcfg_v3_7/src

make -C ps7_cortexa9_0/libsrc/devcfg_v3_7/src -s include  "SHELL=/bin/sh" "COMPILER=arm-none-eabi-gcc" "ASSEMBLER=arm-none-eabi
-as" "ARCHIVER=arm-none-eabi-ar" "COMPILER_FLAGS=  -O2 -c" "EXTRA_COMPILER_FLAGS=-mcpu=cortex-a9 -mfpu=vfpv3 -mfloat-abi=hard -
nostartfiles -g -Wall -Wextra -fno-tree-loop-distribute-patterns"

Running Make include in ps7_cortexa9_0/libsrc/scugic_v5_0/src

make -C ps7_cortexa9_0/libsrc/scugic_v5_0/src -s include  "SHELL=/bin/sh" "COMPILER=arm-none-eabi-gcc" "ASSEMBLER=arm-none-eabi
-as" "ARCHIVER=arm-none-eabi-ar" "COMPILER_FLAGS=  -O2 -c" "EXTRA_COMPILER_FLAGS=-mcpu=cortex-a9 -mfpu=vfpv3 -mfloat-abi=hard -
nostartfiles -g -Wall -Wextra -fno-tree-loop-distribute-patterns"

Running Make include in ps7_cortexa9_0/libsrc/uartps_v3_11/src

make -C ps7_cortexa9_0/libsrc/uartps_v3_11/src -s include  "SHELL=/bin/sh" "COMPILER=arm-none-eabi-gcc" "ASSEMBLER=arm-none-eab
i-as" "ARCHIVER=arm-none-eabi-ar" "COMPILER_FLAGS=  -O2 -c" "EXTRA_COMPILER_FLAGS=-mcpu=cortex-a9 -mfpu=vfpv3 -mfloat-abi=hard 
-nostartfiles -g -Wall -Wextra -fno-tree-loop-distribute-patterns"

Running Make include in ps7_cortexa9_0/libsrc/scutimer_v2_4/src

make -C ps7_cortexa9_0/libsrc/scutimer_v2_4/src -s include  "SHELL=/bin/sh" "COMPILER=arm-none-eabi-gcc" "ASSEMBLER=arm-none-ea
bi-as" "ARCHIVER=arm-none-eabi-ar" "COMPILER_FLAGS=  -O2 -c" "EXTRA_COMPILER_FLAGS=-mcpu=cortex-a9 -mfpu=vfpv3 -mfloat-abi=hard
 -nostartfiles -g -Wall -Wextra -fno-tree-loop-distribute-patterns"

Running Make include in ps7_cortexa9_0/libsrc/emacps_v3_17/src

make -C ps7_cortexa9_0/libsrc/emacps_v3_17/src -s include  "SHELL=/bin/sh" "COMPILER=arm-none-eabi-gcc" "ASSEMBLER=arm-none-eab
i-as" "ARCHIVER=arm-none-eabi-ar" "COMPILER_FLAGS=  -O2 -c" "EXTRA_COMPILER_FLAGS=-mcpu=cortex-a9 -mfpu=vfpv3 -mfloat-abi=hard 
-nostartfiles -g -Wall -Wextra -fno-tree-loop-distribute-patterns"

Running Make include in ps7_cortexa9_0/libsrc/usbps_v2_7/src

make -C ps7_cortexa9_0/libsrc/usbps_v2_7/src -s include  "SHELL=/bin/sh" "COMPILER=arm-none-eabi-gcc" "ASSEMBLER=arm-none-eabi-
as" "ARCHIVER=arm-none-eabi-ar" "COMPILER_FLAGS=  -O2 -c" "EXTRA_COMPILER_FLAGS=-mcpu=cortex-a9 -mfpu=vfpv3 -mfloat-abi=hard -n
ostartfiles -g -Wall -Wextra -fno-tree-loop-distribute-patterns"

Running Make include in ps7_cortexa9_0/libsrc/coresightps_dcc_v1_8/src

make -C ps7_cortexa9_0/libsrc/coresightps_dcc_v1_8/src -s include  "SHELL=/bin/sh" "COMPILER=arm-none-eabi-gcc" "ASSEMBLER=arm-
none-eabi-as" "ARCHIVER=arm-none-eabi-ar" "COMPILER_FLAGS=  -O2 -c" "EXTRA_COMPILER_FLAGS=-mcpu=cortex-a9 -mfpu=vfpv3 -mfloat-a
bi=hard -nostartfiles -g -Wall -Wextra -fno-tree-loop-distribute-patterns"

Running Make include in ps7_cortexa9_0/libsrc/ddrps_v1_2/src

make -C ps7_cortexa9_0/libsrc/ddrps_v1_2/src -s include  "SHELL=/bin/sh" "COMPILER=arm-none-eabi-gcc" "ASSEMBLER=arm-none-eabi-
as" "ARCHIVER=arm-none-eabi-ar" "COMPILER_FLAGS=  -O2 -c" "EXTRA_COMPILER_FLAGS=-mcpu=cortex-a9 -mfpu=vfpv3 -mfloat-abi=hard -n
ostartfiles -g -Wall -Wextra -fno-tree-loop-distribute-patterns"

Running Make include in ps7_cortexa9_0/libsrc/xadcps_v2_6/src

make -C ps7_cortexa9_0/libsrc/xadcps_v2_6/src -s include  "SHELL=/bin/sh" "COMPILER=arm-none-eabi-gcc" "ASSEMBLER=arm-none-eabi
-as" "ARCHIVER=arm-none-eabi-ar" "COMPILER_FLAGS=  -O2 -c" "EXTRA_COMPILER_FLAGS=-mcpu=cortex-a9 -mfpu=vfpv3 -mfloat-abi=hard -
nostartfiles -g -Wall -Wextra -fno-tree-loop-distribute-patterns"

Running Make include in ps7_cortexa9_0/libsrc/cpu_cortexa9_v2_11/src

make -C ps7_cortexa9_0/libsrc/cpu_cortexa9_v2_11/src -s include  "SHELL=/bin/sh" "COMPILER=arm-none-eabi-gcc" "ASSEMBLER=arm-no
ne-eabi-as" "ARCHIVER=arm-none-eabi-ar" "COMPILER_FLAGS=  -O2 -c" "EXTRA_COMPILER_FLAGS=-mcpu=cortex-a9 -mfpu=vfpv3 -mfloat-abi
=hard -nostartfiles -g -Wall -Wextra -fno-tree-loop-distribute-patterns"

Running Make include in ps7_cortexa9_0/libsrc/dmaps_v2_8/src

make -C ps7_cortexa9_0/libsrc/dmaps_v2_8/src -s include  "SHELL=/bin/sh" "COMPILER=arm-none-eabi-gcc" "ASSEMBLER=arm-none-eabi-
as" "ARCHIVER=arm-none-eabi-ar" "COMPILER_FLAGS=  -O2 -c" "EXTRA_COMPILER_FLAGS=-mcpu=cortex-a9 -mfpu=vfpv3 -mfloat-abi=hard -n
ostartfiles -g -Wall -Wextra -fno-tree-loop-distribute-patterns"

Running Make include in ps7_cortexa9_0/libsrc/xilffs_v4_8/src

make -C ps7_cortexa9_0/libsrc/xilffs_v4_8/src -s include  "SHELL=/bin/sh" "COMPILER=arm-none-eabi-gcc" "ASSEMBLER=arm-none-eabi
-as" "ARCHIVER=arm-none-eabi-ar" "COMPILER_FLAGS=  -O2 -c" "EXTRA_COMPILER_FLAGS=-mcpu=cortex-a9 -mfpu=vfpv3 -mfloat-abi=hard -
nostartfiles -g -Wall -Wextra -fno-tree-loop-distribute-patterns"

Running Make include in ps7_cortexa9_0/libsrc/sdps_v4_0/src

make -C ps7_cortexa9_0/libsrc/sdps_v4_0/src -s include  "SHELL=/bin/sh" "COMPILER=arm-none-eabi-gcc" "ASSEMBLER=arm-none-eabi-a
s" "ARCHIVER=arm-none-eabi-ar" "COMPILER_FLAGS=  -O2 -c" "EXTRA_COMPILER_FLAGS=-mcpu=cortex-a9 -mfpu=vfpv3 -mfloat-abi=hard -no
startfiles -g -Wall -Wextra -fno-tree-loop-distribute-patterns"

Running Make libs in ps7_cortexa9_0/libsrc/standalone_v8_0/src

make -C ps7_cortexa9_0/libsrc/standalone_v8_0/src -s libs  "SHELL=/bin/sh" "COMPILER=arm-none-eabi-gcc" "ASSEMBLER=arm-none-eab
i-as" "ARCHIVER=arm-none-eabi-ar" "COMPILER_FLAGS=  -O2 -c" "EXTRA_COMPILER_FLAGS=-mcpu=cortex-a9 -mfpu=vfpv3 -mfloat-abi=hard 
-nostartfiles -g -Wall -Wextra -fno-tree-loop-distribute-patterns"

Running Make libs in ps7_cortexa9_0/libsrc/qspips_v3_10/src

make -C ps7_cortexa9_0/libsrc/qspips_v3_10/src -s libs  "SHELL=/bin/sh" "COMPILER=arm-none-eabi-gcc" "ASSEMBLER=arm-none-eabi-a
s" "ARCHIVER=arm-none-eabi-ar" "COMPILER_FLAGS=  -O2 -c" "EXTRA_COMPILER_FLAGS=-mcpu=cortex-a9 -mfpu=vfpv3 -mfloat-abi=hard -no
startfiles -g -Wall -Wextra -fno-tree-loop-distribute-patterns"

Running Make libs in ps7_cortexa9_0/libsrc/ttcps_v3_16/src

make -C ps7_cortexa9_0/libsrc/ttcps_v3_16/src -s libs  "SHELL=/bin/sh" "COMPILER=arm-none-eabi-gcc" "ASSEMBLER=arm-none-eabi-as
" "ARCHIVER=arm-none-eabi-ar" "COMPILER_FLAGS=  -O2 -c" "EXTRA_COMPILER_FLAGS=-mcpu=cortex-a9 -mfpu=vfpv3 -mfloat-abi=hard -nos
tartfiles -g -Wall -Wextra -fno-tree-loop-distribute-patterns"

Running Make libs in ps7_cortexa9_0/libsrc/gpiops_v3_10/src

make -C ps7_cortexa9_0/libsrc/gpiops_v3_10/src -s libs  "SHELL=/bin/sh" "COMPILER=arm-none-eabi-gcc" "ASSEMBLER=arm-none-eabi-a
s" "ARCHIVER=arm-none-eabi-ar" "COMPILER_FLAGS=  -O2 -c" "EXTRA_COMPILER_FLAGS=-mcpu=cortex-a9 -mfpu=vfpv3 -mfloat-abi=hard -no
startfiles -g -Wall -Wextra -fno-tree-loop-distribute-patterns"

Running Make libs in ps7_cortexa9_0/libsrc/scuwdt_v2_4/src

make -C ps7_cortexa9_0/libsrc/scuwdt_v2_4/src -s libs  "SHELL=/bin/sh" "COMPILER=arm-none-eabi-gcc" "ASSEMBLER=arm-none-eabi-as
" "ARCHIVER=arm-none-eabi-ar" "COMPILER_FLAGS=  -O2 -c" "EXTRA_COMPILER_FLAGS=-mcpu=cortex-a9 -mfpu=vfpv3 -mfloat-abi=hard -nos
tartfiles -g -Wall -Wextra -fno-tree-loop-distribute-patterns"

Running Make libs in ps7_cortexa9_0/libsrc/devcfg_v3_7/src

make -C ps7_cortexa9_0/libsrc/devcfg_v3_7/src -s libs  "SHELL=/bin/sh" "COMPILER=arm-none-eabi-gcc" "ASSEMBLER=arm-none-eabi-as
" "ARCHIVER=arm-none-eabi-ar" "COMPILER_FLAGS=  -O2 -c" "EXTRA_COMPILER_FLAGS=-mcpu=cortex-a9 -mfpu=vfpv3 -mfloat-abi=hard -nos
tartfiles -g -Wall -Wextra -fno-tree-loop-distribute-patterns"

Running Make libs in ps7_cortexa9_0/libsrc/scugic_v5_0/src

Running Make libs in ps7_cortexa9_0/libsrc/uartps_v3_11/src

make -C ps7_cortexa9_0/libsrc/scugic_v5_0/src -s libs  "SHELL=/bin/sh" "COMPILER=arm-none-eabi-gcc" "ASSEMBLER=arm-none-eabi-as
" "ARCHIVER=arm-none-eabi-ar" "COMPILER_FLAGS=  -O2 -c" "EXTRA_COMPILER_FLAGS=-mcpu=cortex-a9 -mfpu=vfpv3 -mfloat-abi=hard -nos
tartfiles -g -Wall -Wextra -fno-tree-loop-distribute-patterns"

make -C ps7_cortexa9_0/libsrc/uartps_v3_11/src -s libs  "SHELL=/bin/sh" "COMPILER=arm-none-eabi-gcc" "ASSEMBLER=arm-none-eabi-a
s" "ARCHIVER=arm-none-eabi-ar" "COMPILER_FLAGS=  -O2 -c" "EXTRA_COMPILER_FLAGS=-mcpu=cortex-a9 -mfpu=vfpv3 -mfloat-abi=hard -no
startfiles -g -Wall -Wextra -fno-tree-loop-distribute-patterns"

Running Make libs in ps7_cortexa9_0/libsrc/scutimer_v2_4/src

make -C ps7_cortexa9_0/libsrc/scutimer_v2_4/src -s libs  "SHELL=/bin/sh" "COMPILER=arm-none-eabi-gcc" "ASSEMBLER=arm-none-eabi-
as" "ARCHIVER=arm-none-eabi-ar" "COMPILER_FLAGS=  -O2 -c" "EXTRA_COMPILER_FLAGS=-mcpu=cortex-a9 -mfpu=vfpv3 -mfloat-abi=hard -n
ostartfiles -g -Wall -Wextra -fno-tree-loop-distribute-patterns"

Running Make libs in ps7_cortexa9_0/libsrc/emacps_v3_17/src

make -C ps7_cortexa9_0/libsrc/emacps_v3_17/src -s libs  "SHELL=/bin/sh" "COMPILER=arm-none-eabi-gcc" "ASSEMBLER=arm-none-eabi-a
s" "ARCHIVER=arm-none-eabi-ar" "COMPILER_FLAGS=  -O2 -c" "EXTRA_COMPILER_FLAGS=-mcpu=cortex-a9 -mfpu=vfpv3 -mfloat-abi=hard -no
startfiles -g -Wall -Wextra -fno-tree-loop-distribute-patterns"

Running Make libs in ps7_cortexa9_0/libsrc/usbps_v2_7/src

make -C ps7_cortexa9_0/libsrc/usbps_v2_7/src -s libs  "SHELL=/bin/sh" "COMPILER=arm-none-eabi-gcc" "ASSEMBLER=arm-none-eabi-as"
 "ARCHIVER=arm-none-eabi-ar" "COMPILER_FLAGS=  -O2 -c" "EXTRA_COMPILER_FLAGS=-mcpu=cortex-a9 -mfpu=vfpv3 -mfloat-abi=hard -nost
artfiles -g -Wall -Wextra -fno-tree-loop-distribute-patterns"

Running Make libs in ps7_cortexa9_0/libsrc/coresightps_dcc_v1_8/src

make -C ps7_cortexa9_0/libsrc/coresightps_dcc_v1_8/src -s libs  "SHELL=/bin/sh" "COMPILER=arm-none-eabi-gcc" "ASSEMBLER=arm-non
e-eabi-as" "ARCHIVER=arm-none-eabi-ar" "COMPILER_FLAGS=  -O2 -c" "EXTRA_COMPILER_FLAGS=-mcpu=cortex-a9 -mfpu=vfpv3 -mfloat-abi=
hard -nostartfiles -g -Wall -Wextra -fno-tree-loop-distribute-patterns"

Running Make libs in ps7_cortexa9_0/libsrc/ddrps_v1_2/src

make -C ps7_cortexa9_0/libsrc/ddrps_v1_2/src -s libs  "SHELL=/bin/sh" "COMPILER=arm-none-eabi-gcc" "ASSEMBLER=arm-none-eabi-as"
 "ARCHIVER=arm-none-eabi-ar" "COMPILER_FLAGS=  -O2 -c" "EXTRA_COMPILER_FLAGS=-mcpu=cortex-a9 -mfpu=vfpv3 -mfloat-abi=hard -nost
artfiles -g -Wall -Wextra -fno-tree-loop-distribute-patterns"

Running Make libs in ps7_cortexa9_0/libsrc/xadcps_v2_6/src

make -C ps7_cortexa9_0/libsrc/xadcps_v2_6/src -s libs  "SHELL=/bin/sh" "COMPILER=arm-none-eabi-gcc" "ASSEMBLER=arm-none-eabi-as
" "ARCHIVER=arm-none-eabi-ar" "COMPILER_FLAGS=  -O2 -c" "EXTRA_COMPILER_FLAGS=-mcpu=cortex-a9 -mfpu=vfpv3 -mfloat-abi=hard -nos
tartfiles -g -Wall -Wextra -fno-tree-loop-distribute-patterns"

Running Make libs in ps7_cortexa9_0/libsrc/cpu_cortexa9_v2_11/src

make -C ps7_cortexa9_0/libsrc/cpu_cortexa9_v2_11/src -s libs  "SHELL=/bin/sh" "COMPILER=arm-none-eabi-gcc" "ASSEMBLER=arm-none-
eabi-as" "ARCHIVER=arm-none-eabi-ar" "COMPILER_FLAGS=  -O2 -c" "EXTRA_COMPILER_FLAGS=-mcpu=cortex-a9 -mfpu=vfpv3 -mfloat-abi=ha
rd -nostartfiles -g -Wall -Wextra -fno-tree-loop-distribute-patterns"

Running Make libs in ps7_cortexa9_0/libsrc/dmaps_v2_8/src

make -C ps7_cortexa9_0/libsrc/dmaps_v2_8/src -s libs  "SHELL=/bin/sh" "COMPILER=arm-none-eabi-gcc" "ASSEMBLER=arm-none-eabi-as"
 "ARCHIVER=arm-none-eabi-ar" "COMPILER_FLAGS=  -O2 -c" "EXTRA_COMPILER_FLAGS=-mcpu=cortex-a9 -mfpu=vfpv3 -mfloat-abi=hard -nost
artfiles -g -Wall -Wextra -fno-tree-loop-distribute-patterns"

Running Make libs in ps7_cortexa9_0/libsrc/xilffs_v4_8/src

make -C ps7_cortexa9_0/libsrc/xilffs_v4_8/src -s libs  "SHELL=/bin/sh" "COMPILER=arm-none-eabi-gcc" "ASSEMBLER=arm-none-eabi-as
" "ARCHIVER=arm-none-eabi-ar" "COMPILER_FLAGS=  -O2 -c" "EXTRA_COMPILER_FLAGS=-mcpu=cortex-a9 -mfpu=vfpv3 -mfloat-abi=hard -nos
tartfiles -g -Wall -Wextra -fno-tree-loop-distribute-patterns"

Running Make libs in ps7_cortexa9_0/libsrc/sdps_v4_0/src

make -C ps7_cortexa9_0/libsrc/sdps_v4_0/src -s libs  "SHELL=/bin/sh" "COMPILER=arm-none-eabi-gcc" "ASSEMBLER=arm-none-eabi-as" 
"ARCHIVER=arm-none-eabi-ar" "COMPILER_FLAGS=  -O2 -c" "EXTRA_COMPILER_FLAGS=-mcpu=cortex-a9 -mfpu=vfpv3 -mfloat-abi=hard -nosta
rtfiles -g -Wall -Wextra -fno-tree-loop-distribute-patterns"

Finished building libraries parallelly.

make --no-print-directory archive

arm-none-eabi-ar -r  ps7_cortexa9_0/lib/libxil.a ps7_cortexa9_0/lib/_exit.o ps7_cortexa9_0/lib/_open.o ps7_cortexa9_0/lib/_sbrk
.o ps7_cortexa9_0/lib/abort.o ps7_cortexa9_0/lib/asm_vectors.o ps7_cortexa9_0/lib/boot.o ps7_cortexa9_0/lib/close.o ps7_cortexa
9_0/lib/cpputest_time.o ps7_cortexa9_0/lib/cpu_init.o ps7_cortexa9_0/lib/errno.o ps7_cortexa9_0/lib/fcntl.o ps7_cortexa9_0/lib/
fstat.o ps7_cortexa9_0/lib/getpid.o ps7_cortexa9_0/lib/inbyte.o ps7_cortexa9_0/lib/isatty.o ps7_cortexa9_0/lib/kill.o ps7_corte
xa9_0/lib/lseek.o ps7_cortexa9_0/lib/open.o ps7_cortexa9_0/lib/outbyte.o ps7_cortexa9_0/lib/print.o ps7_cortexa9_0/lib/putnum.o
 ps7_cortexa9_0/lib/read.o ps7_cortexa9_0/lib/sbrk.o ps7_cortexa9_0/lib/sleep.o ps7_cortexa9_0/lib/time.o ps7_cortexa9_0/lib/tr
anslation_table.o ps7_cortexa9_0/lib/unlink.o ps7_cortexa9_0/lib/usleep.o ps7_cortexa9_0/lib/vectors.o ps7_cortexa9_0/lib/write
.o ps7_cortexa9_0/lib/xadcps.o ps7_cortexa9_0/lib/xadcps_g.o ps7_cortexa9_0/lib/xadcps_intr.o ps7_cortexa9_0/lib/xadcps_selftes
t.o ps7_cortexa9_0/lib/xadcps_sinit.o ps7_cortexa9_0/lib/xcoresightpsdcc.o ps7_cortexa9_0/lib/xdevcfg.o ps7_cortexa9_0/lib/xdev
cfg_g.o ps7_cortexa9_0/lib/xdevcfg_hw.o ps7_cortexa9_0/lib/xdevcfg_intr.o ps7_cortexa9_0/lib/xdevcfg_selftest.o ps7_cortexa9_0/
lib/xdevcfg_sinit.o ps7_cortexa9_0/lib/xdmaps.o ps7_cortexa9_0/lib/xdmaps_g.o ps7_cortexa9_0/lib/xdmaps_hw.o ps7_cortexa9_0/lib
/xdmaps_selftest.o ps7_cortexa9_0/lib/xdmaps_sinit.o ps7_cortexa9_0/lib/xemacps.o ps7_cortexa9_0/lib/xemacps_bdring.o ps7_corte
xa9_0/lib/xemacps_control.o ps7_cortexa9_0/lib/xemacps_g.o ps7_cortexa9_0/lib/xemacps_hw.o ps7_cortexa9_0/lib/xemacps_intr.o ps
7_cortexa9_0/lib/xemacps_sinit.o ps7_cortexa9_0/lib/xgpiops.o ps7_cortexa9_0/lib/xgpiops_g.o ps7_cortexa9_0/lib/xgpiops_hw.o ps
7_cortexa9_0/lib/xgpiops_intr.o ps7_cortexa9_0/lib/xgpiops_selftest.o ps7_cortexa9_0/lib/xgpiops_sinit.o ps7_cortexa9_0/lib/xil
-crt0.o ps7_cortexa9_0/lib/xil_assert.o ps7_cortexa9_0/lib/xil_cache.o ps7_cortexa9_0/lib/xil_clocking.o ps7_cortexa9_0/lib/xil
_exception.o ps7_cortexa9_0/lib/xil_mem.o ps7_cortexa9_0/lib/xil_misc_psreset_api.o ps7_cortexa9_0/lib/xil_mmu.o ps7_cortexa9_0
/lib/xil_printf.o ps7_cortexa9_0/lib/xil_sleepcommon.o ps7_cortexa9_0/lib/xil_sleeptimer.o ps7_cortexa9_0/lib/xil_spinlock.o ps
7_cortexa9_0/lib/xil_testcache.o ps7_cortexa9_0/lib/xil_testio.o ps7_cortexa9_0/lib/xil_testmem.o ps7_cortexa9_0/lib/xil_util.o
 ps7_cortexa9_0/lib/xinterrupt_wrap.o ps7_cortexa9_0/lib/xl2cc_counter.o ps7_cortexa9_0/lib/xplatform_info.o ps7_cortexa9_0/lib
/xpm_counter.o ps7_cortexa9_0/lib/xqspips.o ps7_cortexa9_0/lib/xqspips_g.o ps7_cortexa9_0/lib/xqspips_hw.o ps7_cortexa9_0/lib/x
qspips_options.o ps7_cortexa9_0/lib/xqspips_selftest.o ps7_cortexa9_0/lib/xqspips_sinit.o ps7_cortexa9_0/lib/xscugic.o ps7_cort
exa9_0/lib/xscugic_g.o ps7_cortexa9_0/lib/xscugic_hw.o ps7_cortexa9_0/lib/xscugic_intr.o ps7_cortexa9_0/lib/xscugic_selftest.o 
ps7_cortexa9_0/lib/xscugic_sinit.o ps7_cortexa9_0/lib/xscutimer.o ps7_cortexa9_0/lib/xscutimer_g.o ps7_cortexa9_0/lib/xscutimer
_selftest.o ps7_cortexa9_0/lib/xscutimer_sinit.o ps7_cortexa9_0/lib/xscuwdt.o ps7_cortexa9_0/lib/xscuwdt_g.o ps7_cortexa9_0/lib
/xscuwdt_selftest.o ps7_cortexa9_0/lib/xscuwdt_sinit.o ps7_cortexa9_0/lib/xsdps.o ps7_cortexa9_0/lib/xsdps_card.o ps7_cortexa9_
0/lib/xsdps_g.o ps7_cortexa9_0/lib/xsdps_host.o ps7_cortexa9_0/lib/xsdps_options.o ps7_cortexa9_0/lib/xsdps_sinit.o ps7_cortexa
9_0/lib/xtime_l.o ps7_cortexa9_0/lib/xttcps.o ps7_cortexa9_0/lib/xttcps_g.o ps7_cortexa9_0/lib/xttcps_options.o ps7_cortexa9_0/
lib/xttcps_selftest.o ps7_cortexa9_0/lib/xttcps_sinit.o ps7_cortexa9_0/lib/xuartps.o ps7_cortexa9_0/lib/xuartps_g.o ps7_cortexa
9_0/lib/xuartps_hw.o ps7_cortexa9_0/lib/xuartps_intr.o ps7_cortexa9_0/lib/xuartps_options.o ps7_cortexa9_0/lib/xuartps_selftest
.o ps7_cortexa9_0/lib/xuartps_sinit.o ps7_cortexa9_0/lib/xusbps.o ps7_cortexa9_0/lib/xusbps_endpoint.o ps7_cortexa9_0/lib/xusbp
s_g.o ps7_cortexa9_0/lib/xusbps_hw.o ps7_cortexa9_0/lib/xusbps_intr.o ps7_cortexa9_0/lib/xusbps_sinit.o

Finished building libraries


18:21:35 Build Finished (took 9s.854ms)

18:21:39 **** Build of configuration Debug for project tfg_zedboard_fsbl ****
make all 
make --no-print-directory pre-build
a9-linaro-pre-build-step
 
make --no-print-directory main-build
Building file: ../src/fsbl_handoff.S
Invoking: ARM v7 gcc compiler
arm-none-eabi-gcc -Wall -O0 -g3 -c -fmessage-length=0 -MT"src/fsbl_handoff.o" -mcpu=cortex-a9 -mfpu=vfpv3 -mfloat-abi=hard -I/home/javier/tfg/tfg_zedboard/sw/vitis/workspace/tfg_zedboard_platform/export/tfg_zedboard_platform/sw/tfg_zedboard_platform/standalone_domain/bspinclude/include -MMD -MP -MF"src/fsbl_handoff.d" -MT"src/fsbl_handoff.o" -o "src/fsbl_handoff.o" "../src/fsbl_handoff.S"
Finished building: ../src/fsbl_handoff.S
 
Building file: ../src/fsbl_hooks.c
Invoking: ARM v7 gcc compiler
arm-none-eabi-gcc -Wall -O0 -g3 -c -fmessage-length=0 -MT"src/fsbl_hooks.o" -mcpu=cortex-a9 -mfpu=vfpv3 -mfloat-abi=hard -I/home/javier/tfg/tfg_zedboard/sw/vitis/workspace/tfg_zedboard_platform/export/tfg_zedboard_platform/sw/tfg_zedboard_platform/standalone_domain/bspinclude/include -MMD -MP -MF"src/fsbl_hooks.d" -MT"src/fsbl_hooks.o" -o "src/fsbl_hooks.o" "../src/fsbl_hooks.c"
Finished building: ../src/fsbl_hooks.c
 
Building file: ../src/image_mover.c
Invoking: ARM v7 gcc compiler
arm-none-eabi-gcc -Wall -O0 -g3 -c -fmessage-length=0 -MT"src/image_mover.o" -mcpu=cortex-a9 -mfpu=vfpv3 -mfloat-abi=hard -I/home/javier/tfg/tfg_zedboard/sw/vitis/workspace/tfg_zedboard_platform/export/tfg_zedboard_platform/sw/tfg_zedboard_platform/standalone_domain/bspinclude/include -MMD -MP -MF"src/image_mover.d" -MT"src/image_mover.o" -o "src/image_mover.o" "../src/image_mover.c"
Finished building: ../src/image_mover.c
 
Building file: ../src/main.c
Invoking: ARM v7 gcc compiler
arm-none-eabi-gcc -Wall -O0 -g3 -c -fmessage-length=0 -MT"src/main.o" -mcpu=cortex-a9 -mfpu=vfpv3 -mfloat-abi=hard -I/home/javier/tfg/tfg_zedboard/sw/vitis/workspace/tfg_zedboard_platform/export/tfg_zedboard_platform/sw/tfg_zedboard_platform/standalone_domain/bspinclude/include -MMD -MP -MF"src/main.d" -MT"src/main.o" -o "src/main.o" "../src/main.c"
Finished building: ../src/main.c
 
Building file: ../src/md5.c
Invoking: ARM v7 gcc compiler
arm-none-eabi-gcc -Wall -O0 -g3 -c -fmessage-length=0 -MT"src/md5.o" -mcpu=cortex-a9 -mfpu=vfpv3 -mfloat-abi=hard -I/home/javier/tfg/tfg_zedboard/sw/vitis/workspace/tfg_zedboard_platform/export/tfg_zedboard_platform/sw/tfg_zedboard_platform/standalone_domain/bspinclude/include -MMD -MP -MF"src/md5.d" -MT"src/md5.o" -o "src/md5.o" "../src/md5.c"
Finished building: ../src/md5.c
 
Building file: ../src/nand.c
Invoking: ARM v7 gcc compiler
arm-none-eabi-gcc -Wall -O0 -g3 -c -fmessage-length=0 -MT"src/nand.o" -mcpu=cortex-a9 -mfpu=vfpv3 -mfloat-abi=hard -I/home/javier/tfg/tfg_zedboard/sw/vitis/workspace/tfg_zedboard_platform/export/tfg_zedboard_platform/sw/tfg_zedboard_platform/standalone_domain/bspinclude/include -MMD -MP -MF"src/nand.d" -MT"src/nand.o" -o "src/nand.o" "../src/nand.c"
Finished building: ../src/nand.c
 
Building file: ../src/nor.c
Invoking: ARM v7 gcc compiler
arm-none-eabi-gcc -Wall -O0 -g3 -c -fmessage-length=0 -MT"src/nor.o" -mcpu=cortex-a9 -mfpu=vfpv3 -mfloat-abi=hard -I/home/javier/tfg/tfg_zedboard/sw/vitis/workspace/tfg_zedboard_platform/export/tfg_zedboard_platform/sw/tfg_zedboard_platform/standalone_domain/bspinclude/include -MMD -MP -MF"src/nor.d" -MT"src/nor.o" -o "src/nor.o" "../src/nor.c"
Finished building: ../src/nor.c
 
Building file: ../src/pcap.c
Invoking: ARM v7 gcc compiler
arm-none-eabi-gcc -Wall -O0 -g3 -c -fmessage-length=0 -MT"src/pcap.o" -mcpu=cortex-a9 -mfpu=vfpv3 -mfloat-abi=hard -I/home/javier/tfg/tfg_zedboard/sw/vitis/workspace/tfg_zedboard_platform/export/tfg_zedboard_platform/sw/tfg_zedboard_platform/standalone_domain/bspinclude/include -MMD -MP -MF"src/pcap.d" -MT"src/pcap.o" -o "src/pcap.o" "../src/pcap.c"
Finished building: ../src/pcap.c
 
Building file: ../src/ps7_init.c
Invoking: ARM v7 gcc compiler
arm-none-eabi-gcc -Wall -O0 -g3 -c -fmessage-length=0 -MT"src/ps7_init.o" -mcpu=cortex-a9 -mfpu=vfpv3 -mfloat-abi=hard -I/home/javier/tfg/tfg_zedboard/sw/vitis/workspace/tfg_zedboard_platform/export/tfg_zedboard_platform/sw/tfg_zedboard_platform/standalone_domain/bspinclude/include -MMD -MP -MF"src/ps7_init.d" -MT"src/ps7_init.o" -o "src/ps7_init.o" "../src/ps7_init.c"
Finished building: ../src/ps7_init.c
 
Building file: ../src/qspi.c
Invoking: ARM v7 gcc compiler
arm-none-eabi-gcc -Wall -O0 -g3 -c -fmessage-length=0 -MT"src/qspi.o" -mcpu=cortex-a9 -mfpu=vfpv3 -mfloat-abi=hard -I/home/javier/tfg/tfg_zedboard/sw/vitis/workspace/tfg_zedboard_platform/export/tfg_zedboard_platform/sw/tfg_zedboard_platform/standalone_domain/bspinclude/include -MMD -MP -MF"src/qspi.d" -MT"src/qspi.o" -o "src/qspi.o" "../src/qspi.c"
Finished building: ../src/qspi.c
 
Building file: ../src/rsa.c
Invoking: ARM v7 gcc compiler
arm-none-eabi-gcc -Wall -O0 -g3 -c -fmessage-length=0 -MT"src/rsa.o" -mcpu=cortex-a9 -mfpu=vfpv3 -mfloat-abi=hard -I/home/javier/tfg/tfg_zedboard/sw/vitis/workspace/tfg_zedboard_platform/export/tfg_zedboard_platform/sw/tfg_zedboard_platform/standalone_domain/bspinclude/include -MMD -MP -MF"src/rsa.d" -MT"src/rsa.o" -o "src/rsa.o" "../src/rsa.c"
Finished building: ../src/rsa.c
 
Building file: ../src/sd.c
Invoking: ARM v7 gcc compiler
arm-none-eabi-gcc -Wall -O0 -g3 -c -fmessage-length=0 -MT"src/sd.o" -mcpu=cortex-a9 -mfpu=vfpv3 -mfloat-abi=hard -I/home/javier/tfg/tfg_zedboard/sw/vitis/workspace/tfg_zedboard_platform/export/tfg_zedboard_platform/sw/tfg_zedboard_platform/standalone_domain/bspinclude/include -MMD -MP -MF"src/sd.d" -MT"src/sd.o" -o "src/sd.o" "../src/sd.c"
Finished building: ../src/sd.c
 
Building target: tfg_zedboard_fsbl.elf
Invoking: ARM v7 gcc linker
arm-none-eabi-gcc -mcpu=cortex-a9 -mfpu=vfpv3 -mfloat-abi=hard -Wl,-build-id=none -specs=Xilinx.spec -Wl,-T -Wl,../src/lscript.ld -L/home/javier/tfg/tfg_zedboard/sw/vitis/workspace/tfg_zedboard_platform/export/tfg_zedboard_platform/sw/tfg_zedboard_platform/standalone_domain/bsplib/lib -o "tfg_zedboard_fsbl.elf"  ./src/fsbl_handoff.o ./src/fsbl_hooks.o ./src/image_mover.o ./src/main.o ./src/md5.o ./src/nand.o ./src/nor.o ./src/pcap.o ./src/ps7_init.o ./src/qspi.o ./src/rsa.o ./src/sd.o   -Wl,--start-group,-lxil,-lgcc,-lc,--end-group -Wl,--start-group,-lxilffs,-lxil,-lgcc,-lc,--end-group
Finished building target: tfg_zedboard_fsbl.elf
 
Invoking: ARM v7 Print Size
arm-none-eabi-size tfg_zedboard_fsbl.elf  |tee "tfg_zedboard_fsbl.elf.size"
   text	   data	    bss	    dec	    hex	filename
  85532	  11288	  75480	 172300	  2a10c	tfg_zedboard_fsbl.elf
Finished building: tfg_zedboard_fsbl.elf.size
 

18:21:44 Build Finished (took 4s.636ms)



Finished building projects
FSBL copiado en: /home/javier/tfg/tfg_zedboard/artifacts/boot/fsbl.elf
